{"textures":{"texture":"items/clownfish"},"elements":[{"from":[0.125,7.75,7.375],"to":[0.625,10,8.625],"faces":{"north":{"uv":[0.25,5.375,0,6.5],"texture":"#texture"},"east":{"uv":[0.625,9.375,0,10.5],"texture":"#texture"},"south":{"uv":[0.25,5.375,0.5,6.5],"texture":"#texture"},"west":{"uv":[0.625,9.375,1.25,10.5],"texture":"#texture"},"up":{"uv":[1.9375,8.25,2.1875,7.625],"texture":"#texture"},"down":{"uv":[0.5,0.3125,0.75,0.9375],"texture":"#texture"}}},{"from":[0.125,10,7.5],"to":[1.125,10.125,8.5],"faces":{"north":{"uv":[16,12.5625,15.5,12.625],"texture":"#texture"},"east":{"uv":[2,1.6875,1.5,1.75],"texture":"#texture"},"south":{"uv":[15.5,15.0625,16,15.125],"texture":"#texture"},"west":{"uv":[1,1.6875,1.5,1.75],"texture":"#texture"},"up":{"uv":[1.0625,6.5,1.5625,6],"texture":"#texture"},"down":{"uv":[0.5,5.5,1,6],"texture":"#texture"}}},{"from":[0.625,7.75,7.5],"to":[0.75,10,8.5],"faces":{"north":{"uv":[2.3125,7.4375,2.25,8.5625],"texture":"#texture"},"east":{"uv":[1.75,9.375,1.25,10.5],"texture":"#texture"},"south":{"uv":[2.1875,7.4375,2.25,8.5625],"texture":"#texture"},"west":{"uv":[0,8.25,0.5,9.375],"texture":"#texture"},"up":{"uv":[2.125,7.375,2.1875,6.875],"texture":"#texture"},"down":{"uv":[2.0625,6.875,2.125,7.375],"texture":"#texture"}}},{"from":[0.625,9,7.375],"to":[1.125,10,7.5],"faces":{"north":{"uv":[3.4375,10.6875,3.1875,11.1875],"texture":"#texture"},"east":{"uv":[2.125,6,2.0625,6.5],"texture":"#texture"},"south":{"uv":[2.9375,10.6875,3.1875,11.1875],"texture":"#texture"},"west":{"uv":[1,5.5,1.0625,6],"texture":"#texture"},"up":{"uv":[15.75,11.875,16,11.8125],"texture":"#texture"},"down":{"uv":[1.9375,1,2.1875,1.0625],"texture":"#texture"}}},{"from":[0.625,9,8.5],"to":[1.125,10,8.625],"faces":{"north":{"uv":[2.9375,10.6875,2.6875,11.1875],"texture":"#texture"},"east":{"uv":[2.125,5.5,2.0625,6],"texture":"#texture"},"south":{"uv":[2.4375,10.6875,2.6875,11.1875],"texture":"#texture"},"west":{"uv":[2.125,6,2.1875,6.5],"texture":"#texture"},"up":{"uv":[4,9.8125,4.25,9.75],"texture":"#texture"},"down":{"uv":[4,9.8125,4.25,9.875],"texture":"#texture"}}},{"from":[0.75,9,7.5],"to":[1.25,10,8.5],"faces":{"north":{"uv":[2.0625,0.1875,1.8125,0.6875],"texture":"#texture"},"east":{"uv":[1.5625,5.5,1.0625,6],"texture":"#texture"},"south":{"uv":[1.5625,0.1875,1.8125,0.6875],"texture":"#texture"},"west":{"uv":[0.5,4.375,1,4.875],"texture":"#texture"},"up":{"uv":[2.1875,11.1875,2.4375,10.6875],"texture":"#texture"},"down":{"uv":[3.9375,10.6875,4.1875,11.1875],"texture":"#texture"}}},{"from":[1.25,9.25,7.625],"to":[15.875,9.75,8.375],"faces":{"north":{"uv":[14.625,14.8125,7.3125,15.0625],"texture":"#texture"},"east":{"uv":[2.5625,8.75,2.1875,9],"texture":"#texture"},"south":{"uv":[0,14.8125,7.3125,15.0625],"texture":"#texture"},"west":{"uv":[2.5625,8.75,2.9375,9],"texture":"#texture"},"up":{"uv":[7.3125,16,14.625,15.625],"texture":"#texture"},"down":{"uv":[0,15.625,7.3125,16],"texture":"#texture"}}},{"from":[1.25,9.75,7.75],"to":[15.875,9.875,8.25],"faces":{"north":{"uv":[14.6875,15.0625,7.375,15.125],"texture":"#texture"},"east":{"uv":[4.25,9.625,4,9.6875],"texture":"#texture"},"south":{"uv":[2.1875,12.5625,9.5,12.625],"texture":"#texture"},"west":{"uv":[4,9.6875,4.25,9.75],"texture":"#texture"},"up":{"uv":[7.375,15.625,14.6875,15.375],"texture":"#texture"},"down":{"uv":[7.375,15.125,14.6875,15.375],"texture":"#texture"}}},{"from":[4.375,8.5,7.5],"to":[11.75,9.625,7.625],"faces":{"north":{"uv":[7.375,15.0625,3.6875,15.625],"texture":"#texture"},"east":{"uv":[3.5625,6.75,3.5,7.3125],"texture":"#texture"},"south":{"uv":[0,15.0625,3.6875,15.625],"texture":"#texture"},"west":{"uv":[3.4375,6.75,3.5,7.3125],"texture":"#texture"},"up":{"uv":[12,12.3125,15.6875,12.25],"texture":"#texture"},"down":{"uv":[7.375,14,11.0625,14.0625],"texture":"#texture"}}},{"from":[4.375,8.5,7.625],"to":[11.75,9.25,8.5],"faces":{"north":{"uv":[12.9375,14.4375,9.25,14.8125],"texture":"#texture"},"east":{"uv":[1.8125,1.3125,1.375,1.6875],"texture":"#texture"},"south":{"uv":[7.375,14.0625,11.0625,14.4375],"texture":"#texture"},"west":{"uv":[0.9375,1.3125,1.375,1.6875],"texture":"#texture"},"up":{"uv":[3.6875,14.4375,7.375,14],"texture":"#texture"},"down":{"uv":[0,14,3.6875,14.4375],"texture":"#texture"}}},{"from":[4.375,9.25,8.375],"to":[14.875,9.625,8.5],"faces":{"north":{"uv":[14.5,13.5625,9.25,13.75],"texture":"#texture"},"east":{"uv":[15.4375,15.0625,15.375,15.25],"texture":"#texture"},"south":{"uv":[0,13.3125,5.25,13.5],"texture":"#texture"},"west":{"uv":[15.3125,15.0625,15.375,15.25],"texture":"#texture"},"up":{"uv":[2.1875,12.4375,7.4375,12.375],"texture":"#texture"},"down":{"uv":[7.4375,12.4375,12.6875,12.5],"texture":"#texture"}}},{"from":[4.5,8.5,7.375],"to":[5.625,9.75,7.5],"faces":{"north":{"uv":[2.1875,8.375,1.625,9],"texture":"#texture"},"east":{"uv":[3.4375,6.6875,3.375,7.3125],"texture":"#texture"},"south":{"uv":[1.0625,8.375,1.625,9],"texture":"#texture"},"west":{"uv":[0.875,0.3125,0.9375,0.9375],"texture":"#texture"},"up":{"uv":[15.375,12.125,15.9375,12.0625],"texture":"#texture"},"down":{"uv":[3.6875,7.3125,4.25,7.375],"texture":"#texture"}}},{"from":[4.5,8.5,8.5],"to":[5.625,9.75,8.625],"faces":{"north":{"uv":[1.0625,8.375,0.5,9],"texture":"#texture"},"east":{"uv":[0.875,0.3125,0.8125,0.9375],"texture":"#texture"},"south":{"uv":[1,7.625,1.5625,8.25],"texture":"#texture"},"west":{"uv":[0.75,0.3125,0.8125,0.9375],"texture":"#texture"},"up":{"uv":[3.5625,7.1875,4.125,7.125],"texture":"#texture"},"down":{"uv":[3.5625,7.1875,4.125,7.25],"texture":"#texture"}}},{"from":[4.5,9.625,7.5],"to":[14.875,10,7.625],"faces":{"north":{"uv":[10.4375,13.3125,5.25,13.5],"texture":"#texture"},"east":{"uv":[15.5625,14,15.5,14.1875],"texture":"#texture"},"south":{"uv":[5.1875,13.125,10.375,13.3125],"texture":"#texture"},"west":{"uv":[15.4375,15.0625,15.5,15.25],"texture":"#texture"},"up":{"uv":[7.375,12.375,12.5625,12.3125],"texture":"#texture"},"down":{"uv":[2.1875,12.25,7.375,12.3125],"texture":"#texture"}}},{"from":[4.5,9.625,8.375],"to":[14.875,10,8.5],"faces":{"north":{"uv":[15.625,13.3125,10.4375,13.5],"texture":"#texture"},"east":{"uv":[15.6875,14,15.625,14.1875],"texture":"#texture"},"south":{"uv":[0,13.125,5.1875,13.3125],"texture":"#texture"},"west":{"uv":[15.5625,14,15.625,14.1875],"texture":"#texture"},"up":{"uv":[2.1875,12.375,7.375,12.3125],"texture":"#texture"},"down":{"uv":[7.4375,12.375,12.625,12.4375],"texture":"#texture"}}},{"from":[4.5,9.75,7.625],"to":[15,10,7.75],"faces":{"north":{"uv":[15.625,13.1875,10.375,13.3125],"texture":"#texture"},"east":{"uv":[3.75,4.6875,3.6875,4.8125],"texture":"#texture"},"south":{"uv":[2.1875,12.875,7.4375,13],"texture":"#texture"},"west":{"uv":[3.6875,4.8125,3.75,4.9375],"texture":"#texture"},"up":{"uv":[9.5,12.625,14.75,12.5625],"texture":"#texture"},"down":{"uv":[10.375,13.125,15.625,13.1875],"texture":"#texture"}}},{"from":[4.5,9.75,8.25],"to":[15,10,8.375],"faces":{"north":{"uv":[12.6875,13,7.4375,13.125],"texture":"#texture"},"east":{"uv":[3.8125,4.6875,3.75,4.8125],"texture":"#texture"},"south":{"uv":[2.1875,13,7.4375,13.125],"texture":"#texture"},"west":{"uv":[3.75,4.8125,3.8125,4.9375],"texture":"#texture"},"up":{"uv":[7.4375,12.5625,12.6875,12.5],"texture":"#texture"},"down":{"uv":[2.1875,12.5,7.4375,12.5625],"texture":"#texture"}}},{"from":[4.5,9.875,7.75],"to":[15,10,8.25],"faces":{"north":{"uv":[14.5,13.5,9.25,13.5625],"texture":"#texture"},"east":{"uv":[3.9375,5.125,3.6875,5.1875],"texture":"#texture"},"south":{"uv":[2.1875,12.4375,7.4375,12.5],"texture":"#texture"},"west":{"uv":[3.6875,5.1875,3.9375,5.25],"texture":"#texture"},"up":{"uv":[5.25,14,10.5,13.75],"texture":"#texture"},"down":{"uv":[0,13.75,5.25,14],"texture":"#texture"}}},{"from":[4.625,9.75,7.375],"to":[5.625,10,7.5],"faces":{"north":{"uv":[3.1875,7.9375,2.6875,8.0625],"texture":"#texture"},"east":{"uv":[3.9375,4.6875,3.875,4.8125],"texture":"#texture"},"south":{"uv":[3.1875,8.3125,3.6875,8.4375],"texture":"#texture"},"west":{"uv":[3.8125,4.8125,3.875,4.9375],"texture":"#texture"},"up":{"uv":[3.5625,6.8125,4.0625,6.75],"texture":"#texture"},"down":{"uv":[3.5625,6.8125,4.0625,6.875],"texture":"#texture"}}},{"from":[4.625,9.75,8.5],"to":[5.625,10,8.625],"faces":{"north":{"uv":[3.1875,8.4375,2.6875,8.5625],"texture":"#texture"},"east":{"uv":[4.0625,4.8125,4,4.9375],"texture":"#texture"},"south":{"uv":[1.0625,5.375,1.5625,5.5],"texture":"#texture"},"west":{"uv":[3.9375,4.8125,4,4.9375],"texture":"#texture"},"up":{"uv":[2.1875,6.5625,2.6875,6.5],"texture":"#texture"},"down":{"uv":[3.5625,6.5625,4.0625,6.625],"texture":"#texture"}}},{"from":[4.625,10,7.5],"to":[5.75,10.25,8.5],"faces":{"north":{"uv":[1.625,8.25,1.0625,8.375],"texture":"#texture"},"east":{"uv":[3.6875,7.8125,3.1875,7.9375],"texture":"#texture"},"south":{"uv":[0.5,8.25,1.0625,8.375],"texture":"#texture"},"west":{"uv":[3.1875,7.6875,3.6875,7.8125],"texture":"#texture"},"up":{"uv":[1.5,7.375,2.0625,6.875],"texture":"#texture"},"down":{"uv":[0.5,6,1.0625,6.5],"texture":"#texture"}}},{"from":[4.75,10,7.375],"to":[5.625,10.375,7.5],"faces":{"north":{"uv":[4.25,9.4375,3.8125,9.625],"texture":"#texture"},"east":{"uv":[4.125,9,4.0625,9.1875],"texture":"#texture"},"south":{"uv":[2.9375,8.8125,3.375,9],"texture":"#texture"},"west":{"uv":[4.1875,9.875,4.25,10.0625],"texture":"#texture"},"up":{"uv":[2.4375,6.3125,2.875,6.25],"texture":"#texture"},"down":{"uv":[2.4375,6.3125,2.875,6.375],"texture":"#texture"}}},{"from":[4.75,10,8.5],"to":[5.625,10.375,8.625],"faces":{"north":{"uv":[3.625,9,3.1875,9.1875],"texture":"#texture"},"east":{"uv":[4.25,9,4.1875,9.1875],"texture":"#texture"},"south":{"uv":[3.625,9,4.0625,9.1875],"texture":"#texture"},"west":{"uv":[4.125,9,4.1875,9.1875],"texture":"#texture"},"up":{"uv":[3.0625,6.0625,3.5,6],"texture":"#texture"},"down":{"uv":[2.875,6.3125,3.3125,6.375],"texture":"#texture"}}},{"from":[4.75,10.25,7.5],"to":[5.75,10.5,8.5],"faces":{"north":{"uv":[4.1875,8.3125,3.6875,8.4375],"texture":"#texture"},"east":{"uv":[3.1875,7.6875,2.6875,7.8125],"texture":"#texture"},"south":{"uv":[3.6875,8.4375,4.1875,8.5625],"texture":"#texture"},"west":{"uv":[3.1875,8.4375,3.6875,8.5625],"texture":"#texture"},"up":{"uv":[1.5625,6,2.0625,5.5],"texture":"#texture"},"down":{"uv":[0,4.375,0.5,4.875],"texture":"#texture"}}},{"from":[4.875,10.375,7.375],"to":[5.625,10.5,7.5],"faces":{"north":{"uv":[4.25,5.9375,3.875,6],"texture":"#texture"},"east":{"uv":[4.25,6.4375,4.1875,6.5],"texture":"#texture"},"south":{"uv":[3.5,5.875,3.875,5.9375],"texture":"#texture"},"west":{"uv":[4.1875,6.75,4.25,6.8125],"texture":"#texture"},"up":{"uv":[3.5,6,3.875,5.9375],"texture":"#texture"},"down":{"uv":[3.125,5.5625,3.5,5.625],"texture":"#texture"}}},{"from":[4.875,10.375,8.5],"to":[5.625,10.5,8.625],"faces":{"north":{"uv":[3.875,5.6875,3.5,5.75],"texture":"#texture"},"east":{"uv":[3.125,5.6875,3.0625,5.75],"texture":"#texture"},"south":{"uv":[3.5,5.625,3.875,5.6875],"texture":"#texture"},"west":{"uv":[3.0625,5.75,3.125,5.8125],"texture":"#texture"},"up":{"uv":[3.5,5.8125,3.875,5.75],"texture":"#texture"},"down":{"uv":[3.5,5.8125,3.875,5.875],"texture":"#texture"}}},{"from":[4.875,10.5,7.5],"to":[5.625,10.625,8.5],"faces":{"north":{"uv":[4.25,5.8125,3.875,5.875],"texture":"#texture"},"east":{"uv":[2.1875,0.6875,1.6875,0.75],"texture":"#texture"},"south":{"uv":[3.875,5.75,4.25,5.8125],"texture":"#texture"},"west":{"uv":[0,0,0.5,0.0625],"texture":"#texture"},"up":{"uv":[0,0.9375,0.375,0.4375],"texture":"#texture"},"down":{"uv":[1.75,4.375,2.125,4.875],"texture":"#texture"}}},{"from":[5.375,6.25,7.625],"to":[6.625,6.625,8.375],"faces":{"north":{"uv":[4.0625,10.0625,3.4375,10.25],"texture":"#texture"},"east":{"uv":[2.5625,8.5625,2.1875,8.75],"texture":"#texture"},"south":{"uv":[2.8125,10.0625,3.4375,10.25],"texture":"#texture"},"west":{"uv":[2.5625,8.5625,2.9375,8.75],"texture":"#texture"},"up":{"uv":[0,3.75,0.625,3.375],"texture":"#texture"},"down":{"uv":[0.625,3.75,1.25,4.125],"texture":"#texture"}}},{"from":[5.5,6.25,7.5],"to":[6.5,6.75,7.625],"faces":{"north":{"uv":[3.9375,10.9375,3.4375,11.1875],"texture":"#texture"},"east":{"uv":[1.5625,7.375,1.5,7.625],"texture":"#texture"},"south":{"uv":[1.6875,0.75,2.1875,1],"texture":"#texture"},"west":{"uv":[2.125,3.125,2.1875,3.375],"texture":"#texture"},"up":{"uv":[2.1875,6.4375,2.6875,6.375],"texture":"#texture"},"down":{"uv":[3.6875,6.4375,4.1875,6.5],"texture":"#texture"}}},{"from":[5.5,6.25,8.375],"to":[6.5,6.75,8.5],"faces":{"north":{"uv":[1.5,7.375,1,7.625],"texture":"#texture"},"east":{"uv":[2.25,4.6875,2.1875,4.9375],"texture":"#texture"},"south":{"uv":[15.375,14.8125,15.875,15.0625],"texture":"#texture"},"west":{"uv":[2.25,4.6875,2.3125,4.9375],"texture":"#texture"},"up":{"uv":[3.1875,6.4375,3.6875,6.375],"texture":"#texture"},"down":{"uv":[2.6875,6.375,3.1875,6.4375],"texture":"#texture"}}},{"from":[5.5,6.625,7.625],"to":[6.75,6.875,8.375],"faces":{"north":{"uv":[2.1875,5.375,1.5625,5.5],"texture":"#texture"},"east":{"uv":[2.1875,2.375,1.8125,2.5],"texture":"#texture"},"south":{"uv":[15.375,12.75,16,12.875],"texture":"#texture"},"west":{"uv":[1.8125,2.5,2.1875,2.625],"texture":"#texture"},"up":{"uv":[0,3.375,0.625,3],"texture":"#texture"},"down":{"uv":[1.25,3.75,1.875,4.125],"texture":"#texture"}}},{"from":[5.625,6.125,7.625],"to":[6.5,6.25,8.375],"faces":{"north":{"uv":[3.75,6.25,3.3125,6.3125],"texture":"#texture"},"east":{"uv":[3.6875,5.5,3.3125,5.5625],"texture":"#texture"},"south":{"uv":[3.75,6.3125,4.1875,6.375],"texture":"#texture"},"west":{"uv":[3.6875,5.375,4.0625,5.4375],"texture":"#texture"},"up":{"uv":[0.5,1.6875,0.9375,1.3125],"texture":"#texture"},"down":{"uv":[0.5,0.9375,0.9375,1.3125],"texture":"#texture"}}},{"from":[5.625,6.75,7.5],"to":[6.625,7,7.625],"faces":{"north":{"uv":[3.6875,7.5625,3.1875,7.6875],"texture":"#texture"},"east":{"uv":[3.625,4.8125,3.5625,4.9375],"texture":"#texture"},"south":{"uv":[2.6875,8.1875,3.1875,8.3125],"texture":"#texture"},"west":{"uv":[3.5625,4.6875,3.625,4.8125],"texture":"#texture"},"up":{"uv":[3.5625,6.6875,4.0625,6.625],"texture":"#texture"},"down":{"uv":[3.5625,6.6875,4.0625,6.75],"texture":"#texture"}}},{"from":[5.625,6.75,8.375],"to":[6.625,7,8.5],"faces":{"north":{"uv":[3.1875,7.5625,2.6875,7.6875],"texture":"#texture"},"east":{"uv":[3.5625,4.8125,3.5,4.9375],"texture":"#texture"},"south":{"uv":[2.6875,7.4375,3.1875,7.5625],"texture":"#texture"},"west":{"uv":[3.5,4.6875,3.5625,4.8125],"texture":"#texture"},"up":{"uv":[2.1875,6.5,2.6875,6.4375],"texture":"#texture"},"down":{"uv":[3.6875,6.5,4.1875,6.5625],"texture":"#texture"}}},{"from":[5.625,6.875,7.625],"to":[6.875,7.25,8.375],"faces":{"north":{"uv":[2.8125,10.0625,2.1875,10.25],"texture":"#texture"},"east":{"uv":[2.6875,8.1875,2.3125,8.375],"texture":"#texture"},"south":{"uv":[14.6875,15.0625,15.3125,15.25],"texture":"#texture"},"west":{"uv":[2.3125,8.375,2.6875,8.5625],"texture":"#texture"},"up":{"uv":[0,3,0.625,2.625],"texture":"#texture"},"down":{"uv":[0.625,3,1.25,3.375],"texture":"#texture"}}},{"from":[5.625,8.375,7.625],"to":[10,8.5,8.375],"faces":{"north":{"uv":[4.375,11.8125,2.1875,11.875],"texture":"#texture"},"east":{"uv":[3.125,5.125,2.75,5.1875],"texture":"#texture"},"south":{"uv":[8.9375,11.875,11.125,11.9375],"texture":"#texture"},"west":{"uv":[2.5625,5.375,2.9375,5.4375],"texture":"#texture"},"up":{"uv":[0,13.125,2.1875,12.75],"texture":"#texture"},"down":{"uv":[12.9375,14.4375,15.125,14.8125],"texture":"#texture"}}},{"from":[5.625,9,7.375],"to":[14.5,9.25,7.5],"faces":{"north":{"uv":[6.625,12.75,2.1875,12.875],"texture":"#texture"},"east":{"uv":[3.5,4.8125,3.4375,4.9375],"texture":"#texture"},"south":{"uv":[11.0625,14.0625,15.5,14.1875],"texture":"#texture"},"west":{"uv":[3.4375,4.6875,3.5,4.8125],"texture":"#texture"},"up":{"uv":[11.0625,14.0625,15.5,14],"texture":"#texture"},"down":{"uv":[6.625,12.0625,11.0625,12.125],"texture":"#texture"}}},{"from":[5.625,9,8.5],"to":[14.5,9.25,8.625],"faces":{"north":{"uv":[11.875,12.875,7.4375,13],"texture":"#texture"},"east":{"uv":[3.4375,4.8125,3.375,4.9375],"texture":"#texture"},"south":{"uv":[6.625,12.75,11.0625,12.875],"texture":"#texture"},"west":{"uv":[3.375,4.6875,3.4375,4.8125],"texture":"#texture"},"up":{"uv":[2.1875,12.125,6.625,12.0625],"texture":"#texture"},"down":{"uv":[7.3125,12.125,11.75,12.1875],"texture":"#texture"}}},{"from":[5.625,9.25,7.375],"to":[5.875,9.75,7.5],"faces":{"north":{"uv":[16,14.8125,15.875,15.0625],"texture":"#texture"},"east":{"uv":[2.6875,6.5625,2.625,6.8125],"texture":"#texture"},"south":{"uv":[2.0625,0.1875,2.1875,0.4375],"texture":"#texture"},"west":{"uv":[2.6875,6.5625,2.75,6.8125],"texture":"#texture"},"up":{"uv":[4.125,10.5625,4.25,10.5],"texture":"#texture"},"down":{"uv":[15.875,12.3125,16,12.375],"texture":"#texture"}}},{"from":[5.625,9.25,8.5],"to":[5.875,9.75,8.625],"faces":{"north":{"uv":[16,13.75,15.875,14],"texture":"#texture"},"east":{"uv":[4.1875,7.4375,4.125,7.6875],"texture":"#texture"},"south":{"uv":[2.0625,0.4375,2.1875,0.6875],"texture":"#texture"},"west":{"uv":[4.1875,7.4375,4.25,7.6875],"texture":"#texture"},"up":{"uv":[11.75,12.1875,11.875,12.125],"texture":"#texture"},"down":{"uv":[15.875,12,16,12.0625],"texture":"#texture"}}},{"from":[5.625,10.5,7.75],"to":[14.875,10.625,8.25],"faces":{"north":{"uv":[12,12.25,7.375,12.3125],"texture":"#texture"},"east":{"uv":[2.9375,4.9375,2.6875,5],"texture":"#texture"},"south":{"uv":[7.3125,12.1875,11.9375,12.25],"texture":"#texture"},"west":{"uv":[2.9375,4.9375,3.1875,5],"texture":"#texture"},"up":{"uv":[10.5,14,15.125,13.75],"texture":"#texture"},"down":{"uv":[4.625,13.5,9.25,13.75],"texture":"#texture"}}},{"from":[5.75,7,7.5],"to":[6.875,7.375,7.625],"faces":{"north":{"uv":[3.375,9.875,2.8125,10.0625],"texture":"#texture"},"east":{"uv":[2.0625,1.6875,2,1.875],"texture":"#texture"},"south":{"uv":[2.75,9.4375,3.3125,9.625],"texture":"#texture"},"west":{"uv":[4.125,10.0625,4.1875,10.25],"texture":"#texture"},"up":{"uv":[15.4375,11.8125,16,11.75],"texture":"#texture"},"down":{"uv":[14.875,11.75,15.4375,11.8125],"texture":"#texture"}}},{"from":[5.75,7,8.375],"to":[6.875,7.375,8.5],"faces":{"north":{"uv":[2.75,9.4375,2.1875,9.625],"texture":"#texture"},"east":{"uv":[4.25,10.0625,4.1875,10.25],"texture":"#texture"},"south":{"uv":[3.375,9.875,3.9375,10.0625],"texture":"#texture"},"west":{"uv":[2.0625,1.6875,2.125,1.875],"texture":"#texture"},"up":{"uv":[3.5,8.625,4.0625,8.5625],"texture":"#texture"},"down":{"uv":[2.9375,8.5625,3.5,8.625],"texture":"#texture"}}},{"from":[5.75,7.25,7.625],"to":[7,7.5,8.375],"faces":{"north":{"uv":[4,8.875,3.375,9],"texture":"#texture"},"east":{"uv":[2.75,7.3125,2.375,7.4375],"texture":"#texture"},"south":{"uv":[3.375,8.75,4,8.875],"texture":"#texture"},"west":{"uv":[3.6875,7.4375,4.0625,7.5625],"texture":"#texture"},"up":{"uv":[1.25,3.75,1.875,3.375],"texture":"#texture"},"down":{"uv":[0.625,3.375,1.25,3.75],"texture":"#texture"}}},{"from":[5.75,8.25,7.625],"to":[10,8.375,8.375],"faces":{"north":{"uv":[6.4375,11.75,4.3125,11.8125],"texture":"#texture"},"east":{"uv":[4.25,5.875,3.875,5.9375],"texture":"#texture"},"south":{"uv":[8.5625,11.75,10.6875,11.8125],"texture":"#texture"},"west":{"uv":[3.5,5.5625,3.875,5.625],"texture":"#texture"},"up":{"uv":[0,12.75,2.125,12.375],"texture":"#texture"},"down":{"uv":[0,12,2.125,12.375],"texture":"#texture"}}},{"from":[5.75,8.375,7.5],"to":[10,8.5,7.625],"faces":{"north":{"uv":[12.875,11.8125,10.75,11.875],"texture":"#texture"},"east":{"uv":[3.9375,4.5,3.875,4.5625],"texture":"#texture"},"south":{"uv":[12.875,11.8125,15,11.875],"texture":"#texture"},"west":{"uv":[3.9375,4.5,4,4.5625],"texture":"#texture"},"up":{"uv":[8.625,11.875,10.75,11.8125],"texture":"#texture"},"down":{"uv":[2.1875,11.75,4.3125,11.8125],"texture":"#texture"}}},{"from":[5.75,8.375,8.375],"to":[10,8.5,8.5],"faces":{"north":{"uv":[6.5,11.8125,4.375,11.875],"texture":"#texture"},"east":{"uv":[3.75,4.5,3.6875,4.5625],"texture":"#texture"},"south":{"uv":[6.5,11.8125,8.625,11.875],"texture":"#texture"},"west":{"uv":[3.8125,4.5,3.875,4.5625],"texture":"#texture"},"up":{"uv":[10.6875,11.8125,12.8125,11.75],"texture":"#texture"},"down":{"uv":[6.4375,11.75,8.5625,11.8125],"texture":"#texture"}}},{"from":[5.75,10,7.625],"to":[15,10.5,8.375],"faces":{"north":{"uv":[15.6875,14.1875,11.0625,14.4375],"texture":"#texture"},"east":{"uv":[2.1875,1.4375,1.8125,1.6875],"texture":"#texture"},"south":{"uv":[0,13.5,4.625,13.75],"texture":"#texture"},"west":{"uv":[2.1875,9.1875,2.5625,9.4375],"texture":"#texture"},"up":{"uv":[4.625,14.8125,9.25,14.4375],"texture":"#texture"},"down":{"uv":[0,14.4375,4.625,14.8125],"texture":"#texture"}}},{"from":[5.875,6,7.625],"to":[6.5,6.125,8.375],"faces":{"north":{"uv":[3.5625,5.0625,3.25,5.125],"texture":"#texture"},"east":{"uv":[2.9375,5.4375,2.5625,5.5],"texture":"#texture"},"south":{"uv":[3.9375,6.0625,4.25,6.125],"texture":"#texture"},"west":{"uv":[2.1875,5.4375,2.5625,5.5],"texture":"#texture"},"up":{"uv":[1.875,9.375,2.1875,9],"texture":"#texture"},"down":{"uv":[1.875,3.75,2.1875,4.125],"texture":"#texture"}}},{"from":[5.875,6.125,7.5],"to":[6.375,6.25,7.625],"faces":{"north":{"uv":[4.1875,5,3.9375,5.0625],"texture":"#texture"},"east":{"uv":[2.875,4.5,2.8125,4.5625],"texture":"#texture"},"south":{"uv":[3.9375,5.0625,4.1875,5.125],"texture":"#texture"},"west":{"uv":[3,4.5,3.0625,4.5625],"texture":"#texture"},"up":{"uv":[2.1875,5,2.4375,4.9375],"texture":"#texture"},"down":{"uv":[2.4375,4.9375,2.6875,5],"texture":"#texture"}}},{"from":[5.875,6.125,8.375],"to":[6.375,6.25,8.5],"faces":{"north":{"uv":[4.1875,5.25,3.9375,5.3125],"texture":"#texture"},"east":{"uv":[3.375,4.5,3.3125,4.5625],"texture":"#texture"},"south":{"uv":[3.6875,5,3.9375,5.0625],"texture":"#texture"},"west":{"uv":[3.75,4.5,3.8125,4.5625],"texture":"#texture"},"up":{"uv":[3.9375,5.25,4.1875,5.1875],"texture":"#texture"},"down":{"uv":[3.9375,5.125,4.1875,5.1875],"texture":"#texture"}}},{"from":[5.875,7.375,7.5],"to":[7,7.625,7.625],"faces":{"north":{"uv":[2.1875,8.25,1.625,8.375],"texture":"#texture"},"east":{"uv":[3.4375,6.5625,3.375,6.6875],"texture":"#texture"},"south":{"uv":[0.5,5.375,1.0625,5.5],"texture":"#texture"},"west":{"uv":[4.125,6.625,4.1875,6.75],"texture":"#texture"},"up":{"uv":[3.5625,7.0625,4.125,7],"texture":"#texture"},"down":{"uv":[3.6875,7.375,4.25,7.4375],"texture":"#texture"}}},{"from":[5.875,7.375,8.375],"to":[7,7.625,8.5],"faces":{"north":{"uv":[3.5,8.625,2.9375,8.75],"texture":"#texture"},"east":{"uv":[3.375,6.5625,3.3125,6.6875],"texture":"#texture"},"south":{"uv":[3.5,8.625,4.0625,8.75],"texture":"#texture"},"west":{"uv":[3,4.6875,3.0625,4.8125],"texture":"#texture"},"up":{"uv":[3.5625,7.125,4.125,7.0625],"texture":"#texture"},"down":{"uv":[3.5625,7.25,4.125,7.3125],"texture":"#texture"}}},{"from":[5.875,7.5,7.625],"to":[7.125,7.875,8.375],"faces":{"north":{"uv":[2.8125,9.875,2.1875,10.0625],"texture":"#texture"},"east":{"uv":[16,13.3125,15.625,13.5],"texture":"#texture"},"south":{"uv":[1,4.375,1.625,4.5625],"texture":"#texture"},"west":{"uv":[2.3125,8,2.6875,8.1875],"texture":"#texture"},"up":{"uv":[0,4.125,0.625,3.75],"texture":"#texture"},"down":{"uv":[1.5,6.5,2.125,6.875],"texture":"#texture"}}},{"from":[5.875,8.125,7.625],"to":[10,8.25,8.375],"faces":{"north":{"uv":[4.25,11.1875,2.1875,11.25],"texture":"#texture"},"east":{"uv":[3.125,5.25,2.75,5.3125],"texture":"#texture"},"south":{"uv":[12.8125,11.75,14.875,11.8125],"texture":"#texture"},"west":{"uv":[2.75,5.1875,3.125,5.25],"texture":"#texture"},"up":{"uv":[0,11.625,2.0625,11.25],"texture":"#texture"},"down":{"uv":[0,11.625,2.0625,12],"texture":"#texture"}}},{"from":[5.875,8.25,7.5],"to":[10,8.375,7.625],"faces":{"north":{"uv":[4.25,11.625,2.1875,11.6875],"texture":"#texture"},"east":{"uv":[3.1875,4.625,3.125,4.6875],"texture":"#texture"},"south":{"uv":[2.1875,11.5625,4.25,11.625],"texture":"#texture"},"west":{"uv":[3.0625,4.5625,3.125,4.625],"texture":"#texture"},"up":{"uv":[2.1875,11.3125,4.25,11.25],"texture":"#texture"},"down":{"uv":[2.1875,11.6875,4.25,11.75],"texture":"#texture"}}},{"from":[5.875,8.25,8.375],"to":[10,8.375,8.5],"faces":{"north":{"uv":[4.25,11.375,2.1875,11.4375],"texture":"#texture"},"east":{"uv":[3.5625,4.5625,3.5,4.625],"texture":"#texture"},"south":{"uv":[2.1875,11.3125,4.25,11.375],"texture":"#texture"},"west":{"uv":[3.3125,4.625,3.375,4.6875],"texture":"#texture"},"up":{"uv":[2.1875,11.5,4.25,11.4375],"texture":"#texture"},"down":{"uv":[2.1875,11.5,4.25,11.5625],"texture":"#texture"}}},{"from":[5.875,9.5,7.375],"to":[14.5,9.75,7.5],"faces":{"north":{"uv":[10.8125,12.625,6.5,12.75],"texture":"#texture"},"east":{"uv":[2.875,4.6875,2.8125,4.8125],"texture":"#texture"},"south":{"uv":[10.8125,12.625,15.125,12.75],"texture":"#texture"},"west":{"uv":[2.8125,4.8125,2.875,4.9375],"texture":"#texture"},"up":{"uv":[10.8125,12.0625,15.125,12],"texture":"#texture"},"down":{"uv":[6.5,12,10.8125,12.0625],"texture":"#texture"}}},{"from":[5.875,9.5,8.5],"to":[14.5,9.75,8.625],"faces":{"north":{"uv":[6.5,12.625,2.1875,12.75],"texture":"#texture"},"east":{"uv":[3.6875,7.4375,3.625,7.5625],"texture":"#texture"},"south":{"uv":[11.0625,12.75,15.375,12.875],"texture":"#texture"},"west":{"uv":[4.1875,8.0625,4.25,8.1875],"texture":"#texture"},"up":{"uv":[2.1875,12.0625,6.5,12],"texture":"#texture"},"down":{"uv":[11.0625,12.0625,15.375,12.125],"texture":"#texture"}}},{"from":[6,7.625,7.5],"to":[7,7.875,7.625],"faces":{"north":{"uv":[3.1875,7.8125,2.6875,7.9375],"texture":"#texture"},"east":{"uv":[3.375,6.9375,3.3125,7.0625],"texture":"#texture"},"south":{"uv":[3.1875,8.1875,3.6875,8.3125],"texture":"#texture"},"west":{"uv":[4.125,7.8125,4.1875,7.9375],"texture":"#texture"},"up":{"uv":[3.5625,7,4.0625,6.9375],"texture":"#texture"},"down":{"uv":[3.5625,6.875,4.0625,6.9375],"texture":"#texture"}}},{"from":[6,7.625,8.375],"to":[7,7.875,8.5],"faces":{"north":{"uv":[3.6875,8.0625,3.1875,8.1875],"texture":"#texture"},"east":{"uv":[3.3125,4.6875,3.25,4.8125],"texture":"#texture"},"south":{"uv":[3.1875,7.9375,3.6875,8.0625],"texture":"#texture"},"west":{"uv":[3.1875,4.6875,3.25,4.8125],"texture":"#texture"},"up":{"uv":[3.0625,9.25,3.5625,9.1875],"texture":"#texture"},"down":{"uv":[3.5625,9.1875,4.0625,9.25],"texture":"#texture"}}},{"from":[6,7.875,7.625],"to":[9.875,8.125,8.375],"faces":{"north":{"uv":[1.9375,4.25,0,4.375],"texture":"#texture"},"east":{"uv":[2.1875,2.25,1.8125,2.375],"texture":"#texture"},"south":{"uv":[0,4.125,1.9375,4.25],"texture":"#texture"},"west":{"uv":[1.8125,2.125,2.1875,2.25],"texture":"#texture"},"up":{"uv":[0,10.875,1.9375,10.5],"texture":"#texture"},"down":{"uv":[0,10.875,1.9375,11.25],"texture":"#texture"}}},{"from":[6,8.125,7.5],"to":[9.875,8.25,7.625],"faces":{"north":{"uv":[16,11.9375,14.0625,12],"texture":"#texture"},"east":{"uv":[4.25,5.125,4.1875,5.1875],"texture":"#texture"},"south":{"uv":[2.1875,10.25,4.125,10.3125],"texture":"#texture"},"west":{"uv":[4.1875,5.1875,4.25,5.25],"texture":"#texture"},"up":{"uv":[2.1875,10.6875,4.125,10.625],"texture":"#texture"},"down":{"uv":[2.1875,10.5625,4.125,10.625],"texture":"#texture"}}},{"from":[6,8.125,8.375],"to":[9.875,8.25,8.5],"faces":{"north":{"uv":[4.125,10.375,2.1875,10.4375],"texture":"#texture"},"east":{"uv":[4.25,4.75,4.1875,4.8125],"texture":"#texture"},"south":{"uv":[2.1875,10.3125,4.125,10.375],"texture":"#texture"},"west":{"uv":[4.1875,4.9375,4.25,5],"texture":"#texture"},"up":{"uv":[2.1875,10.5,4.125,10.4375],"texture":"#texture"},"down":{"uv":[2.1875,10.5,4.125,10.5625],"texture":"#texture"}}},{"from":[6.125,6,7.5],"to":[6.375,6.125,7.625],"faces":{"north":{"uv":[4.25,10.4375,4.125,10.5],"texture":"#texture"},"east":{"uv":[2.625,4.625,2.5625,4.6875],"texture":"#texture"},"south":{"uv":[4.125,10.375,4.25,10.4375],"texture":"#texture"},"west":{"uv":[2.5,4.5625,2.5625,4.625],"texture":"#texture"},"up":{"uv":[4.125,10.625,4.25,10.5625],"texture":"#texture"},"down":{"uv":[4.125,10.625,4.25,10.6875],"texture":"#texture"}}},{"from":[6.125,6,8.375],"to":[6.375,6.125,8.5],"faces":{"north":{"uv":[4.25,7.25,4.125,7.3125],"texture":"#texture"},"east":{"uv":[3.8125,4.625,3.75,4.6875],"texture":"#texture"},"south":{"uv":[4.125,7.1875,4.25,7.25],"texture":"#texture"},"west":{"uv":[3.6875,4.5625,3.75,4.625],"texture":"#texture"},"up":{"uv":[4.125,10.3125,4.25,10.25],"texture":"#texture"},"down":{"uv":[4.125,10.3125,4.25,10.375],"texture":"#texture"}}},{"from":[6.125,7.875,7.5],"to":[9.75,8.125,7.625],"faces":{"north":{"uv":[1.8125,2.25,0,2.375],"texture":"#texture"},"east":{"uv":[4,4.6875,3.9375,4.8125],"texture":"#texture"},"south":{"uv":[0,2.5,1.8125,2.625],"texture":"#texture"},"west":{"uv":[3.875,4.8125,3.9375,4.9375],"texture":"#texture"},"up":{"uv":[2.1875,9.875,4,9.8125],"texture":"#texture"},"down":{"uv":[2.1875,9.75,4,9.8125],"texture":"#texture"}}},{"from":[6.125,7.875,8.375],"to":[9.75,8.125,8.5],"faces":{"north":{"uv":[1.8125,2.125,0,2.25],"texture":"#texture"},"east":{"uv":[4.125,4.8125,4.0625,4.9375],"texture":"#texture"},"south":{"uv":[0,2.375,1.8125,2.5],"texture":"#texture"},"west":{"uv":[4,4.6875,4.0625,4.8125],"texture":"#texture"},"up":{"uv":[2.1875,9.6875,4,9.625],"texture":"#texture"},"down":{"uv":[2.1875,9.6875,4,9.75],"texture":"#texture"}}},{"from":[6.25,5.875,7.625],"to":[6.375,6,8.375],"faces":{"north":{"uv":[4.0625,4.5,4,4.5625],"texture":"#texture"},"east":{"uv":[3.0625,5.875,2.6875,5.9375],"texture":"#texture"},"south":{"uv":[3.0625,4.625,3.125,4.6875],"texture":"#texture"},"west":{"uv":[2.6875,5.8125,3.0625,5.875],"texture":"#texture"},"up":{"uv":[15.9375,14.8125,16,14.4375],"texture":"#texture"},"down":{"uv":[2.125,12.375,2.1875,12.75],"texture":"#texture"}}},{"from":[6.5,6.5,7.5],"to":[6.625,6.75,7.625],"faces":{"north":{"uv":[4.25,7.6875,4.1875,7.8125],"texture":"#texture"},"east":{"uv":[2.25,4.5625,2.1875,4.6875],"texture":"#texture"},"south":{"uv":[3.1875,4.8125,3.25,4.9375],"texture":"#texture"},"west":{"uv":[2,3,2.0625,3.125],"texture":"#texture"},"up":{"uv":[2.25,4.625,2.3125,4.5625],"texture":"#texture"},"down":{"uv":[3,4.5625,3.0625,4.625],"texture":"#texture"}}},{"from":[6.5,6.5,8.375],"to":[6.625,6.75,8.5],"faces":{"north":{"uv":[3.125,4.8125,3.0625,4.9375],"texture":"#texture"},"east":{"uv":[16,12.625,15.9375,12.75],"texture":"#texture"},"south":{"uv":[3.0625,4.6875,3.125,4.8125],"texture":"#texture"},"west":{"uv":[3.25,4.8125,3.3125,4.9375],"texture":"#texture"},"up":{"uv":[3.0625,4.5625,3.125,4.5],"texture":"#texture"},"down":{"uv":[2.3125,4.625,2.375,4.6875],"texture":"#texture"}}},{"from":[6.625,6.875,7.5],"to":[6.75,7,7.625],"faces":{"north":{"uv":[4.25,5.375,4.1875,5.4375],"texture":"#texture"},"east":{"uv":[3.5625,5,3.5,5.0625],"texture":"#texture"},"south":{"uv":[3.0625,5.0625,3.125,5.125],"texture":"#texture"},"west":{"uv":[3.0625,5,3.125,5.0625],"texture":"#texture"},"up":{"uv":[4.1875,5.5,4.25,5.4375],"texture":"#texture"},"down":{"uv":[4.1875,5.5,4.25,5.5625],"texture":"#texture"}}},{"from":[6.625,6.875,8.375],"to":[6.75,7,8.5],"faces":{"north":{"uv":[4.25,5.3125,4.1875,5.375],"texture":"#texture"},"east":{"uv":[2.3125,4.625,2.25,4.6875],"texture":"#texture"},"south":{"uv":[4.1875,5.25,4.25,5.3125],"texture":"#texture"},"west":{"uv":[4.1875,4.6875,4.25,4.75],"texture":"#texture"},"up":{"uv":[3.625,5.0625,3.6875,5],"texture":"#texture"},"down":{"uv":[3.5625,5,3.625,5.0625],"texture":"#texture"}}},{"from":[6.875,7,7.625],"to":[7,7.25,8.375],"faces":{"north":{"uv":[4.25,7.8125,4.1875,7.9375],"texture":"#texture"},"east":{"uv":[3.375,7.1875,3,7.3125],"texture":"#texture"},"south":{"uv":[4.125,7.6875,4.1875,7.8125],"texture":"#texture"},"west":{"uv":[3,7.3125,3.375,7.4375],"texture":"#texture"},"up":{"uv":[2.125,6.875,2.1875,6.5],"texture":"#texture"},"down":{"uv":[2.125,12,2.1875,12.375],"texture":"#texture"}}},{"from":[7,7.375,7.625],"to":[7.125,7.5,8.375],"faces":{"north":{"uv":[2.375,4.5625,2.3125,4.625],"texture":"#texture"},"east":{"uv":[2.75,5.1875,2.375,5.25],"texture":"#texture"},"south":{"uv":[2.375,4.625,2.4375,4.6875],"texture":"#texture"},"west":{"uv":[2.375,5.25,2.75,5.3125],"texture":"#texture"},"up":{"uv":[2.25,5.375,2.3125,5],"texture":"#texture"},"down":{"uv":[2.1875,5,2.25,5.375],"texture":"#texture"}}},{"from":[7,7.75,7.5],"to":[7.125,7.875,7.625],"faces":{"north":{"uv":[2.5,4.5625,2.4375,4.625],"texture":"#texture"},"east":{"uv":[2.6875,4.625,2.625,4.6875],"texture":"#texture"},"south":{"uv":[2.5,4.625,2.5625,4.6875],"texture":"#texture"},"west":{"uv":[2.5625,4.5625,2.625,4.625],"texture":"#texture"},"up":{"uv":[2.4375,4.6875,2.5,4.625],"texture":"#texture"},"down":{"uv":[2.375,4.5625,2.4375,4.625],"texture":"#texture"}}},{"from":[7,7.75,8.375],"to":[7.125,7.875,8.5],"faces":{"north":{"uv":[2.8125,4.625,2.75,4.6875],"texture":"#texture"},"east":{"uv":[3,4.625,2.9375,4.6875],"texture":"#texture"},"south":{"uv":[2.875,4.625,2.9375,4.6875],"texture":"#texture"},"west":{"uv":[2.875,4.5625,2.9375,4.625],"texture":"#texture"},"up":{"uv":[2.6875,4.625,2.75,4.5625],"texture":"#texture"},"down":{"uv":[2.625,4.5625,2.6875,4.625],"texture":"#texture"}}},{"from":[7.125,7.75,7.625],"to":[9.875,7.875,8.375],"faces":{"north":{"uv":[15.6875,12.125,14.3125,12.1875],"texture":"#texture"},"east":{"uv":[3.0625,5.625,2.6875,5.6875],"texture":"#texture"},"south":{"uv":[14.3125,12.1875,15.6875,12.25],"texture":"#texture"},"west":{"uv":[2.6875,5.6875,3.0625,5.75],"texture":"#texture"},"up":{"uv":[14.625,16,16,15.625],"texture":"#texture"},"down":{"uv":[0.5,9,1.875,9.375],"texture":"#texture"}}},{"from":[8.875,6,7.625],"to":[9.875,7.75,8.375],"faces":{"north":{"uv":[0.5,7.375,0,8.25],"texture":"#texture"},"east":{"uv":[1.9375,7.375,1.5625,8.25],"texture":"#texture"},"south":{"uv":[0.5,7.375,1,8.25],"texture":"#texture"},"west":{"uv":[0,6.5,0.375,7.375],"texture":"#texture"},"up":{"uv":[1.5,2.125,2,1.75],"texture":"#texture"},"down":{"uv":[0,1.3125,0.5,1.6875],"texture":"#texture"}}},{"from":[8.875,7.75,7.5],"to":[9.75,7.875,7.625],"faces":{"north":{"uv":[3.9375,6.0625,3.5,6.125],"texture":"#texture"},"east":{"uv":[3.9375,4.625,3.875,4.6875],"texture":"#texture"},"south":{"uv":[2.1875,6,2.625,6.0625],"texture":"#texture"},"west":{"uv":[4.1875,4.625,4.25,4.6875],"texture":"#texture"},"up":{"uv":[3.0625,6.125,3.5,6.0625],"texture":"#texture"},"down":{"uv":[3.3125,6.3125,3.75,6.375],"texture":"#texture"}}},{"from":[8.875,7.75,8.375],"to":[9.75,7.875,8.5],"faces":{"north":{"uv":[2.625,6.125,2.1875,6.1875],"texture":"#texture"},"east":{"uv":[3.875,4.625,3.8125,4.6875],"texture":"#texture"},"south":{"uv":[2.625,6.0625,3.0625,6.125],"texture":"#texture"},"west":{"uv":[3.8125,4.5625,3.875,4.625],"texture":"#texture"},"up":{"uv":[2.625,6.25,3.0625,6.1875],"texture":"#texture"},"down":{"uv":[3.75,6.25,4.1875,6.3125],"texture":"#texture"}}},{"from":[9,5.625,7.625],"to":[10,6,8.375],"faces":{"north":{"uv":[3.5625,9.25,3.0625,9.4375],"texture":"#texture"},"east":{"uv":[16,13.125,15.625,13.3125],"texture":"#texture"},"south":{"uv":[2.5625,9.25,3.0625,9.4375],"texture":"#texture"},"west":{"uv":[1.8125,0,2.1875,0.1875],"texture":"#texture"},"up":{"uv":[1.125,3,1.625,2.625],"texture":"#texture"},"down":{"uv":[1.625,2.625,2.125,3],"texture":"#texture"}}},{"from":[9,5.875,7.5],"to":[9.875,6,7.625],"faces":{"north":{"uv":[3.5,6.1875,3.0625,6.25],"texture":"#texture"},"east":{"uv":[2.875,4.625,2.8125,4.6875],"texture":"#texture"},"south":{"uv":[3.5,6.1875,3.9375,6.25],"texture":"#texture"},"west":{"uv":[2.8125,4.5625,2.875,4.625],"texture":"#texture"},"up":{"uv":[2.6875,6,3.125,5.9375],"texture":"#texture"},"down":{"uv":[2.1875,6.1875,2.625,6.25],"texture":"#texture"}}},{"from":[9,5.875,8.375],"to":[9.875,6,8.5],"faces":{"north":{"uv":[3.9375,6.125,3.5,6.1875],"texture":"#texture"},"east":{"uv":[2.75,4.625,2.6875,4.6875],"texture":"#texture"},"south":{"uv":[2.1875,6.0625,2.625,6.125],"texture":"#texture"},"west":{"uv":[2.75,4.5625,2.8125,4.625],"texture":"#texture"},"up":{"uv":[3.0625,6.1875,3.5,6.125],"texture":"#texture"},"down":{"uv":[2.625,6.125,3.0625,6.1875],"texture":"#texture"}}},{"from":[9,6,7.5],"to":[9.75,7.75,7.625],"faces":{"north":{"uv":[2.125,9.625,1.75,10.5],"texture":"#texture"},"east":{"uv":[2.25,6.5625,2.1875,7.4375],"texture":"#texture"},"south":{"uv":[1.125,6.5,1.5,7.375],"texture":"#texture"},"west":{"uv":[2.125,9.625,2.1875,10.5],"texture":"#texture"},"up":{"uv":[2.1875,5.4375,2.5625,5.375],"texture":"#texture"},"down":{"uv":[3.6875,5.4375,4.0625,5.5],"texture":"#texture"}}},{"from":[9,6,8.375],"to":[9.75,7.75,8.5],"faces":{"north":{"uv":[1.125,6.5,0.75,7.375],"texture":"#texture"},"east":{"uv":[2.3125,6.5625,2.25,7.4375],"texture":"#texture"},"south":{"uv":[0.375,6.5,0.75,7.375],"texture":"#texture"},"west":{"uv":[2.3125,6.5625,2.375,7.4375],"texture":"#texture"},"up":{"uv":[3.3125,5.4375,3.6875,5.375],"texture":"#texture"},"down":{"uv":[2.9375,5.375,3.3125,5.4375],"texture":"#texture"}}},{"from":[9.125,5.375,7.625],"to":[10.125,5.625,8.375],"faces":{"north":{"uv":[4.1875,8.0625,3.6875,8.1875],"texture":"#texture"},"east":{"uv":[3.375,7.0625,3,7.1875],"texture":"#texture"},"south":{"uv":[2.6875,8.0625,3.1875,8.1875],"texture":"#texture"},"west":{"uv":[3.6875,7.5625,4.0625,7.6875],"texture":"#texture"},"up":{"uv":[0,0.4375,0.5,0.0625],"texture":"#texture"},"down":{"uv":[0,0.9375,0.5,1.3125],"texture":"#texture"}}},{"from":[9.125,5.625,7.5],"to":[10,5.75,7.625],"faces":{"north":{"uv":[2.6875,5.875,2.25,5.9375],"texture":"#texture"},"east":{"uv":[3.125,5.625,3.0625,5.6875],"texture":"#texture"},"south":{"uv":[2.25,5.8125,2.6875,5.875],"texture":"#texture"},"west":{"uv":[3.0625,5.5625,3.125,5.625],"texture":"#texture"},"up":{"uv":[2.25,6,2.6875,5.9375],"texture":"#texture"},"down":{"uv":[3.5,6,3.9375,6.0625],"texture":"#texture"}}},{"from":[9.125,5.625,8.375],"to":[10,5.75,8.5],"faces":{"north":{"uv":[2.6875,5.625,2.25,5.6875],"texture":"#texture"},"east":{"uv":[3.125,5.875,3.0625,5.9375],"texture":"#texture"},"south":{"uv":[2.25,5.5625,2.6875,5.625],"texture":"#texture"},"west":{"uv":[3.0625,5.8125,3.125,5.875],"texture":"#texture"},"up":{"uv":[2.25,5.75,2.6875,5.6875],"texture":"#texture"},"down":{"uv":[2.25,5.75,2.6875,5.8125],"texture":"#texture"}}},{"from":[9.125,5.75,7.5],"to":[9.875,5.875,7.625],"faces":{"north":{"uv":[3.5,5.9375,3.125,6],"texture":"#texture"},"east":{"uv":[4.25,6.5,4.1875,6.5625],"texture":"#texture"},"south":{"uv":[3.125,5.875,3.5,5.9375],"texture":"#texture"},"west":{"uv":[3.3125,4.5625,3.375,4.625],"texture":"#texture"},"up":{"uv":[2.6875,5.625,3.0625,5.5625],"texture":"#texture"},"down":{"uv":[2.6875,5.75,3.0625,5.8125],"texture":"#texture"}}},{"from":[9.125,5.75,8.375],"to":[9.875,5.875,8.5],"faces":{"north":{"uv":[3.5,5.6875,3.125,5.75],"texture":"#texture"},"east":{"uv":[4.25,6.9375,4.1875,7],"texture":"#texture"},"south":{"uv":[3.125,5.625,3.5,5.6875],"texture":"#texture"},"west":{"uv":[4.1875,6.875,4.25,6.9375],"texture":"#texture"},"up":{"uv":[3.125,5.8125,3.5,5.75],"texture":"#texture"},"down":{"uv":[3.125,5.8125,3.5,5.875],"texture":"#texture"}}},{"from":[9.25,5.125,7.625],"to":[10.25,5.375,8.375],"faces":{"north":{"uv":[4.1875,8.1875,3.6875,8.3125],"texture":"#texture"},"east":{"uv":[2.75,6.8125,2.375,6.9375],"texture":"#texture"},"south":{"uv":[2.6875,8.3125,3.1875,8.4375],"texture":"#texture"},"west":{"uv":[2.375,7.1875,2.75,7.3125],"texture":"#texture"},"up":{"uv":[0.625,3,1.125,2.625],"texture":"#texture"},"down":{"uv":[1,1.75,1.5,2.125],"texture":"#texture"}}},{"from":[9.25,5.25,7.5],"to":[10.125,5.5,7.625],"faces":{"north":{"uv":[3.625,7.4375,3.1875,7.5625],"texture":"#texture"},"east":{"uv":[3,4.6875,2.9375,4.8125],"texture":"#texture"},"south":{"uv":[3.6875,7.9375,4.125,8.0625],"texture":"#texture"},"west":{"uv":[2.0625,3,2.125,3.125],"texture":"#texture"},"up":{"uv":[3.6875,6.4375,4.125,6.375],"texture":"#texture"},"down":{"uv":[2.9375,8.75,3.375,8.8125],"texture":"#texture"}}},{"from":[9.25,5.25,8.375],"to":[10.125,5.5,8.5],"faces":{"north":{"uv":[4.125,7.8125,3.6875,7.9375],"texture":"#texture"},"east":{"uv":[4.1875,7.9375,4.125,8.0625],"texture":"#texture"},"south":{"uv":[3.6875,7.6875,4.125,7.8125],"texture":"#texture"},"west":{"uv":[4.1875,7.9375,4.25,8.0625],"texture":"#texture"},"up":{"uv":[2.625,6.0625,3.0625,6],"texture":"#texture"},"down":{"uv":[2.875,6.25,3.3125,6.3125],"texture":"#texture"}}},{"from":[9.25,5.5,7.5],"to":[10,5.625,7.625],"faces":{"north":{"uv":[4.25,5.625,3.875,5.6875],"texture":"#texture"},"east":{"uv":[3.6875,4.5,3.625,4.5625],"texture":"#texture"},"south":{"uv":[3.875,5.5625,4.25,5.625],"texture":"#texture"},"west":{"uv":[4.1875,6.8125,4.25,6.875],"texture":"#texture"},"up":{"uv":[2.375,5.375,2.75,5.3125],"texture":"#texture"},"down":{"uv":[3.875,5.6875,4.25,5.75],"texture":"#texture"}}},{"from":[9.25,5.5,8.375],"to":[10,5.625,8.5],"faces":{"north":{"uv":[3.3125,5.5,2.9375,5.5625],"texture":"#texture"},"east":{"uv":[3.4375,4.5,3.375,4.5625],"texture":"#texture"},"south":{"uv":[3.6875,5.5,4.0625,5.5625],"texture":"#texture"},"west":{"uv":[3.4375,4.5,3.5,4.5625],"texture":"#texture"},"up":{"uv":[2.5625,5.5625,2.9375,5.5],"texture":"#texture"},"down":{"uv":[2.1875,5.5,2.5625,5.5625],"texture":"#texture"}}},{"from":[9.375,4.875,7.625],"to":[9.875,5.125,8.375],"faces":{"north":{"uv":[2.1875,4.25,1.9375,4.375],"texture":"#texture"},"east":{"uv":[2.75,7.0625,2.375,7.1875],"texture":"#texture"},"south":{"uv":[1.9375,4.125,2.1875,4.25],"texture":"#texture"},"west":{"uv":[2.375,6.9375,2.75,7.0625],"texture":"#texture"},"up":{"uv":[1.9375,10.875,2.1875,10.5],"texture":"#texture"},"down":{"uv":[1.9375,10.875,2.1875,11.25],"texture":"#texture"}}},{"from":[9.375,5,7.5],"to":[10,5.25,7.625],"faces":{"north":{"uv":[3.3125,6.8125,3,6.9375],"texture":"#texture"},"east":{"uv":[3.0625,4.8125,3,4.9375],"texture":"#texture"},"south":{"uv":[3,6.6875,3.3125,6.8125],"texture":"#texture"},"west":{"uv":[3.8125,4.6875,3.875,4.8125],"texture":"#texture"},"up":{"uv":[2.75,5.125,3.0625,5.0625],"texture":"#texture"},"down":{"uv":[3.9375,6,4.25,6.0625],"texture":"#texture"}}},{"from":[9.375,5,8.375],"to":[10,5.25,8.5],"faces":{"north":{"uv":[3.3125,6.5625,3,6.6875],"texture":"#texture"},"east":{"uv":[4.25,6.625,4.1875,6.75],"texture":"#texture"},"south":{"uv":[3.375,7.3125,3.6875,7.4375],"texture":"#texture"},"west":{"uv":[2.9375,4.8125,3,4.9375],"texture":"#texture"},"up":{"uv":[3.9375,6.1875,4.25,6.125],"texture":"#texture"},"down":{"uv":[3.25,5.25,3.5625,5.3125],"texture":"#texture"}}},{"from":[9.375,9.25,7.375],"to":[14.5,9.5,7.5],"faces":{"north":{"uv":[7.3125,12.125,4.75,12.25],"texture":"#texture"},"east":{"uv":[3.375,6.6875,3.3125,6.8125],"texture":"#texture"},"south":{"uv":[2.1875,12.125,4.75,12.25],"texture":"#texture"},"west":{"uv":[3.3125,6.8125,3.375,6.9375],"texture":"#texture"},"up":{"uv":[12.6875,12.5,15.25,12.4375],"texture":"#texture"},"down":{"uv":[12.6875,12.5,15.25,12.5625],"texture":"#texture"}}},{"from":[9.375,9.25,8.5],"to":[14.5,9.5,8.625],"faces":{"north":{"uv":[14.4375,12.875,11.875,13],"texture":"#texture"},"east":{"uv":[2.9375,4.6875,2.875,4.8125],"texture":"#texture"},"south":{"uv":[12.6875,13,15.25,13.125],"texture":"#texture"},"west":{"uv":[2.875,4.8125,2.9375,4.9375],"texture":"#texture"},"up":{"uv":[12.5625,12.375,15.125,12.3125],"texture":"#texture"},"down":{"uv":[12.625,12.375,15.1875,12.4375],"texture":"#texture"}}},{"from":[9.5,4.75,7.625],"to":[9.625,4.875,8.375],"faces":{"north":{"uv":[3.1875,4.5,3.125,4.5625],"texture":"#texture"},"east":{"uv":[2.75,5,2.375,5.0625],"texture":"#texture"},"south":{"uv":[3.1875,4.5,3.25,4.5625],"texture":"#texture"},"west":{"uv":[2.75,5.3125,3.125,5.375],"texture":"#texture"},"up":{"uv":[3.125,5.375,3.1875,5],"texture":"#texture"},"down":{"uv":[3.1875,5,3.25,5.375],"texture":"#texture"}}},{"from":[9.5,4.875,7.5],"to":[9.625,5,7.625],"faces":{"north":{"uv":[4.25,5.0625,4.1875,5.125],"texture":"#texture"},"east":{"uv":[3.0625,4.625,3,4.6875],"texture":"#texture"},"south":{"uv":[4.1875,5,4.25,5.0625],"texture":"#texture"},"west":{"uv":[2.9375,4.5625,3,4.625],"texture":"#texture"},"up":{"uv":[4.1875,6.3125,4.25,6.25],"texture":"#texture"},"down":{"uv":[4.1875,6.3125,4.25,6.375],"texture":"#texture"}}},{"from":[9.5,4.875,8.375],"to":[9.625,5,8.5],"faces":{"north":{"uv":[3.25,4.5625,3.1875,4.625],"texture":"#texture"},"east":{"uv":[3.4375,4.5625,3.375,4.625],"texture":"#texture"},"south":{"uv":[4.1875,4.5625,4.25,4.625],"texture":"#texture"},"west":{"uv":[3.375,4.625,3.4375,4.6875],"texture":"#texture"},"up":{"uv":[3.1875,4.6875,3.25,4.625],"texture":"#texture"},"down":{"uv":[3.125,4.5625,3.1875,4.625],"texture":"#texture"}}},{"from":[9.75,8,7.5],"to":[9.875,8.125,7.625],"faces":{"north":{"uv":[3.625,4.625,3.5625,4.6875],"texture":"#texture"},"east":{"uv":[3.9375,4.5625,3.875,4.625],"texture":"#texture"},"south":{"uv":[3.5625,4.5625,3.625,4.625],"texture":"#texture"},"west":{"uv":[3.625,4.625,3.6875,4.6875],"texture":"#texture"},"up":{"uv":[4.0625,4.5625,4.125,4.5],"texture":"#texture"},"down":{"uv":[3.4375,4.625,3.5,4.6875],"texture":"#texture"}}},{"from":[9.75,8,8.375],"to":[9.875,8.125,8.5],"faces":{"north":{"uv":[4.0625,4.625,4,4.6875],"texture":"#texture"},"east":{"uv":[3.3125,4.5,3.25,4.5625],"texture":"#texture"},"south":{"uv":[4.0625,4.5625,4.125,4.625],"texture":"#texture"},"west":{"uv":[4.125,4.625,4.1875,4.6875],"texture":"#texture"},"up":{"uv":[3.9375,4.625,4,4.5625],"texture":"#texture"},"down":{"uv":[3.9375,4.625,4,4.6875],"texture":"#texture"}}},{"from":[9.875,5,7.625],"to":[10.125,5.125,8.375],"faces":{"north":{"uv":[4.1875,4.75,4.0625,4.8125],"texture":"#texture"},"east":{"uv":[2.75,5.125,2.375,5.1875],"texture":"#texture"},"south":{"uv":[4.0625,4.6875,4.1875,4.75],"texture":"#texture"},"west":{"uv":[2.375,5.0625,2.75,5.125],"texture":"#texture"},"up":{"uv":[2.0625,11.625,2.1875,11.25],"texture":"#texture"},"down":{"uv":[2.0625,11.625,2.1875,12],"texture":"#texture"}}},{"from":[9.875,8,7.625],"to":[10,8.125,8.375],"faces":{"north":{"uv":[3.3125,4.625,3.25,4.6875],"texture":"#texture"},"east":{"uv":[3.3125,5.4375,2.9375,5.5],"texture":"#texture"},"south":{"uv":[3.25,4.5625,3.3125,4.625],"texture":"#texture"},"west":{"uv":[3.3125,5.4375,3.6875,5.5],"texture":"#texture"},"up":{"uv":[2.125,3,2.1875,2.625],"texture":"#texture"},"down":{"uv":[2.3125,5,2.375,5.375],"texture":"#texture"}}},{"from":[10,5.125,7.5],"to":[10.125,5.25,7.625],"faces":{"north":{"uv":[4.125,4.625,4.0625,4.6875],"texture":"#texture"},"east":{"uv":[2.3125,4.5,2.25,4.5625],"texture":"#texture"},"south":{"uv":[4.125,4.5625,4.1875,4.625],"texture":"#texture"},"west":{"uv":[2.1875,4.5,2.25,4.5625],"texture":"#texture"},"up":{"uv":[4,4.625,4.0625,4.5625],"texture":"#texture"},"down":{"uv":[3.75,4.5625,3.8125,4.625],"texture":"#texture"}}},{"from":[10,5.125,8.375],"to":[10.125,5.25,8.5],"faces":{"north":{"uv":[2.5,4.5,2.4375,4.5625],"texture":"#texture"},"east":{"uv":[2.8125,4.5,2.75,4.5625],"texture":"#texture"},"south":{"uv":[2.625,4.5,2.6875,4.5625],"texture":"#texture"},"west":{"uv":[2.6875,4.5,2.75,4.5625],"texture":"#texture"},"up":{"uv":[2.375,4.5625,2.4375,4.5],"texture":"#texture"},"down":{"uv":[2.3125,4.5,2.375,4.5625],"texture":"#texture"}}},{"from":[10.125,8.5,7.375],"to":[11.625,9,7.5],"faces":{"north":{"uv":[15.875,13.75,15.125,14],"texture":"#texture"},"east":{"uv":[2.625,7.75,2.5625,8],"texture":"#texture"},"south":{"uv":[14.625,14.8125,15.375,15.0625],"texture":"#texture"},"west":{"uv":[4.1875,9.1875,4.25,9.4375],"texture":"#texture"},"up":{"uv":[15.1875,12.4375,15.9375,12.375],"texture":"#texture"},"down":{"uv":[15,11.8125,15.75,11.875],"texture":"#texture"}}},{"from":[10.125,8.5,8.5],"to":[11.625,9,8.625],"faces":{"north":{"uv":[16,13.5,15.25,13.75],"texture":"#texture"},"east":{"uv":[4.125,7.4375,4.0625,7.6875],"texture":"#texture"},"south":{"uv":[14.5,13.5,15.25,13.75],"texture":"#texture"},"west":{"uv":[2.625,7.75,2.6875,8],"texture":"#texture"},"up":{"uv":[15.25,12.5625,16,12.5],"texture":"#texture"},"down":{"uv":[15.25,12.4375,16,12.5],"texture":"#texture"}}},{"from":[10.125,9.75,7.375],"to":[14.5,10,7.5],"faces":{"north":{"uv":[2.1875,4.875,0,5],"texture":"#texture"},"east":{"uv":[4.25,8.4375,4.1875,8.5625],"texture":"#texture"},"south":{"uv":[0,5,2.1875,5.125],"texture":"#texture"},"west":{"uv":[2.125,3,2.1875,3.125],"texture":"#texture"},"up":{"uv":[6.75,11.9375,8.9375,11.875],"texture":"#texture"},"down":{"uv":[4.5625,11.875,6.75,11.9375],"texture":"#texture"}}},{"from":[10.125,9.75,8.5],"to":[14.5,10,8.625],"faces":{"north":{"uv":[2.1875,5.125,0,5.25],"texture":"#texture"},"east":{"uv":[4.25,8.1875,4.1875,8.3125],"texture":"#texture"},"south":{"uv":[0,5.25,2.1875,5.375],"texture":"#texture"},"west":{"uv":[4.1875,8.3125,4.25,8.4375],"texture":"#texture"},"up":{"uv":[13.3125,11.9375,15.5,11.875],"texture":"#texture"},"down":{"uv":[11.125,11.875,13.3125,11.9375],"texture":"#texture"}}},{"from":[10.125,10,7.5],"to":[14.875,10.125,7.625],"faces":{"north":{"uv":[14.3125,12.1875,11.9375,12.25],"texture":"#texture"},"east":{"uv":[11.9375,12.125,11.875,12.1875],"texture":"#texture"},"south":{"uv":[11.9375,12.125,14.3125,12.1875],"texture":"#texture"},"west":{"uv":[15.9375,12.375,16,12.4375],"texture":"#texture"},"up":{"uv":[9.3125,12,11.6875,11.9375],"texture":"#texture"},"down":{"uv":[4.5625,11.9375,6.9375,12],"texture":"#texture"}}},{"from":[10.125,10,8.375],"to":[14.875,10.125,8.5],"faces":{"north":{"uv":[4.5625,11.9375,2.1875,12],"texture":"#texture"},"east":{"uv":[4.25,10.6875,4.1875,10.75],"texture":"#texture"},"south":{"uv":[2.1875,11.875,4.5625,11.9375],"texture":"#texture"},"west":{"uv":[15.9375,12.0625,16,12.125],"texture":"#texture"},"up":{"uv":[11.6875,12,14.0625,11.9375],"texture":"#texture"},"down":{"uv":[6.9375,11.9375,9.3125,12],"texture":"#texture"}}},{"from":[11.625,8.625,7.375],"to":[12.625,9,7.5],"faces":{"north":{"uv":[3.1875,9,2.6875,9.1875],"texture":"#texture"},"east":{"uv":[1.75,4.375,1.6875,4.5625],"texture":"#texture"},"south":{"uv":[3.3125,9.4375,3.8125,9.625],"texture":"#texture"},"west":{"uv":[1.625,4.375,1.6875,4.5625],"texture":"#texture"},"up":{"uv":[2.6875,6.5,3.1875,6.4375],"texture":"#texture"},"down":{"uv":[3.1875,6.4375,3.6875,6.5],"texture":"#texture"}}},{"from":[11.625,8.625,8.5],"to":[12.625,9,8.625],"faces":{"north":{"uv":[2.6875,9,2.1875,9.1875],"texture":"#texture"},"east":{"uv":[2.1875,1.6875,2.125,1.875],"texture":"#texture"},"south":{"uv":[3.5625,9.25,4.0625,9.4375],"texture":"#texture"},"west":{"uv":[4.0625,10.0625,4.125,10.25],"texture":"#texture"},"up":{"uv":[2.6875,6.5625,3.1875,6.5],"texture":"#texture"},"down":{"uv":[3.1875,6.5,3.6875,6.5625],"texture":"#texture"}}},{"from":[11.75,8.625,7.5],"to":[12.75,9.625,7.625],"faces":{"north":{"uv":[2.0625,6,1.5625,6.5],"texture":"#texture"},"east":{"uv":[2.1875,5.5,2.125,6],"texture":"#texture"},"south":{"uv":[15.5,15.125,16,15.625],"texture":"#texture"},"west":{"uv":[2.125,4.375,2.1875,4.875],"texture":"#texture"},"up":{"uv":[15.5,11.9375,16,11.875],"texture":"#texture"},"down":{"uv":[2.5625,9.1875,3.0625,9.25],"texture":"#texture"}}},{"from":[11.75,8.625,7.625],"to":[12.75,9.25,8.5],"faces":{"north":{"uv":[1.9375,1,1.4375,1.3125],"texture":"#texture"},"east":{"uv":[1.6875,0.6875,1.25,1],"texture":"#texture"},"south":{"uv":[0.9375,1,1.4375,1.3125],"texture":"#texture"},"west":{"uv":[0.5,0,0.9375,0.3125],"texture":"#texture"},"up":{"uv":[0,2.125,0.5,1.6875],"texture":"#texture"},"down":{"uv":[0.5,1.6875,1,2.125],"texture":"#texture"}}},{"from":[12.625,8.75,7.375],"to":[13.25,9,7.5],"faces":{"north":{"uv":[2.1875,3.375,1.875,3.5],"texture":"#texture"},"east":{"uv":[3.1875,4.6875,3.125,4.8125],"texture":"#texture"},"south":{"uv":[0.9375,0,1.25,0.125],"texture":"#texture"},"west":{"uv":[3.125,4.8125,3.1875,4.9375],"texture":"#texture"},"up":{"uv":[2.75,5.0625,3.0625,5],"texture":"#texture"},"down":{"uv":[3.25,5.3125,3.5625,5.375],"texture":"#texture"}}},{"from":[12.625,8.75,8.5],"to":[13.25,9,8.625],"faces":{"north":{"uv":[16,12.125,15.6875,12.25],"texture":"#texture"},"east":{"uv":[3.375,4.6875,3.3125,4.8125],"texture":"#texture"},"south":{"uv":[3,6.9375,3.3125,7.0625],"texture":"#texture"},"west":{"uv":[3.3125,4.8125,3.375,4.9375],"texture":"#texture"},"up":{"uv":[15.6875,12.3125,16,12.25],"texture":"#texture"},"down":{"uv":[3.9375,6.1875,4.25,6.25],"texture":"#texture"}}},{"from":[12.75,8.75,7.5],"to":[13.375,9.625,7.625],"faces":{"north":{"uv":[1.25,0.5625,0.9375,1],"texture":"#texture"},"east":{"uv":[4.25,10.75,4.1875,11.1875],"texture":"#texture"},"south":{"uv":[1.25,0.25,1.5625,0.6875],"texture":"#texture"},"west":{"uv":[2.1875,5.5625,2.25,6],"texture":"#texture"},"up":{"uv":[3.25,5.25,3.5625,5.1875],"texture":"#texture"},"down":{"uv":[3.25,5.125,3.5625,5.1875],"texture":"#texture"}}},{"from":[12.75,8.75,7.625],"to":[13.375,9.25,8.5],"faces":{"north":{"uv":[2.1875,3.5,1.875,3.75],"texture":"#texture"},"east":{"uv":[2.1875,9.375,1.75,9.625],"texture":"#texture"},"south":{"uv":[1.25,0,1.5625,0.25],"texture":"#texture"},"west":{"uv":[3.4375,10.6875,3.875,10.9375],"texture":"#texture"},"up":{"uv":[15.6875,14.4375,16,14],"texture":"#texture"},"down":{"uv":[0.9375,0.125,1.25,0.5625],"texture":"#texture"}}},{"from":[13.375,9,7.5],"to":[14.875,9.625,7.625],"faces":{"north":{"uv":[2,3.0625,1.25,3.375],"texture":"#texture"},"east":{"uv":[3.625,5.0625,3.5625,5.375],"texture":"#texture"},"south":{"uv":[1,4.5625,1.75,4.875],"texture":"#texture"},"west":{"uv":[3.625,5.0625,3.6875,5.375],"texture":"#texture"},"up":{"uv":[15.125,12.375,15.875,12.3125],"texture":"#texture"},"down":{"uv":[15.125,12,15.875,12.0625],"texture":"#texture"}}},{"from":[13.375,9,7.625],"to":[15,9.25,8.375],"faces":{"north":{"uv":[15.9375,12.625,15.125,12.75],"texture":"#texture"},"east":{"uv":[2.1875,1.3125,1.8125,1.4375],"texture":"#texture"},"south":{"uv":[14.4375,12.875,15.25,13],"texture":"#texture"},"west":{"uv":[2.3125,7.4375,2.6875,7.5625],"texture":"#texture"},"up":{"uv":[14.6875,15.625,15.5,15.25],"texture":"#texture"},"down":{"uv":[15.125,14.4375,15.9375,14.8125],"texture":"#texture"}}},{"from":[13.375,9,8.375],"to":[14.875,9.25,8.5],"faces":{"north":{"uv":[16,12.875,15.25,13],"texture":"#texture"},"east":{"uv":[3.6875,4.6875,3.625,4.8125],"texture":"#texture"},"south":{"uv":[15.25,13,16,13.125],"texture":"#texture"},"west":{"uv":[3.625,4.8125,3.6875,4.9375],"texture":"#texture"},"up":{"uv":[1.25,3.0625,2,3],"texture":"#texture"},"down":{"uv":[14.75,12.5625,15.5,12.625],"texture":"#texture"}}},{"from":[14.375,10.125,7.5],"to":[14.875,10.5,7.625],"faces":{"north":{"uv":[4.1875,9.875,3.9375,10.0625],"texture":"#texture"},"east":{"uv":[4.1875,8.5625,4.125,8.75],"texture":"#texture"},"south":{"uv":[1.5625,0,1.8125,0.1875],"texture":"#texture"},"west":{"uv":[4.0625,8.5625,4.125,8.75],"texture":"#texture"},"up":{"uv":[3.4375,5,3.6875,4.9375],"texture":"#texture"},"down":{"uv":[3.1875,4.9375,3.4375,5],"texture":"#texture"}}},{"from":[14.375,10.125,8.375],"to":[14.875,10.5,8.5],"faces":{"north":{"uv":[2.5625,7.5625,2.3125,7.75],"texture":"#texture"},"east":{"uv":[2.6875,7.5625,2.625,7.75],"texture":"#texture"},"south":{"uv":[2.75,7.0625,3,7.25],"texture":"#texture"},"west":{"uv":[2.5625,7.5625,2.625,7.75],"texture":"#texture"},"up":{"uv":[3.9375,5,4.1875,4.9375],"texture":"#texture"},"down":{"uv":[3.6875,4.9375,3.9375,5],"texture":"#texture"}}},{"from":[14.375,10.5,7.625],"to":[14.875,10.625,7.75],"faces":{"north":{"uv":[2.5625,4.8125,2.3125,4.875],"texture":"#texture"},"east":{"uv":[3.5625,4.625,3.5,4.6875],"texture":"#texture"},"south":{"uv":[2.3125,4.75,2.5625,4.8125],"texture":"#texture"},"west":{"uv":[3.4375,4.5625,3.5,4.625],"texture":"#texture"},"up":{"uv":[2.3125,4.9375,2.5625,4.875],"texture":"#texture"},"down":{"uv":[3.6875,5.0625,3.9375,5.125],"texture":"#texture"}}},{"from":[14.375,10.5,8.25],"to":[14.875,10.625,8.375],"faces":{"north":{"uv":[2.8125,4.8125,2.5625,4.875],"texture":"#texture"},"east":{"uv":[3.75,4.625,3.6875,4.6875],"texture":"#texture"},"south":{"uv":[2.5625,4.75,2.8125,4.8125],"texture":"#texture"},"west":{"uv":[3.625,4.5625,3.6875,4.625],"texture":"#texture"},"up":{"uv":[2.5625,4.9375,2.8125,4.875],"texture":"#texture"},"down":{"uv":[2.3125,4.6875,2.5625,4.75],"texture":"#texture"}}},{"from":[14.5,10.625,7.875],"to":[15,11.125,8.125],"faces":{"north":{"uv":[2.1875,7.375,1.9375,7.625],"texture":"#texture"},"east":{"uv":[0.5,0.6875,0.375,0.9375],"texture":"#texture"},"south":{"uv":[4,8.75,4.25,9],"texture":"#texture"},"west":{"uv":[0.375,0.4375,0.5,0.6875],"texture":"#texture"},"up":{"uv":[2.75,6.6875,3,6.5625],"texture":"#texture"},"down":{"uv":[2.1875,6.25,2.4375,6.375],"texture":"#texture"}}},{"from":[14.5,10.75,7.75],"to":[15,11.125,7.875],"faces":{"north":{"uv":[2.625,6.625,2.375,6.8125],"texture":"#texture"},"east":{"uv":[3.5625,6.5625,3.5,6.75],"texture":"#texture"},"south":{"uv":[2.75,7.25,3,7.4375],"texture":"#texture"},"west":{"uv":[3.4375,6.5625,3.5,6.75],"texture":"#texture"},"up":{"uv":[2.375,6.625,2.625,6.5625],"texture":"#texture"},"down":{"uv":[2.5625,4.6875,2.8125,4.75],"texture":"#texture"}}},{"from":[14.5,10.75,8.125],"to":[15,11.125,8.25],"faces":{"north":{"uv":[3,6.875,2.75,7.0625],"texture":"#texture"},"east":{"uv":[4.125,6.5625,4.0625,6.75],"texture":"#texture"},"south":{"uv":[2.75,6.6875,3,6.875],"texture":"#texture"},"west":{"uv":[4.1875,8.5625,4.25,8.75],"texture":"#texture"},"up":{"uv":[3.6875,5.375,3.9375,5.3125],"texture":"#texture"},"down":{"uv":[3.25,5,3.5,5.0625],"texture":"#texture"}}},{"from":[14.625,10.625,7.75],"to":[14.875,10.75,7.875],"faces":{"north":{"uv":[4.25,7,4.125,7.0625],"texture":"#texture"},"east":{"uv":[2.625,4.5,2.5625,4.5625],"texture":"#texture"},"south":{"uv":[4.0625,6.9375,4.1875,7],"texture":"#texture"},"west":{"uv":[2.5,4.5,2.5625,4.5625],"texture":"#texture"},"up":{"uv":[4.125,7.125,4.25,7.0625],"texture":"#texture"},"down":{"uv":[4.125,7.125,4.25,7.1875],"texture":"#texture"}}},{"from":[14.625,10.625,8.125],"to":[14.875,10.75,8.25],"faces":{"north":{"uv":[4.1875,6.75,4.0625,6.8125],"texture":"#texture"},"east":{"uv":[3,4.5,2.9375,4.5625],"texture":"#texture"},"south":{"uv":[4.125,6.5625,4.25,6.625],"texture":"#texture"},"west":{"uv":[2.875,4.5,2.9375,4.5625],"texture":"#texture"},"up":{"uv":[4.0625,6.875,4.1875,6.8125],"texture":"#texture"},"down":{"uv":[4.0625,6.875,4.1875,6.9375],"texture":"#texture"}}},{"from":[14.625,11.125,7.75],"to":[14.875,11.25,8.25],"faces":{"north":{"uv":[4.25,6.375,4.125,6.4375],"texture":"#texture"},"east":{"uv":[3.9375,5.25,3.6875,5.3125],"texture":"#texture"},"south":{"uv":[4.0625,5.5,4.1875,5.5625],"texture":"#texture"},"west":{"uv":[3.9375,5.3125,4.1875,5.375],"texture":"#texture"},"up":{"uv":[2,3.375,2.125,3.125],"texture":"#texture"},"down":{"uv":[2,1.875,2.125,2.125],"texture":"#texture"}}},{"from":[14.875,10.5,7.875],"to":[15,10.625,8.125],"faces":{"north":{"uv":[3.5625,4.5,3.5,4.5625],"texture":"#texture"},"east":{"uv":[4.1875,5.375,4.0625,5.4375],"texture":"#texture"},"south":{"uv":[3.5625,4.5,3.625,4.5625],"texture":"#texture"},"west":{"uv":[4.0625,5.4375,4.1875,5.5],"texture":"#texture"},"up":{"uv":[4.1875,4.9375,4.25,4.8125],"texture":"#texture"},"down":{"uv":[4.125,4.8125,4.1875,4.9375],"texture":"#texture"}}},{"from":[15.875,9.25,7.75],"to":[16,9.75,8.25],"faces":{"north":{"uv":[4.125,9.1875,4.0625,9.4375],"texture":"#texture"},"east":{"uv":[2.1875,1.0625,1.9375,1.3125],"texture":"#texture"},"south":{"uv":[4.125,9.1875,4.1875,9.4375],"texture":"#texture"},"west":{"uv":[2.3125,7.75,2.5625,8],"texture":"#texture"},"up":{"uv":[3.875,10.9375,3.9375,10.6875],"texture":"#texture"},"down":{"uv":[2.125,1.875,2.1875,2.125],"texture":"#texture"}}}],"display":{"thirdperson_righthand":{"rotation":[0,90,0]},"thirdperson_lefthand":{"rotation":[0,-90,0]},"firstperson_righthand":{"rotation":[0,90,0]},"firstperson_lefthand":{"rotation":[0,-90,0]},"ground":{"rotation":[90,0,0],"translation":[0,-40,0],"scale":[5,5,5]},"gui":{"rotation":[0,0,31],"translation":[0.65,-0.95,0.2]},"fixed":{"rotation":[0,180,0],"translation":[0,-0.5,0],"scale":[1.35,1.35,1.35]}}}