{"textures":{"texture":"inne/minigun","iron_hoe_1":"inne/iron_hoe_1","diamond_hoe_1":"inne/diamond_hoe_1"},"elements":[{"from":[22.0625,11.5625,6.5],"to":[23.0625,12.0625,9.5],"faces":{"north":{"uv":[9.75,8.75,10,9.25],"texture":"#texture"},"east":{"uv":[12.75,8.75,9.75,9.25],"texture":"#texture"},"south":{"uv":[12.75,8.75,12.5,9.25],"texture":"#texture"},"west":{"uv":[9.75,8.75,12.75,9.25],"texture":"#texture"},"up":{"uv":[9.75,8.75,12.75,9],"rotation":90,"texture":"#texture"},"down":{"uv":[9.75,9.25,12.75,9],"rotation":270,"texture":"#texture"}}},{"from":[22.0625,12.0625,6.75],"to":[23.0625,12.5625,9.25],"faces":{"north":{"uv":[10,8.25,10.25,8.75],"texture":"#texture"},"east":{"uv":[12.5,8.25,10,8.75],"texture":"#texture"},"south":{"uv":[12.5,8.25,12.25,8.75],"texture":"#texture"},"west":{"uv":[10,8.25,12.5,8.75],"texture":"#texture"},"up":{"uv":[10,8.25,12.5,8.5],"rotation":90,"texture":"#texture"}}},{"from":[22.0625,11.0625,6.75],"to":[23.0625,11.5625,9.25],"faces":{"north":{"uv":[10,9.25,10.25,9.75],"texture":"#texture"},"east":{"uv":[12.5,9.25,10,9.75],"texture":"#texture"},"south":{"uv":[12.5,9.25,12.25,9.75],"texture":"#texture"},"west":{"uv":[10,9.25,12.5,9.75],"texture":"#texture"},"down":{"uv":[10,9.75,12.5,9.5],"rotation":270,"texture":"#texture"}}},{"from":[22.0625,12.5625,7],"to":[23.0625,12.8125,9],"faces":{"north":{"uv":[10.25,8,10.5,8.25],"texture":"#texture"},"east":{"uv":[12.25,8,10.25,8.25],"texture":"#texture"},"south":{"uv":[12.25,8,12,8.25],"texture":"#texture"},"west":{"uv":[10.25,8,12.25,8.25],"texture":"#texture"},"up":{"uv":[10.25,8,12.25,8.25],"rotation":90,"texture":"#texture"}}},{"from":[22.0625,10.8125,7],"to":[23.0625,11.0625,9],"faces":{"north":{"uv":[10.25,9.75,10.5,10],"texture":"#texture"},"east":{"uv":[12.25,9.75,10.25,10],"texture":"#texture"},"south":{"uv":[12.25,9.75,12,10],"texture":"#texture"},"west":{"uv":[10.25,9.75,12.25,10],"texture":"#texture"},"down":{"uv":[10.25,10,12.25,9.75],"rotation":270,"texture":"#texture"}}},{"from":[22.0625,12.8125,7.25],"to":[23.0625,13.0625,8.75],"faces":{"north":{"uv":[10.5,7.75,10.75,8],"texture":"#texture"},"east":{"uv":[12,7.75,10.5,8],"texture":"#texture"},"south":{"uv":[12,7.75,11.75,8],"texture":"#texture"},"west":{"uv":[10.5,7.75,12,8],"texture":"#texture"},"up":{"uv":[10.5,7.75,12,8],"rotation":90,"texture":"#texture"}}},{"from":[22.0625,10.5625,7.25],"to":[23.0625,10.8125,8.75],"faces":{"north":{"uv":[10.5,10,10.75,10.25],"texture":"#texture"},"east":{"uv":[12,10,10.5,10.25],"texture":"#texture"},"south":{"uv":[12,10,11.75,10.25],"texture":"#texture"},"west":{"uv":[10.5,10,12,10.25],"texture":"#texture"},"down":{"uv":[10.5,10.25,12,10],"rotation":270,"texture":"#texture"}}},{"from":[22.0625,13.0625,7.75],"to":[23.0625,13.3125,8.25],"faces":{"north":{"uv":[11,7.5,11.25,7.75],"texture":"#texture"},"east":{"uv":[11.5,7.5,11,7.75],"texture":"#texture"},"south":{"uv":[11.5,7.5,11.25,7.75],"texture":"#texture"},"west":{"uv":[11,7.5,11.5,7.75],"texture":"#texture"},"up":{"uv":[11,7.5,11.5,7.75],"rotation":90,"texture":"#texture"}}},{"from":[22.0625,10.3125,7.75],"to":[23.0625,10.5625,8.25],"faces":{"north":{"uv":[11,10.25,11.25,10.5],"texture":"#texture"},"east":{"uv":[11.5,10.25,11,10.5],"texture":"#texture"},"south":{"uv":[11.5,10.25,11.25,10.5],"texture":"#texture"},"west":{"uv":[11,10.25,11.5,10.5],"texture":"#texture"},"down":{"uv":[11,10.5,11.5,10.25],"rotation":270,"texture":"#texture"}}},{"from":[0.75,12.5625,7.25],"to":[1,13.8125,8.75],"faces":{"north":{"uv":[1,12.25,0.75,13.5],"texture":"#texture"},"east":{"uv":[1,12.25,0.75,13.5],"texture":"#texture"},"south":{"uv":[0.75,12.25,1,13.5],"texture":"#texture"},"west":{"uv":[0.75,12.25,1,13.5],"texture":"#texture"},"up":{"uv":[0.75,12.25,1,12.5],"texture":"#texture"},"down":{"uv":[0.75,13.5,1,13.25],"texture":"#texture"}}},{"from":[1,13.5,7.25],"to":[1.25,14,8.75],"faces":{"north":{"uv":[1.25,12,1,12.5],"texture":"#texture"},"east":{"uv":[1.25,12,1,12.5],"texture":"#texture"},"south":{"uv":[1,12,1.25,12.5],"texture":"#texture"},"west":{"uv":[1,12,1.25,12.5],"texture":"#texture"},"up":{"uv":[1,12,1.25,12.25],"texture":"#texture"},"down":{"uv":[1,12.5,1.25,12.25],"texture":"#texture"}}},{"from":[1,12.25,7.5],"to":[1.25,12.75,8.5],"faces":{"north":{"uv":[1.25,13.25,1,13.75],"texture":"#texture"},"east":{"uv":[1.25,13.25,1,13.75],"texture":"#texture"},"south":{"uv":[1,13.25,1.25,13.75],"texture":"#texture"},"west":{"uv":[1,13.25,1.25,13.75],"texture":"#texture"}}},{"from":[1.25,14,7.25],"to":[1.5,14.25,8.75],"faces":{"north":{"uv":[1.5,11.75,1.25,12],"texture":"#texture"},"east":{"uv":[1.5,11.75,1.25,12],"texture":"#texture"},"south":{"uv":[1.25,11.75,1.5,12],"texture":"#texture"},"west":{"uv":[1.25,11.75,1.5,12],"texture":"#texture"},"up":{"uv":[1.25,11.75,1.5,12],"texture":"#texture"},"down":{"uv":[1.25,12,1.5,11.75],"texture":"#texture"}}},{"from":[1.25,12,7.5],"to":[1.5,12.5,8.5],"faces":{"north":{"uv":[1.5,13.5,1.25,14],"texture":"#texture"},"east":{"uv":[1.5,13.5,1.25,14],"texture":"#texture"},"south":{"uv":[1.25,13.5,1.5,14],"texture":"#texture"},"west":{"uv":[1.25,13.5,1.5,14],"texture":"#texture"}}},{"from":[1.5,14.25,7.25],"to":[1.75,14.5,8.75],"faces":{"north":{"uv":[1.75,11.5,1.5,11.75],"texture":"#texture"},"east":{"uv":[1.75,11.5,1.5,11.75],"texture":"#texture"},"south":{"uv":[1.5,11.5,1.75,11.75],"texture":"#texture"},"west":{"uv":[1.5,11.5,1.75,11.75],"texture":"#texture"},"up":{"uv":[1.5,11.5,1.75,11.75],"texture":"#texture"},"down":{"uv":[1.5,11.75,1.75,11.5],"texture":"#texture"}}},{"from":[1.5,11.75,7.5],"to":[1.75,12.25,8.5],"faces":{"north":{"uv":[1.75,13.75,1.5,14.25],"texture":"#texture"},"east":{"uv":[1.75,13.75,1.5,14.25],"texture":"#texture"},"south":{"uv":[1.5,13.75,1.75,14.25],"texture":"#texture"},"west":{"uv":[1.5,13.75,1.75,14.25],"texture":"#texture"}}},{"from":[1.75,14.5,7.25],"to":[2,14.75,8.75],"faces":{"north":{"uv":[2,11.25,1.75,11.5],"texture":"#texture"},"east":{"uv":[2,11.25,1.75,11.5],"texture":"#texture"},"south":{"uv":[1.75,11.25,2,11.5],"texture":"#texture"},"west":{"uv":[1.75,11.25,2,11.5],"texture":"#texture"},"up":{"uv":[1.75,11.25,2,11.5],"texture":"#texture"},"down":{"uv":[1.75,11.5,2,11.25],"texture":"#texture"}}},{"from":[1.75,11.75,7.5],"to":[2,12,8.5],"faces":{"north":{"uv":[2,14,1.75,14.25],"texture":"#texture"},"south":{"uv":[1.75,14,2,14.25],"texture":"#texture"}}},{"from":[2.25,14.75,7.5],"to":[3.25,15,8.5],"faces":{"north":{"uv":[3.25,11,2.25,11.25],"texture":"#texture"},"south":{"uv":[2.25,11,3.25,11.25],"texture":"#texture"},"up":{"uv":[2.25,11,3.25,11.25],"texture":"#texture"}}},{"from":[2.5,15,7.25],"to":[3.75,15.25,8.75],"faces":{"north":{"uv":[3.75,10.75,2.5,11],"texture":"#texture"},"east":{"uv":[3.75,10.75,3.5,11],"texture":"#texture"},"south":{"uv":[2.5,10.75,3.75,11],"texture":"#texture"},"west":{"uv":[2.5,10.75,2.75,11],"texture":"#texture"},"up":{"uv":[2.5,10.75,3.75,11],"texture":"#texture"},"down":{"uv":[2.5,11,3.75,10.75],"texture":"#texture"}}},{"from":[0.5,12.25,7.5],"to":[0.75,14,8.5],"faces":{"north":{"uv":[0.75,12,0.5,13.75],"texture":"#texture"},"east":{"uv":[0.75,12,0.5,13.75],"texture":"#texture"},"south":{"uv":[0.5,12,0.75,13.75],"texture":"#texture"},"west":{"uv":[0.5,12,0.75,13.75],"texture":"#texture"},"up":{"uv":[0.5,12,0.75,12.25],"texture":"#texture"}}},{"from":[0.75,13.75,7.5],"to":[1,14.25,8.5],"faces":{"north":{"uv":[1,11.75,0.75,12.25],"texture":"#texture"},"east":{"uv":[1,11.75,0.75,12.25],"texture":"#texture"},"south":{"uv":[0.75,11.75,1,12.25],"texture":"#texture"},"west":{"uv":[0.75,11.75,1,12.25],"texture":"#texture"},"up":{"uv":[0.75,11.75,1,12],"texture":"#texture"},"down":{"uv":[0.75,12.25,1,12],"texture":"#texture"}}},{"from":[0.75,12,7.5],"to":[1,12.5,8.5],"faces":{"north":{"uv":[1,13.5,0.75,14],"texture":"#texture"},"east":{"uv":[1,13.5,0.75,14],"texture":"#texture"},"south":{"uv":[0.75,13.5,1,14],"texture":"#texture"},"west":{"uv":[0.75,13.5,1,14],"texture":"#texture"}}},{"from":[1,14,7.5],"to":[1.25,14.5,8.5],"faces":{"north":{"uv":[1.25,11.5,1,12],"texture":"#texture"},"east":{"uv":[1.25,11.5,1,12],"texture":"#texture"},"south":{"uv":[1,11.5,1.25,12],"texture":"#texture"},"west":{"uv":[1,11.5,1.25,12],"texture":"#texture"},"up":{"uv":[1,11.5,1.25,11.75],"texture":"#texture"}}},{"from":[1,12.75,7.5],"to":[1.25,13.5,8.5],"faces":{"north":{"uv":[1.25,12.5,1,13.25],"texture":"#texture"},"east":{"uv":[1.25,12.5,1,13.25],"texture":"#texture"},"south":{"uv":[1,12.5,1.25,13.25],"texture":"#texture"}}},{"from":[1,11.75,7.5],"to":[1.25,12.25,8.5],"faces":{"north":{"uv":[1.25,13.75,1,14.25],"texture":"#texture"},"east":{"uv":[1.25,13.75,1,14.25],"texture":"#texture"},"south":{"uv":[1,13.75,1.25,14.25],"texture":"#texture"},"west":{"uv":[1,13.75,1.25,14.25],"texture":"#texture"}}},{"from":[1.25,14.25,7.5],"to":[1.5,14.75,8.5],"faces":{"north":{"uv":[1.5,11.25,1.25,11.75],"texture":"#texture"},"east":{"uv":[1.5,11.25,1.25,11.75],"texture":"#texture"},"south":{"uv":[1.25,11.25,1.5,11.75],"texture":"#texture"},"west":{"uv":[1.25,11.25,1.5,11.75],"texture":"#texture"},"up":{"uv":[1.25,11.25,1.5,11.5],"texture":"#texture"}}},{"from":[1.25,13.25,7.5],"to":[1.5,14,8.5],"faces":{"north":{"uv":[1.5,12,1.25,12.75],"texture":"#texture"},"east":{"uv":[1.5,12,1.25,12.75],"texture":"#texture"},"south":{"uv":[1.25,12,1.5,12.75],"texture":"#texture"},"west":{"uv":[1.25,12,1.5,12.75],"texture":"#texture"},"down":{"uv":[1.25,12.75,1.5,12.5],"texture":"#texture"}}},{"from":[1.25,12.5,7.5],"to":[1.5,13,8.5],"faces":{"north":{"uv":[1.5,13,1.25,13.5],"texture":"#texture"},"east":{"uv":[1.5,13,1.25,13.5],"texture":"#texture"},"south":{"uv":[1.25,13,1.5,13.5],"texture":"#texture"},"west":{"uv":[1.25,13,1.5,13.5],"texture":"#texture"},"up":{"uv":[1.25,13,1.5,13.25],"texture":"#texture"}}},{"from":[1.25,11.75,7.5],"to":[1.5,12,8.5],"faces":{"north":{"uv":[1.5,14,1.25,14.25],"texture":"#texture"},"south":{"uv":[1.25,14,1.5,14.25],"texture":"#texture"}}},{"from":[1.5,14.5,7.5],"to":[1.75,15,8.5],"faces":{"north":{"uv":[1.75,11,1.5,11.5],"texture":"#texture"},"east":{"uv":[1.75,11,1.5,11.5],"texture":"#texture"},"south":{"uv":[1.5,11,1.75,11.5],"texture":"#texture"},"west":{"uv":[1.5,11,1.75,11.5],"texture":"#texture"},"up":{"uv":[1.5,11,1.75,11.25],"texture":"#texture"}}},{"from":[1.5,13.75,7.5],"to":[1.75,14.25,8.5],"faces":{"north":{"uv":[1.75,11.75,1.5,12.25],"texture":"#texture"},"east":{"uv":[1.75,11.75,1.5,12.25],"texture":"#texture"},"south":{"uv":[1.5,11.75,1.75,12.25],"texture":"#texture"},"west":{"uv":[1.5,11.75,1.75,12.25],"texture":"#texture"},"down":{"uv":[1.5,12.25,1.75,12],"texture":"#texture"}}},{"from":[1.75,14.75,7.5],"to":[2.25,15,8.5],"faces":{"north":{"uv":[2.25,11,1.75,11.25],"texture":"#texture"},"south":{"uv":[1.75,11,2.25,11.25],"texture":"#texture"},"up":{"uv":[1.75,11,2.25,11.25],"texture":"#texture"},"down":{"uv":[1.75,11.25,2.25,11],"texture":"#texture"}}},{"from":[1.75,14,7.5],"to":[2,14.5,8.5],"faces":{"north":{"uv":[2,11.5,1.75,12],"texture":"#texture"},"east":{"uv":[2,11.5,1.75,12],"texture":"#texture"},"south":{"uv":[1.75,11.5,2,12],"texture":"#texture"},"west":{"uv":[1.75,11.5,2,12],"texture":"#texture"},"down":{"uv":[1.75,12,2,11.75],"texture":"#texture"}}},{"from":[1.75,12,7.5],"to":[2,12.5,8.5],"faces":{"north":{"uv":[2,13.5,1.75,14],"texture":"#texture"},"east":{"uv":[2,13.5,1.75,14],"texture":"#texture"},"south":{"uv":[1.75,13.5,2,14],"texture":"#texture"},"west":{"uv":[1.75,13.5,2,14],"texture":"#texture"}}},{"from":[2,15,7.5],"to":[2.5,15.25,8.5],"faces":{"north":{"uv":[2.5,10.75,2,11],"texture":"#texture"},"south":{"uv":[2,10.75,2.5,11],"texture":"#texture"},"west":{"uv":[2,10.75,2.25,11],"texture":"#texture"},"up":{"uv":[2,10.75,2.5,11],"texture":"#texture"},"down":{"uv":[2,11,2.5,10.75],"texture":"#texture"}}},{"from":[2,14.25,7.5],"to":[2.25,14.75,8.5],"faces":{"north":{"uv":[2.25,11.25,2,11.75],"texture":"#texture"},"east":{"uv":[2.25,11.25,2,11.75],"texture":"#texture"},"south":{"uv":[2,11.25,2.25,11.75],"texture":"#texture"},"west":{"uv":[2,11.25,2.25,11.75],"texture":"#texture"},"down":{"uv":[2,11.75,2.25,11.5],"texture":"#texture"}}},{"from":[2,11.75,7.5],"to":[2.25,12.25,8.5],"faces":{"north":{"uv":[2.25,13.75,2,14.25],"texture":"#texture"},"east":{"uv":[2.25,13.75,2,14.25],"texture":"#texture"},"south":{"uv":[2,13.75,2.25,14.25],"texture":"#texture"},"west":{"uv":[2,13.75,2.25,14.25],"texture":"#texture"}}},{"from":[2.25,15.25,7.5],"to":[4,15.5,8.5],"faces":{"north":{"uv":[4,10.5,2.25,10.75],"texture":"#texture"},"east":{"uv":[4,10.5,3.75,10.75],"texture":"#texture"},"south":{"uv":[2.25,10.5,4,10.75],"texture":"#texture"},"west":{"uv":[2.25,10.5,2.5,10.75],"texture":"#texture"},"up":{"uv":[2.25,10.5,4,10.75],"texture":"#texture"},"down":{"uv":[2.25,10.75,4,10.5],"texture":"#texture"}}},{"from":[2.25,14.5,7.5],"to":[3.5,14.75,8.5],"faces":{"north":{"uv":[3.5,11.25,2.25,11.5],"texture":"#texture"},"east":{"uv":[3.5,11.25,3.25,11.5],"texture":"#texture"},"south":{"uv":[2.25,11.25,3.5,11.5],"texture":"#texture"},"up":{"uv":[2.25,11.25,3.5,11.5],"texture":"#texture"},"down":{"uv":[2.25,11.5,3.5,11.25],"texture":"#texture"}}},{"from":[2.25,11.75,7.5],"to":[2.5,12,8.5],"faces":{"north":{"uv":[2.5,14,2.25,14.25],"texture":"#texture"},"east":{"uv":[2.5,14,2.25,14.25],"texture":"#texture"},"south":{"uv":[2.25,14,2.5,14.25],"texture":"#texture"}}},{"from":[3.25,14.75,7.5],"to":[4,15,8.5],"faces":{"north":{"uv":[4,11,3.25,11.25],"texture":"#texture"},"east":{"uv":[4,11,3.75,11.25],"texture":"#texture"},"south":{"uv":[3.25,11,4,11.25],"texture":"#texture"},"up":{"uv":[3.25,11,4,11.25],"texture":"#texture"},"down":{"uv":[3.25,11.25,4,11],"texture":"#texture"}}},{"from":[3.75,15,7.5],"to":[4,15.25,8.5],"faces":{"north":{"uv":[4,10.75,3.75,11],"texture":"#texture"},"east":{"uv":[4,10.75,3.75,11],"texture":"#texture"},"south":{"uv":[3.75,10.75,4,11],"texture":"#texture"}}},{"from":[0.75,12.5,7.5],"to":[2.75,12.75,8.5],"faces":{"north":{"uv":[2.75,3.25,0.75,3.5],"texture":"#texture"},"east":{"uv":[2.75,3.25,2.5,3.5],"texture":"#texture"},"south":{"uv":[0.75,3.25,2.75,3.5],"texture":"#texture"},"up":{"uv":[0.75,3.25,2.75,3.5],"texture":"#texture"}}},{"from":[0.5,12.25,7.125],"to":[3.25,12.5,8.875],"faces":{"north":{"uv":[3.25,3.5,0.5,3.75],"texture":"#texture"},"east":{"uv":[3.25,3.5,3,3.75],"texture":"#texture"},"south":{"uv":[0.5,3.5,3.25,3.75],"texture":"#texture"},"west":{"uv":[0.5,3.5,0.75,3.75],"texture":"#texture"},"up":{"uv":[0.5,3.5,3.25,3.75],"texture":"#texture"},"down":{"uv":[0.5,3.75,3.25,3.5],"texture":"#texture"}}},{"from":[0.75,12,6.75],"to":[3.25,12.25,9.25],"faces":{"north":{"uv":[3.25,3.75,0.75,4],"texture":"#texture"},"east":{"uv":[3.25,3.75,3,4],"texture":"#texture"},"south":{"uv":[0.75,3.75,3.25,4],"texture":"#texture"},"west":{"uv":[0.75,3.75,1,4],"texture":"#texture"},"up":{"uv":[0.75,3.75,3.25,4],"texture":"#texture"},"down":{"uv":[0.75,4,3.25,3.75],"texture":"#texture"}}},{"from":[1,11.75,6.6875],"to":[3.25,12,9.3125],"faces":{"north":{"uv":[3.25,4,1,4.25],"texture":"#texture"},"east":{"uv":[3.25,4,3,4.25],"texture":"#texture"},"south":{"uv":[1,4,3.25,4.25],"texture":"#texture"},"west":{"uv":[1,4,1.25,4.25],"texture":"#texture"},"up":{"uv":[1,4,3.25,4.25],"texture":"#texture"},"down":{"uv":[1,4.25,3.25,4],"texture":"#texture"}}},{"from":[1.25,11.5,6.5625],"to":[3.25,11.75,9.4375],"faces":{"north":{"uv":[3.25,4.25,1.25,4.5],"texture":"#texture"},"east":{"uv":[3.25,4.25,3,4.5],"texture":"#texture"},"south":{"uv":[1.25,4.25,3.25,4.5],"texture":"#texture"},"west":{"uv":[1.25,4.25,1.5,4.5],"texture":"#texture"},"up":{"uv":[1.25,4.25,3.25,4.5],"texture":"#texture"},"down":{"uv":[1.25,4.5,3.25,4.25],"texture":"#texture"}}},{"from":[4,12.4375,7.625],"to":[4.25,12.6875,8.375],"faces":{"north":{"uv":[4.25,3.25,4,3.5],"texture":"#texture"},"east":{"uv":[4.25,3.25,4,3.5],"texture":"#texture"},"south":{"uv":[4,3.25,4.25,3.5],"texture":"#texture"},"west":{"uv":[4,3.25,4.25,3.5],"texture":"#texture"},"up":{"uv":[4,3.25,4.25,3.5],"texture":"#texture"},"down":{"uv":[4,3.5,4.25,3.25],"texture":"#texture"}}},{"from":[3.25,12.25,7.5],"to":[4.25,12.5,8.5],"faces":{"north":{"uv":[4.25,3.5,3.25,3.75],"texture":"#texture"},"south":{"uv":[3.25,3.5,4.25,3.75],"texture":"#texture"},"up":{"uv":[3.25,3.5,4.25,3.75],"texture":"#texture"}}},{"from":[3.25,12,7.25],"to":[4.25,12.25,8.75],"faces":{"north":{"uv":[4.25,3.75,3.25,4],"texture":"#texture"},"south":{"uv":[3.25,3.75,4.25,4],"texture":"#texture"},"up":{"uv":[3.25,3.75,4.25,4],"texture":"#texture"}}},{"from":[3.25,11.75,6.9375],"to":[4.25,12,9.125],"faces":{"north":{"uv":[4.25,4,3.25,4.25],"texture":"#texture"},"south":{"uv":[3.25,4,4.25,4.25],"texture":"#texture"},"up":{"uv":[3.25,4,4.25,4.25],"texture":"#texture"}}},{"from":[3.25,11.5,6.6875],"to":[4.5,11.75,9.3125],"faces":{"north":{"uv":[4.5,4.25,3.25,4.5],"texture":"#texture"},"south":{"uv":[3.25,4.25,4.5,4.5],"texture":"#texture"},"up":{"uv":[3.25,4.25,4.5,4.5],"texture":"#texture"}}},{"from":[0.1875,10.875,7.75],"to":[3,11.125,8.125],"faces":{"north":{"uv":[3,5.25,0.25,5.5],"texture":"#texture"},"east":{"uv":[3,5.25,2.75,5.5],"texture":"#texture"},"south":{"uv":[0.25,5.25,3,5.5],"texture":"#texture"},"west":{"uv":[0.25,5.25,0.5,5.5],"texture":"#texture"},"down":{"uv":[0.25,5.5,3,5.25],"texture":"#texture"}}},{"from":[0,11,7.625],"to":[3,11.25,8.25],"faces":{"north":{"uv":[3,5,0,5.25],"texture":"#texture"},"south":{"uv":[0,5,3,5.25],"texture":"#texture"},"west":{"uv":[0,5,0.25,5.25],"texture":"#texture"},"down":{"uv":[0,5.25,3,5],"texture":"#texture"}}},{"from":[0,11.125,7.375],"to":[3,11.375,8.625],"faces":{"north":{"uv":[3,4.75,0,5],"texture":"#texture"},"east":{"uv":[3,4.75,2.75,5],"texture":"#texture"},"south":{"uv":[0,4.75,3,5],"texture":"#texture"},"west":{"uv":[0,4.75,0.25,5],"texture":"#texture"},"up":{"uv":[0,4.75,3,5],"texture":"#texture"},"down":{"uv":[0,5,3,4.75],"texture":"#texture"}}},{"from":[0,11.25,7.25],"to":[3,11.5,8.75],"faces":{"north":{"uv":[3,4.5,0,4.75],"texture":"#texture"},"south":{"uv":[0,4.5,3,4.75],"texture":"#texture"},"west":{"uv":[0,4.5,0.25,4.75],"texture":"#texture"},"up":{"uv":[0,4.5,3,4.75],"texture":"#texture"},"down":{"uv":[0,4.75,3,4.5],"texture":"#texture"}}},{"from":[0,11.5,7.125],"to":[1.25,11.75,8.875],"faces":{"north":{"uv":[1.25,4.25,0,4.5],"texture":"#texture"},"south":{"uv":[0,4.25,1.25,4.5],"texture":"#texture"},"west":{"uv":[0,4.25,0.25,4.5],"texture":"#texture"},"up":{"uv":[0,4.25,1.25,4.5],"texture":"#texture"},"down":{"uv":[0,4.5,1.25,4.25],"texture":"#texture"}}},{"from":[0,11.75,7],"to":[1.125,12,9],"faces":{"north":{"uv":[1,4,0,4.25],"texture":"#texture"},"east":{"uv":[1,4,0.75,4.25],"texture":"#texture"},"south":{"uv":[0,4,1,4.25],"texture":"#texture"},"west":{"uv":[0,4,0.25,4.25],"texture":"#texture"},"up":{"uv":[0,4,1,4.25],"texture":"#texture"},"down":{"uv":[0,4.25,1,4],"texture":"#texture"}}},{"from":[0.3125,12,6.875],"to":[0.8125,12.25,9.125],"faces":{"north":{"uv":[0.75,3.75,0.25,4],"texture":"#texture"},"east":{"uv":[0.75,3.75,0.5,4],"texture":"#texture"},"south":{"uv":[0.25,3.75,0.75,4],"texture":"#texture"},"west":{"uv":[0.25,3.75,0.5,4],"texture":"#texture"},"up":{"uv":[0.25,3.75,0.75,4],"texture":"#texture"},"down":{"uv":[0.25,4,0.75,3.75],"texture":"#texture"}}},{"from":[5,10.25,7.5],"to":[6.75,10.5,8.5],"faces":{"north":{"uv":[6.75,5.5,5,5.75],"texture":"#texture"},"south":{"uv":[5,5.5,6.75,5.75],"texture":"#texture"}}},{"from":[4.75,10,7.25],"to":[7.25,10.25,8.75],"faces":{"north":{"uv":[7.25,5.75,4.75,6],"texture":"#texture"},"east":{"uv":[7.25,5.75,7,6],"texture":"#texture"},"south":{"uv":[4.75,5.75,7.25,6],"texture":"#texture"},"up":{"uv":[4.75,5.75,7.25,6],"texture":"#texture"},"down":{"uv":[4.75,6,7.25,5.75],"texture":"#texture"}}},{"from":[7.75,10,7.25],"to":[12.25,10.25,8.75],"faces":{"north":{"uv":[12.25,5.75,7.75,6],"texture":"#texture"},"south":{"uv":[7.75,5.75,12.25,6],"texture":"#texture"},"west":{"uv":[7.75,5.75,8,6],"texture":"#texture"},"up":{"uv":[7.75,5.75,12.25,6],"texture":"#texture"},"down":{"uv":[7.75,6,12.25,5.75],"texture":"#texture"}}},{"from":[4.75,9.75,7.375],"to":[7.25,10,8.625],"faces":{"north":{"uv":[7.25,6,4.75,6.25],"texture":"#texture"},"east":{"uv":[7.25,6,7,6.25],"texture":"#texture"},"south":{"uv":[4.75,6,7.25,6.25],"texture":"#texture"},"west":{"uv":[4.75,6,5,6.25],"texture":"#texture"},"down":{"uv":[4.75,6.25,7.25,6],"texture":"#texture"}}},{"from":[9.5,9.75,7.375],"to":[13,10,8.625],"faces":{"north":{"uv":[13,6,9.5,6.25],"texture":"#texture"},"east":{"uv":[13,6,12.75,6.25],"texture":"#texture"},"south":{"uv":[9.5,6,13,6.25],"texture":"#texture"},"west":{"uv":[9.5,6,9.75,6.25],"texture":"#texture"},"up":{"uv":[9.5,6,13,6.25],"texture":"#texture"},"down":{"uv":[9.5,6.25,13,6],"texture":"#texture"}}},{"from":[6,9.5,7.5],"to":[6.75,9.75,8.5],"faces":{"north":{"uv":[6.75,6.25,6,6.5],"texture":"#texture"},"east":{"uv":[6.75,6.25,6.5,6.5],"texture":"#texture"},"south":{"uv":[6,6.25,6.75,6.5],"texture":"#texture"},"west":{"uv":[6,6.25,6.25,6.5],"texture":"#texture"},"down":{"uv":[6,6.5,6.75,6.25],"texture":"#texture"}}},{"from":[3,10.5,7.25],"to":[6.75,10.75,8.75],"faces":{"north":{"uv":[6.75,5.25,3,5.5],"texture":"#texture"},"south":{"uv":[3,5.25,6.75,5.5],"texture":"#texture"},"west":{"uv":[3,5.25,3.25,5.5],"texture":"#texture"},"down":{"uv":[3,5.5,6.75,5.25],"texture":"#texture"}}},{"from":[3,10.25,7.375],"to":[5,10.5,8.625],"faces":{"north":{"uv":[5,5.5,3,5.75],"texture":"#texture"},"east":{"uv":[5,5.5,4.75,5.75],"texture":"#texture"},"south":{"uv":[3,5.5,5,5.75],"texture":"#texture"},"west":{"uv":[3,5.5,3.25,5.75],"texture":"#texture"},"down":{"uv":[3,5.75,5,5.5],"texture":"#texture"}}},{"from":[3,10.75,7.125],"to":[6.75,11,8.875],"faces":{"north":{"uv":[6.75,5,3,5.25],"texture":"#texture"},"south":{"uv":[3,5,6.75,5.25],"texture":"#texture"},"west":{"uv":[3,5,3.25,5.25],"texture":"#texture"},"up":{"uv":[3,5,6.75,5.25],"texture":"#texture"},"down":{"uv":[3,5.25,6.75,5],"texture":"#texture"}}},{"from":[3,11,6.75],"to":[5,11.25,9.25],"faces":{"north":{"uv":[5,4.75,3,5],"texture":"#texture"},"south":{"uv":[3,4.75,5,5],"texture":"#texture"},"west":{"uv":[3,4.75,3.25,5],"texture":"#texture"},"up":{"uv":[3,4.75,5,5],"texture":"#texture"},"down":{"uv":[3,5,5,4.75],"texture":"#texture"}}},{"from":[3,11.25,6.5],"to":[4.75,11.5,9.5],"faces":{"north":{"uv":[4.75,4.5,3,4.75],"texture":"#texture"},"south":{"uv":[3,4.5,4.75,4.75],"texture":"#texture"},"west":{"uv":[3,4.5,3.25,4.75],"texture":"#texture"},"up":{"uv":[3,4.5,4.75,4.75],"texture":"#texture"},"down":{"uv":[3,4.75,4.75,4.5],"texture":"#texture"}}},{"from":[3.25,10,7.25],"to":[4.75,10.25,8.75],"faces":{"north":{"uv":[4.75,5.75,3.25,6],"texture":"#texture"},"south":{"uv":[3.25,5.75,4.75,6],"texture":"#texture"},"west":{"uv":[3.25,5.75,3.5,6],"texture":"#texture"},"up":{"uv":[3.25,5.75,4.75,6],"texture":"#texture"},"down":{"uv":[3.25,6,4.75,5.75],"texture":"#texture"}}},{"from":[4.5,13,7],"to":[5.5,13.25,9.125],"faces":{"north":{"uv":[5.5,2.75,4.5,3],"texture":"#texture"},"east":{"uv":[5.5,2.75,5.25,3],"texture":"#texture"},"south":{"uv":[4.5,2.75,5.5,3],"texture":"#texture"},"west":{"uv":[4.5,2.75,4.75,3],"texture":"#texture"},"up":{"uv":[4.5,2.75,5.5,3],"texture":"#texture"}}},{"from":[4.5,12.75,6.5],"to":[6.75,13,9.5],"faces":{"north":{"uv":[6.75,3,4.5,3.25],"texture":"#texture"},"east":{"uv":[6.75,3,6.5,3.25],"texture":"#texture"},"south":{"uv":[4.5,3,6.75,3.25],"texture":"#texture"},"west":{"uv":[4.5,3,4.75,3.25],"texture":"#texture"},"up":{"uv":[4.5,3,6.75,3.25],"texture":"#texture"}}},{"from":[4.25,12.5,6.125],"to":[6.75,12.75,9.875],"faces":{"north":{"uv":[6.75,3.25,4.25,3.5],"texture":"#texture"},"east":{"uv":[6.75,3.25,6.5,3.5],"texture":"#texture"},"south":{"uv":[4.25,3.25,6.75,3.5],"texture":"#texture"},"west":{"uv":[4.25,3.25,4.5,3.5],"texture":"#texture"},"up":{"uv":[4.25,3.25,6.75,3.5],"texture":"#texture"}}},{"from":[4.25,12.25,5.875],"to":[6.75,12.5,10.125],"faces":{"north":{"uv":[6.75,3.5,4.25,3.75],"texture":"#texture"},"east":{"uv":[6.75,3.5,6.5,3.75],"texture":"#texture"},"south":{"uv":[4.25,3.5,6.75,3.75],"texture":"#texture"},"west":{"uv":[4.25,3.5,4.5,3.75],"texture":"#texture"},"up":{"uv":[4.25,3.5,6.75,3.75],"texture":"#texture"}}},{"from":[4.25,12,5.875],"to":[6.75,12.25,10.125],"faces":{"north":{"uv":[6.75,3.75,4.25,4],"texture":"#texture"},"east":{"uv":[6.75,3.75,6.5,4],"texture":"#texture"},"south":{"uv":[4.25,3.75,6.75,4],"texture":"#texture"},"west":{"uv":[4.25,3.75,4.5,4],"texture":"#texture"}}},{"from":[4.25,11.75,5.875],"to":[6.75,12,10.125],"faces":{"north":{"uv":[6.75,4,4.25,4.25],"texture":"#texture"},"east":{"uv":[6.75,4,6.5,4.25],"texture":"#texture"},"south":{"uv":[4.25,4,6.75,4.25],"texture":"#texture"},"west":{"uv":[4.25,4,4.5,4.25],"texture":"#texture"},"down":{"uv":[4.25,4.25,6.75,4],"texture":"#texture"}}},{"from":[4.5,11.5,5.875],"to":[6.75,11.75,10.125],"faces":{"north":{"uv":[6.75,4.25,4.5,4.5],"texture":"#texture"},"east":{"uv":[6.75,4.25,6.5,4.5],"texture":"#texture"},"south":{"uv":[4.5,4.25,6.75,4.5],"texture":"#texture"},"west":{"uv":[4.5,4.25,4.75,4.5],"texture":"#texture"},"down":{"uv":[4.5,4.5,6.75,4.25],"texture":"#texture"}}},{"from":[4.75,11.25,5.875],"to":[6.75,11.5,10.125],"faces":{"north":{"uv":[6.75,4.5,4.75,4.75],"texture":"#texture"},"east":{"uv":[6.75,4.5,6.5,4.75],"texture":"#texture"},"south":{"uv":[4.75,4.5,6.75,4.75],"texture":"#texture"},"west":{"uv":[4.75,4.5,5,4.75],"texture":"#texture"},"down":{"uv":[4.75,4.75,6.75,4.5],"texture":"#texture"}}},{"from":[5,11,6],"to":[6.75,11.25,10],"faces":{"north":{"uv":[6.75,4.75,5,5],"texture":"#texture"},"east":{"uv":[6.75,4.75,6.5,5],"texture":"#texture"},"south":{"uv":[5,4.75,6.75,5],"texture":"#texture"},"west":{"uv":[5,4.75,5.25,5],"texture":"#texture"},"down":{"uv":[5,5,6.75,4.75],"texture":"#texture"}}},{"from":[10.25,14,7.875],"to":[13,14.25,8.25],"faces":{"north":{"uv":[13,1.25,10.25,1.5],"texture":"#texture"},"east":{"uv":[13,1.25,12.75,1.5],"texture":"#texture"},"south":{"uv":[10.25,1.25,13,1.5],"texture":"#texture"},"west":{"uv":[10.25,1.25,10.5,1.5],"texture":"#texture"},"up":{"uv":[10.25,1.25,13,1.5],"texture":"#texture"},"down":{"uv":[10.25,1.5,13,1.25],"texture":"#texture"}}},{"from":[12.5,14.1875,7.875],"to":[13,14.4375,8.25],"faces":{"north":{"uv":[13,1,12.5,1.25],"texture":"#texture"},"east":{"uv":[13,1,12.75,1.25],"texture":"#texture"},"south":{"uv":[12.5,1,13,1.25],"texture":"#texture"},"west":{"uv":[12.5,1,12.75,1.25],"texture":"#texture"},"up":{"uv":[12.5,1,13,1.25],"texture":"#texture"},"down":{"uv":[12.5,1.25,13,1],"texture":"#texture"}}},{"from":[8.75,13.875,7.75],"to":[12.75,14.125,8.375],"faces":{"north":{"uv":[13,1.75,8.75,2],"texture":"#texture"},"east":{"uv":[13,1.75,12.75,2],"texture":"#texture"},"south":{"uv":[8.75,1.75,13,2],"texture":"#texture"},"west":{"uv":[8.75,1.75,9,2],"texture":"#texture"},"up":{"uv":[8.75,1.75,13,2],"texture":"#texture"},"down":{"uv":[8.75,2,13,1.75],"texture":"#texture"}}},{"from":[8.25,13.6875,7.5],"to":[13,13.9375,8.625],"faces":{"north":{"uv":[13,2,8.25,2.25],"texture":"#texture"},"east":{"uv":[13,2,12.75,2.25],"texture":"#texture"},"south":{"uv":[8.25,2,13,2.25],"texture":"#texture"},"west":{"uv":[8.25,2,8.5,2.25],"texture":"#texture"},"up":{"uv":[8.25,2,13,2.25],"texture":"#texture"},"down":{"uv":[8.25,2.25,13,2],"texture":"#texture"}}},{"from":[8,13.5,7.25],"to":[13.25,13.75,8.875],"faces":{"north":{"uv":[13.25,2.25,8,2.5],"texture":"#texture"},"east":{"uv":[13.25,2.25,13,2.5],"texture":"#texture"},"south":{"uv":[8,2.25,13.25,2.5],"texture":"#texture"},"west":{"uv":[8,2.25,8.25,2.5],"texture":"#texture"},"up":{"uv":[8,2.25,13.25,2.5],"texture":"#texture"},"down":{"uv":[8,2.5,13.25,2.25],"texture":"#texture"}}},{"from":[8.25,13.25,7],"to":[13.25,13.5,9.125],"faces":{"north":{"uv":[13.25,2.5,8.25,2.75],"texture":"#texture"},"east":{"uv":[13.25,2.5,13,2.75],"texture":"#texture"},"south":{"uv":[8.25,2.5,13.25,2.75],"texture":"#texture"},"west":{"uv":[8.25,2.5,8.5,2.75],"texture":"#texture"},"up":{"uv":[8.25,2.5,13.25,2.75],"texture":"#texture"},"down":{"uv":[8.25,2.75,13.25,2.5],"texture":"#texture"}}},{"from":[8.5,13,6.625],"to":[13.5,13.25,9.375],"faces":{"north":{"uv":[13.5,2.75,8.5,3],"texture":"#texture"},"east":{"uv":[13.5,2.75,13.25,3],"texture":"#texture"},"south":{"uv":[8.5,2.75,13.5,3],"texture":"#texture"},"west":{"uv":[8.5,2.75,8.75,3],"texture":"#texture"},"up":{"uv":[8.5,2.75,13.5,3],"texture":"#texture"},"down":{"uv":[8.5,3,13.5,2.75],"texture":"#texture"}}},{"from":[6.75,11.25,6.3125],"to":[13.5,12.5,9.7125],"faces":{"north":{"uv":[13.5,3.5,6.75,4.75],"texture":"#texture"},"east":{"uv":[13.5,3.5,13.25,4.75],"texture":"#texture"},"south":{"uv":[6.75,3.5,13.5,4.75],"texture":"#texture"},"west":{"uv":[6.75,3.5,7,4.75],"texture":"#texture"},"up":{"uv":[6.75,3.5,13.5,3.75],"texture":"#texture"},"down":{"uv":[6.75,4.75,13.5,4.5],"texture":"#texture"}}},{"from":[6.75,12.5,6.625],"to":[13.5,12.75,9.425],"faces":{"north":{"uv":[13.5,3.25,6.75,3.5],"texture":"#texture"},"east":{"uv":[13.5,3.25,13.25,3.5],"texture":"#texture"},"south":{"uv":[6.75,3.25,13.5,3.5],"texture":"#texture"},"up":{"uv":[6.75,3.25,13.5,3.5],"texture":"#texture"}}},{"from":[6.75,11,6.625],"to":[13.5,11.25,9.425],"faces":{"north":{"uv":[13.5,4.75,6.75,5],"texture":"#texture"},"east":{"uv":[13.5,4.75,13.25,5],"texture":"#texture"},"south":{"uv":[6.75,4.75,13.5,5],"texture":"#texture"},"down":{"uv":[6.75,5,13.5,4.75],"texture":"#texture"}}},{"from":[6.75,12.75,6.9375],"to":[13.5,13,9.1375],"faces":{"north":{"uv":[13.5,3,6.75,3.25],"texture":"#texture"},"east":{"uv":[13.5,3,13.25,3.25],"texture":"#texture"},"south":{"uv":[6.75,3,13.5,3.25],"texture":"#texture"},"up":{"uv":[6.75,3,13.5,3.25],"texture":"#texture"}}},{"from":[6.75,10.75,6.9375],"to":[13.5,11,9.1375],"faces":{"north":{"uv":[13.5,5,6.75,5.25],"texture":"#texture"},"east":{"uv":[13.5,5,13.25,5.25],"texture":"#texture"},"south":{"uv":[6.75,5,13.5,5.25],"texture":"#texture"},"west":{"uv":[6.75,5,7,5.25],"texture":"#texture"},"down":{"uv":[6.75,5.25,13.5,5],"texture":"#texture"}}},{"from":[5.5,13,7.1875],"to":[8.5,13.25,8.7875],"faces":{"north":{"uv":[8.5,2.75,5.5,3],"texture":"#texture"},"south":{"uv":[5.5,2.75,8.5,3],"texture":"#texture"},"up":{"uv":[5.5,2.75,8.5,3],"texture":"#texture"},"down":{"uv":[5.5,3,8.5,2.75],"texture":"#texture"}}},{"from":[6.75,10.5,7.1875],"to":[13.5,10.75,8.7875],"faces":{"north":{"uv":[13.5,5.25,6.75,5.5],"texture":"#texture"},"east":{"uv":[13.5,5.25,13.25,5.5],"texture":"#texture"},"south":{"uv":[6.75,5.25,13.5,5.5],"texture":"#texture"},"west":{"uv":[6.75,5.25,7,5.5],"texture":"#texture"},"down":{"uv":[6.75,5.5,13.5,5.25],"texture":"#texture"}}},{"from":[5.25,13.25,7.5],"to":[8.25,13.5,8.5],"faces":{"north":{"uv":[8.25,2.5,5.25,2.75],"texture":"#texture"},"south":{"uv":[5.25,2.5,8.25,2.75],"texture":"#texture"},"west":{"uv":[5.25,2.5,5.5,2.75],"texture":"#texture"},"up":{"uv":[5.25,2.5,8.25,2.75],"texture":"#texture"},"down":{"uv":[5.25,2.75,8.25,2.5],"texture":"#texture"}}},{"from":[6.75,10.25,7.5],"to":[13.5,10.5,8.5],"faces":{"north":{"uv":[13.5,5.5,6.75,5.75],"texture":"#texture"},"east":{"uv":[13.5,5.5,13.25,5.75],"texture":"#texture"},"south":{"uv":[6.75,5.5,13.5,5.75],"texture":"#texture"},"down":{"uv":[6.75,5.75,13.5,5.5],"texture":"#texture"}}},{"from":[12.25,10,7.25],"to":[13.25,10.25,8.75],"faces":{"north":{"uv":[13.25,5.75,12.25,6],"texture":"#texture"},"east":{"uv":[13.25,5.75,13,6],"texture":"#texture"},"south":{"uv":[12.25,5.75,13.25,6],"texture":"#texture"},"up":{"uv":[12.25,5.75,13.25,6],"texture":"#texture"},"down":{"uv":[12.25,6,13.25,5.75],"texture":"#texture"}}},{"from":[13.5,10.625,8.9375],"to":[23.25,11.875,9],"rotation":{"angle":45,"axis":"x","origin":[13.5,11.875,8.9375]},"faces":{"north":{"uv":[0,0,13.3125,3.3125],"texture":"#diamond_hoe_1"},"south":{"uv":[13.25,3.25,0,0],"texture":"#diamond_hoe_1"}}},{"from":[13.5,11.5,8.0625],"to":[23.25,12.75,8.125],"rotation":{"angle":-45,"axis":"x","origin":[13.5,12.75,8.0625]},"faces":{"north":{"uv":[0,0,13.3125,3.3125],"texture":"#diamond_hoe_1"},"south":{"uv":[13.25,3.25,0,0],"texture":"#diamond_hoe_1"}}},{"from":[13.4375,10.625,7.125],"to":[23.1875,11.875,7.1875],"rotation":{"angle":-45,"axis":"x","origin":[13.4375,11.875,7.125]},"faces":{"north":{"uv":[0,0,13.3125,3.3125],"texture":"#diamond_hoe_1"},"south":{"uv":[13.25,3.25,0,0],"texture":"#diamond_hoe_1"}}},{"from":[13.5,11.5625,8],"to":[23.25,12.8125,8.0625],"rotation":{"angle":45,"axis":"x","origin":[13.5,12.8125,8]},"faces":{"north":{"uv":[0,0,13.3125,3.3125],"texture":"#diamond_hoe_1"},"south":{"uv":[13.25,3.25,0,0],"texture":"#diamond_hoe_1"}}},{"from":[23.1875,12.1875,8],"to":[24.375,19.6875,8.0625],"faces":{"north":{"uv":[13,0,16,16],"texture":"#iron_hoe_1"},"south":{"uv":[16,0,13.125,16],"texture":"#iron_hoe_1"}}},{"from":[23.75,13.75,7.5625],"to":[23.8125,21.25,8.75],"faces":{"east":{"uv":[13,0,16,16],"texture":"#iron_hoe_1"},"west":{"uv":[16,0,13.125,16],"texture":"#iron_hoe_1"}}}],"display":{"thirdperson_righthand":{"rotation":[0,90,0],"translation":[0,-3,0]},"thirdperson_lefthand":{"rotation":[0,-90,0],"translation":[0,-3,0]},"firstperson_righthand":{"rotation":[0,90,0]},"firstperson_lefthand":{"rotation":[0,-90,0]},"ground":{"scale":[4,4,4]},"gui":{"rotation":[0,0,40],"translation":[-0.35,-5.05,-0.6],"scale":[0.75,0.75,0.75]},"fixed":{"translation":[-3.1,-3.3,-0.4],"scale":[1.67,1.73,1.45]}}}