{"textures":{"particle":"items/kn15out_atlas","kn15out_atlas":"items/kn15out_atlas"},"elements":[{"from":[7.625,3.375,6.5],"to":[7.875,3.625,6.875],"faces":{"north":{"uv":[2.5,0,2.25,0.25],"texture":"#kn15out_atlas"},"east":{"uv":[15.375,15.75,15,16],"texture":"#kn15out_atlas"},"south":{"uv":[6.875,14.25,7.125,14.5],"texture":"#kn15out_atlas"},"west":{"uv":[14.625,15.75,15,16],"texture":"#kn15out_atlas"},"up":{"uv":[13.5,14.75,13.75,14.375],"texture":"#kn15out_atlas"},"down":{"uv":[1.5,0,1.75,0.375],"texture":"#kn15out_atlas"}}},{"from":[7.625,5.125,6.625],"to":[7.875,5.5,6.75],"faces":{"north":{"uv":[14,14.375,13.75,14.75],"texture":"#kn15out_atlas"},"east":{"uv":[14.625,14.25,14.5,14.625],"texture":"#kn15out_atlas"},"south":{"uv":[14.25,15.125,14.5,15.5],"texture":"#kn15out_atlas"},"west":{"uv":[14.5,15.125,14.625,15.5],"texture":"#kn15out_atlas"},"up":{"uv":[8.375,12.5,8.625,12.375],"texture":"#kn15out_atlas"},"down":{"uv":[8.375,12.5,8.625,12.625],"texture":"#kn15out_atlas"}}},{"from":[7.625,5.25,6.5],"to":[7.875,5.5,6.625],"faces":{"north":{"uv":[13.5,14.25,13.25,14.5],"texture":"#kn15out_atlas"},"east":{"uv":[8.375,12.875,8.25,13.125],"texture":"#kn15out_atlas"},"south":{"uv":[15.75,15.75,16,16],"texture":"#kn15out_atlas"},"west":{"uv":[15.875,14.25,16,14.5],"texture":"#kn15out_atlas"},"up":{"uv":[8.375,12.25,8.625,12.125],"texture":"#kn15out_atlas"},"down":{"uv":[8.375,12.25,8.625,12.375],"texture":"#kn15out_atlas"}}},{"from":[7.625,5.25,6.75],"to":[7.875,5.5,6.875],"faces":{"north":{"uv":[15.875,14.25,15.625,14.5],"texture":"#kn15out_atlas"},"east":{"uv":[8.375,12.375,8.25,12.625],"texture":"#kn15out_atlas"},"south":{"uv":[6.375,12,6.625,12.25],"texture":"#kn15out_atlas"},"west":{"uv":[8.25,12.625,8.375,12.875],"texture":"#kn15out_atlas"},"up":{"uv":[8.625,13.25,8.875,13.125],"texture":"#kn15out_atlas"},"down":{"uv":[8.625,13.25,8.875,13.375],"texture":"#kn15out_atlas"}}},{"from":[7.625,7,6.625],"to":[7.875,7.375,6.875],"faces":{"north":{"uv":[15.625,14.5,15.375,14.875],"texture":"#kn15out_atlas"},"east":{"uv":[6.625,13.5,6.375,13.875],"texture":"#kn15out_atlas"},"south":{"uv":[15.625,14.5,15.875,14.875],"texture":"#kn15out_atlas"},"west":{"uv":[6.375,13.875,6.625,14.25],"texture":"#kn15out_atlas"},"up":{"uv":[7,12.75,7.25,12.5],"texture":"#kn15out_atlas"},"down":{"uv":[6.75,12.5,7,12.75],"texture":"#kn15out_atlas"}}},{"from":[7.625,7.125,6.5],"to":[7.875,7.25,6.625],"faces":{"north":{"uv":[9.125,13.75,8.875,13.875],"texture":"#kn15out_atlas"},"east":{"uv":[9.375,13.25,9.25,13.375],"texture":"#kn15out_atlas"},"south":{"uv":[8.875,13.5,9.125,13.625],"texture":"#kn15out_atlas"},"west":{"uv":[9.25,13.375,9.375,13.5],"texture":"#kn15out_atlas"},"up":{"uv":[8.625,12.375,8.875,12.25],"texture":"#kn15out_atlas"},"down":{"uv":[8.625,12.75,8.875,12.875],"texture":"#kn15out_atlas"}}},{"from":[7.75,2.75,6.25],"to":[8.25,3,6.375],"faces":{"north":{"uv":[14,15.75,13.5,16],"texture":"#kn15out_atlas"},"east":{"uv":[9,12.875,8.875,13.125],"texture":"#kn15out_atlas"},"south":{"uv":[1.75,0,2.25,0.25],"texture":"#kn15out_atlas"},"west":{"uv":[9,13.25,9.125,13.5],"texture":"#kn15out_atlas"},"up":{"uv":[7.375,14.125,7.875,14],"texture":"#kn15out_atlas"},"down":{"uv":[7.375,14.125,7.875,14.25],"texture":"#kn15out_atlas"}}},{"from":[7.75,2.75,6.375],"to":[8.25,2.875,7],"faces":{"north":{"uv":[7.875,13.75,7.375,13.875],"texture":"#kn15out_atlas"},"east":{"uv":[7.375,14,6.75,14.125],"texture":"#kn15out_atlas"},"south":{"uv":[7.375,13.625,7.875,13.75],"texture":"#kn15out_atlas"},"west":{"uv":[6.75,14.125,7.375,14.25],"texture":"#kn15out_atlas"},"up":{"uv":[8.25,15,8.75,14.375],"texture":"#kn15out_atlas"},"down":{"uv":[9.375,15.375,9.875,16],"texture":"#kn15out_atlas"}}},{"from":[7.75,2.875,6.125],"to":[8.25,6.375,6.25],"faces":{"north":{"uv":[0.5,1.25,0,4.75],"texture":"#kn15out_atlas"},"east":{"uv":[4.75,0.5,4.625,4],"texture":"#kn15out_atlas"},"south":{"uv":[0.5,1.25,1,4.75],"texture":"#kn15out_atlas"},"west":{"uv":[4.75,0.625,4.875,4.125],"texture":"#kn15out_atlas"},"up":{"uv":[7.375,13.5,7.875,13.375],"texture":"#kn15out_atlas"},"down":{"uv":[7.375,13.5,7.875,13.625],"texture":"#kn15out_atlas"}}},{"from":[7.75,2.875,6.375],"to":[7.875,8,6.5],"faces":{"north":{"uv":[4.625,9.125,4.5,14.25],"texture":"#kn15out_atlas"},"east":{"uv":[4.75,4,4.625,9.125],"texture":"#kn15out_atlas"},"south":{"uv":[4.5,4,4.625,9.125],"texture":"#kn15out_atlas"},"west":{"uv":[4.625,9.125,4.75,14.25],"texture":"#kn15out_atlas"},"up":{"uv":[9.25,13.25,9.375,13.125],"texture":"#kn15out_atlas"},"down":{"uv":[9.375,13.25,9.5,13.375],"texture":"#kn15out_atlas"}}},{"from":[7.75,2.875,6.5],"to":[7.875,3.375,7.25],"faces":{"north":{"uv":[4.625,0,4.5,0.5],"texture":"#kn15out_atlas"},"east":{"uv":[9,15.5,8.25,16],"texture":"#kn15out_atlas"},"south":{"uv":[4.625,0,4.75,0.5],"texture":"#kn15out_atlas"},"west":{"uv":[8.25,15,9,15.5],"texture":"#kn15out_atlas"},"up":{"uv":[15.25,15.125,15.375,14.375],"texture":"#kn15out_atlas"},"down":{"uv":[15.125,14.625,15.25,15.375],"texture":"#kn15out_atlas"}}},{"from":[7.75,3,6.25],"to":[7.875,8,6.375],"faces":{"north":{"uv":[5.375,9.25,5.25,14.25],"texture":"#kn15out_atlas"},"east":{"uv":[5.125,4.25,5,9.25],"texture":"#kn15out_atlas"},"south":{"uv":[5.125,4.25,5.25,9.25],"texture":"#kn15out_atlas"},"west":{"uv":[5.125,9.25,5.25,14.25],"texture":"#kn15out_atlas"},"up":{"uv":[9.25,12.5,9.375,12.375],"texture":"#kn15out_atlas"},"down":{"uv":[9.375,13.125,9.5,13.25],"texture":"#kn15out_atlas"}}},{"from":[7.75,3,7.25],"to":[8.25,3.25,7.375],"faces":{"north":{"uv":[1,0,0.5,0.25],"texture":"#kn15out_atlas"},"east":{"uv":[9.125,12.625,9,12.875],"texture":"#kn15out_atlas"},"south":{"uv":[0,0,0.5,0.25],"texture":"#kn15out_atlas"},"west":{"uv":[8.875,12.625,9,12.875],"texture":"#kn15out_atlas"},"up":{"uv":[7.375,13,7.875,12.875],"texture":"#kn15out_atlas"},"down":{"uv":[7.375,13,7.875,13.125],"texture":"#kn15out_atlas"}}},{"from":[7.75,3.25,7.25],"to":[7.875,3.875,7.375],"faces":{"north":{"uv":[7,12.75,6.875,13.375],"texture":"#kn15out_atlas"},"east":{"uv":[6.625,12.875,6.5,13.5],"texture":"#kn15out_atlas"},"south":{"uv":[7,12.75,7.125,13.375],"texture":"#kn15out_atlas"},"west":{"uv":[7.125,12.75,7.25,13.375],"texture":"#kn15out_atlas"},"up":{"uv":[9.125,11.875,9.25,11.75],"texture":"#kn15out_atlas"},"down":{"uv":[9.375,12,9.5,12.125],"texture":"#kn15out_atlas"}}},{"from":[7.75,3.25,7.375],"to":[8.25,3.625,7.5],"faces":{"north":{"uv":[9.875,14.375,9.375,14.75],"texture":"#kn15out_atlas"},"east":{"uv":[15.125,14.25,15,14.625],"texture":"#kn15out_atlas"},"south":{"uv":[1,0,1.5,0.375],"texture":"#kn15out_atlas"},"west":{"uv":[15.125,14.25,15.25,14.625],"texture":"#kn15out_atlas"},"up":{"uv":[7.375,13.375,7.875,13.25],"texture":"#kn15out_atlas"},"down":{"uv":[7.375,13.125,7.875,13.25],"texture":"#kn15out_atlas"}}},{"from":[7.75,3.375,6.875],"to":[7.875,7.875,7],"faces":{"north":{"uv":[6.375,2.75,6.25,7.25],"texture":"#kn15out_atlas"},"east":{"uv":[6.125,2.75,6,7.25],"texture":"#kn15out_atlas"},"south":{"uv":[6.375,7.25,6.5,11.75],"texture":"#kn15out_atlas"},"west":{"uv":[5.875,2.625,6,7.125],"texture":"#kn15out_atlas"},"up":{"uv":[11.375,14.375,11.5,14.25],"texture":"#kn15out_atlas"},"down":{"uv":[9.375,13.375,9.5,13.5],"texture":"#kn15out_atlas"}}},{"from":[7.75,3.375,7],"to":[7.875,7.75,7.125],"faces":{"north":{"uv":[6.5,2.875,6.375,7.25],"texture":"#kn15out_atlas"},"east":{"uv":[5.375,0,5.25,4.375],"texture":"#kn15out_atlas"},"south":{"uv":[6.5,3,6.625,7.375],"texture":"#kn15out_atlas"},"west":{"uv":[6.5,7.375,6.625,11.75],"texture":"#kn15out_atlas"},"up":{"uv":[10.875,14.375,11,14.25],"texture":"#kn15out_atlas"},"down":{"uv":[11,14.25,11.125,14.375],"texture":"#kn15out_atlas"}}},{"from":[7.75,3.375,7.125],"to":[7.875,7.625,7.25],"faces":{"north":{"uv":[6.875,7.5,6.75,11.75],"texture":"#kn15out_atlas"},"east":{"uv":[5.25,0,5.125,4.25],"texture":"#kn15out_atlas"},"south":{"uv":[6.625,3.25,6.75,7.5],"texture":"#kn15out_atlas"},"west":{"uv":[6.625,7.5,6.75,11.75],"texture":"#kn15out_atlas"},"up":{"uv":[10.625,14.375,10.75,14.25],"texture":"#kn15out_atlas"},"down":{"uv":[10.75,14.25,10.875,14.375],"texture":"#kn15out_atlas"}}},{"from":[7.75,3.625,6.5],"to":[7.875,5.25,6.625],"faces":{"north":{"uv":[11.25,14.375,11.125,16],"texture":"#kn15out_atlas"},"east":{"uv":[11.375,14.375,11.25,16],"texture":"#kn15out_atlas"},"south":{"uv":[11,14.375,11.125,16],"texture":"#kn15out_atlas"},"west":{"uv":[10.375,14.375,10.5,16],"texture":"#kn15out_atlas"},"up":{"uv":[9.5,14.25,9.625,14.125],"texture":"#kn15out_atlas"},"down":{"uv":[9.5,14,9.625,14.125],"texture":"#kn15out_atlas"}}},{"from":[7.75,3.625,6.625],"to":[7.875,5.125,6.875],"faces":{"north":{"uv":[12.25,14.5,12.125,16],"texture":"#kn15out_atlas"},"east":{"uv":[8.25,14.5,8,16],"texture":"#kn15out_atlas"},"south":{"uv":[11.875,14.5,12,16],"texture":"#kn15out_atlas"},"west":{"uv":[7.75,14.5,8,16],"texture":"#kn15out_atlas"},"up":{"uv":[7.25,12.25,7.375,12],"texture":"#kn15out_atlas"},"down":{"uv":[7.25,11.75,7.375,12],"texture":"#kn15out_atlas"}}},{"from":[7.75,4.5,7.25],"to":[8.25,5.5,7.375],"faces":{"north":{"uv":[1,0.25,0.5,1.25],"texture":"#kn15out_atlas"},"east":{"uv":[13.375,14.5,13.25,15.5],"texture":"#kn15out_atlas"},"south":{"uv":[0,0.25,0.5,1.25],"texture":"#kn15out_atlas"},"west":{"uv":[6.75,14.25,6.875,15.25],"texture":"#kn15out_atlas"},"up":{"uv":[5.125,14.375,5.625,14.25],"texture":"#kn15out_atlas"},"down":{"uv":[7.375,13.875,7.875,14],"texture":"#kn15out_atlas"}}},{"from":[7.75,5.125,6.75],"to":[7.875,5.25,6.875],"faces":{"north":{"uv":[9.5,12.5,9.375,12.625],"texture":"#kn15out_atlas"},"east":{"uv":[9.375,12.75,9.25,12.875],"texture":"#kn15out_atlas"},"south":{"uv":[9.25,12.5,9.375,12.625],"texture":"#kn15out_atlas"},"west":{"uv":[9.375,12.75,9.5,12.875],"texture":"#kn15out_atlas"},"up":{"uv":[9.25,12.25,9.375,12.125],"texture":"#kn15out_atlas"},"down":{"uv":[9.375,12.125,9.5,12.25],"texture":"#kn15out_atlas"}}},{"from":[7.75,5.375,7.375],"to":[8.25,6.25,7.5],"faces":{"north":{"uv":[1.5,0.375,1,1.25],"texture":"#kn15out_atlas"},"east":{"uv":[14.125,14.25,14,15.125],"texture":"#kn15out_atlas"},"south":{"uv":[5.125,15.125,5.625,16],"texture":"#kn15out_atlas"},"west":{"uv":[14,15.125,14.125,16],"texture":"#kn15out_atlas"},"up":{"uv":[8.25,14.375,8.75,14.25],"texture":"#kn15out_atlas"},"down":{"uv":[9.375,14.25,9.875,14.375],"texture":"#kn15out_atlas"}}},{"from":[7.75,5.5,6.5],"to":[7.875,7.125,6.625],"faces":{"north":{"uv":[10.625,14.375,10.5,16],"texture":"#kn15out_atlas"},"east":{"uv":[11,14.375,10.875,16],"texture":"#kn15out_atlas"},"south":{"uv":[10.625,14.375,10.75,16],"texture":"#kn15out_atlas"},"west":{"uv":[10.75,14.375,10.875,16],"texture":"#kn15out_atlas"},"up":{"uv":[9.125,13,9.25,12.875],"texture":"#kn15out_atlas"},"down":{"uv":[9.125,12.75,9.25,12.875],"texture":"#kn15out_atlas"}}},{"from":[7.75,5.5,6.625],"to":[7.875,7,6.875],"faces":{"north":{"uv":[12.125,14.5,12,16],"texture":"#kn15out_atlas"},"east":{"uv":[7.75,14.5,7.5,16],"texture":"#kn15out_atlas"},"south":{"uv":[12.25,14.5,12.375,16],"texture":"#kn15out_atlas"},"west":{"uv":[6.875,14.5,7.125,16],"texture":"#kn15out_atlas"},"up":{"uv":[12.125,14.5,12.25,14.25],"texture":"#kn15out_atlas"},"down":{"uv":[12.25,14.25,12.375,14.5],"texture":"#kn15out_atlas"}}},{"from":[7.75,5.5,7.25],"to":[7.875,7.125,7.375],"faces":{"north":{"uv":[11.875,14.375,11.75,16],"texture":"#kn15out_atlas"},"east":{"uv":[11.5,14.375,11.375,16],"texture":"#kn15out_atlas"},"south":{"uv":[11.625,14.375,11.75,16],"texture":"#kn15out_atlas"},"west":{"uv":[11.5,14.375,11.625,16],"texture":"#kn15out_atlas"},"up":{"uv":[11.625,14.375,11.75,14.25],"texture":"#kn15out_atlas"},"down":{"uv":[11.75,14.25,11.875,14.375],"texture":"#kn15out_atlas"}}},{"from":[7.75,7.25,6.5],"to":[7.875,8,6.625],"faces":{"north":{"uv":[14.75,14.625,14.625,15.375],"texture":"#kn15out_atlas"},"east":{"uv":[15.125,14.625,15,15.375],"texture":"#kn15out_atlas"},"south":{"uv":[14.75,14.625,14.875,15.375],"texture":"#kn15out_atlas"},"west":{"uv":[14.875,14.625,15,15.375],"texture":"#kn15out_atlas"},"up":{"uv":[9.375,11.875,9.5,11.75],"texture":"#kn15out_atlas"},"down":{"uv":[11.5,14.25,11.625,14.375],"texture":"#kn15out_atlas"}}},{"from":[7.75,7.375,6.625],"to":[7.875,8,6.75],"faces":{"north":{"uv":[6.75,11.75,6.625,12.375],"texture":"#kn15out_atlas"},"east":{"uv":[6.75,13,6.625,13.625],"texture":"#kn15out_atlas"},"south":{"uv":[6.75,12.75,6.875,13.375],"texture":"#kn15out_atlas"},"west":{"uv":[6.625,13.625,6.75,14.25],"texture":"#kn15out_atlas"},"up":{"uv":[9.375,12.5,9.5,12.375],"texture":"#kn15out_atlas"},"down":{"uv":[9.25,12,9.375,12.125],"texture":"#kn15out_atlas"}}},{"from":[7.75,7.375,6.75],"to":[7.875,7.875,6.875],"faces":{"north":{"uv":[14,14.75,13.875,15.25],"texture":"#kn15out_atlas"},"east":{"uv":[12.5,14.25,12.375,14.75],"texture":"#kn15out_atlas"},"south":{"uv":[13.875,15.25,14,15.75],"texture":"#kn15out_atlas"},"west":{"uv":[12.5,14.25,12.625,14.75],"texture":"#kn15out_atlas"},"up":{"uv":[9.375,13.625,9.5,13.5],"texture":"#kn15out_atlas"},"down":{"uv":[9.25,13.625,9.375,13.75],"texture":"#kn15out_atlas"}}},{"from":[7.875,2.875,6.875],"to":[8.25,3,7.25],"faces":{"north":{"uv":[8.25,14,7.875,14.125],"texture":"#kn15out_atlas"},"east":{"uv":[7.5,14.25,7.125,14.375],"texture":"#kn15out_atlas"},"south":{"uv":[7.875,14.125,8.25,14.25],"texture":"#kn15out_atlas"},"west":{"uv":[15.625,15.375,16,15.5],"texture":"#kn15out_atlas"},"up":{"uv":[12.625,14.875,13,14.5],"texture":"#kn15out_atlas"},"down":{"uv":[12.625,14.875,13,15.25],"texture":"#kn15out_atlas"}}},{"from":[7.875,3,7.125],"to":[8.25,3.125,7.25],"faces":{"north":{"uv":[8.25,13.25,7.875,13.375],"texture":"#kn15out_atlas"},"east":{"uv":[9.25,12.125,9.125,12.25],"texture":"#kn15out_atlas"},"south":{"uv":[7.875,13.375,8.25,13.5],"texture":"#kn15out_atlas"},"west":{"uv":[9.125,12,9.25,12.125],"texture":"#kn15out_atlas"},"up":{"uv":[7.875,13.25,8.25,13.125],"texture":"#kn15out_atlas"},"down":{"uv":[14.875,15.375,15.25,15.5],"texture":"#kn15out_atlas"}}},{"from":[7.875,3.125,7.375],"to":[8.25,3.25,7.5],"faces":{"north":{"uv":[8.25,12.375,7.875,12.5],"texture":"#kn15out_atlas"},"east":{"uv":[9.25,12.625,9.125,12.75],"texture":"#kn15out_atlas"},"south":{"uv":[7.875,12.5,8.25,12.625],"texture":"#kn15out_atlas"},"west":{"uv":[9.125,12.5,9.25,12.625],"texture":"#kn15out_atlas"},"up":{"uv":[7.875,12.125,8.25,12],"texture":"#kn15out_atlas"},"down":{"uv":[7.875,11.875,8.25,12],"texture":"#kn15out_atlas"}}},{"from":[7.875,3.5,7.25],"to":[8.25,3.875,7.375],"faces":{"north":{"uv":[13,15.25,12.625,15.625],"texture":"#kn15out_atlas"},"east":{"uv":[14.875,14.25,14.75,14.625],"texture":"#kn15out_atlas"},"south":{"uv":[12.625,15.625,13,16],"texture":"#kn15out_atlas"},"west":{"uv":[14.625,14.25,14.75,14.625],"texture":"#kn15out_atlas"},"up":{"uv":[7.875,13,8.25,12.875],"texture":"#kn15out_atlas"},"down":{"uv":[7.875,12.75,8.25,12.875],"texture":"#kn15out_atlas"}}},{"from":[7.875,3.75,7.125],"to":[8.25,4.625,7.25],"faces":{"north":{"uv":[9.375,15.125,9,16],"texture":"#kn15out_atlas"},"east":{"uv":[14.25,14.25,14.125,15.125],"texture":"#kn15out_atlas"},"south":{"uv":[9,14.25,9.375,15.125],"texture":"#kn15out_atlas"},"west":{"uv":[14.125,15.125,14.25,16],"texture":"#kn15out_atlas"},"up":{"uv":[15.25,15.5,15.625,15.375],"texture":"#kn15out_atlas"},"down":{"uv":[7.875,13.875,8.25,14],"texture":"#kn15out_atlas"}}},{"from":[7.875,3.875,7.25],"to":[8.125,4,7.375],"faces":{"north":{"uv":[8.875,12.375,8.625,12.5],"texture":"#kn15out_atlas"},"east":{"uv":[7.875,11.75,7.75,11.875],"texture":"#kn15out_atlas"},"south":{"uv":[8.625,11.875,8.875,12],"texture":"#kn15out_atlas"},"west":{"uv":[8.125,11.75,8.25,11.875],"texture":"#kn15out_atlas"},"up":{"uv":[8.625,12.625,8.875,12.5],"texture":"#kn15out_atlas"},"down":{"uv":[8.625,12.625,8.875,12.75],"texture":"#kn15out_atlas"}}},{"from":[7.875,4.375,7.25],"to":[8.125,4.5,7.375],"faces":{"north":{"uv":[8.625,13.75,8.375,13.875],"texture":"#kn15out_atlas"},"east":{"uv":[6.375,11.75,6.25,11.875],"texture":"#kn15out_atlas"},"south":{"uv":[8.375,13.875,8.625,14],"texture":"#kn15out_atlas"},"west":{"uv":[7.75,12.25,7.875,12.375],"texture":"#kn15out_atlas"},"up":{"uv":[8.875,14,9.125,13.875],"texture":"#kn15out_atlas"},"down":{"uv":[8.875,14,9.125,14.125],"texture":"#kn15out_atlas"}}},{"from":[7.875,5.25,7.375],"to":[8.125,5.375,7.5],"faces":{"north":{"uv":[7.875,12.375,7.625,12.5],"texture":"#kn15out_atlas"},"east":{"uv":[9.375,11.75,9.25,11.875],"texture":"#kn15out_atlas"},"south":{"uv":[13.75,14.25,14,14.375],"texture":"#kn15out_atlas"},"west":{"uv":[6,11.75,6.125,11.875],"texture":"#kn15out_atlas"},"up":{"uv":[8.375,14.25,8.625,14.125],"texture":"#kn15out_atlas"},"down":{"uv":[8.375,14,8.625,14.125],"texture":"#kn15out_atlas"}}},{"from":[7.875,6.125,7.25],"to":[8.25,7.125,7.375],"faces":{"north":{"uv":[7.5,15,7.125,16],"texture":"#kn15out_atlas"},"east":{"uv":[13.5,14.5,13.375,15.5],"texture":"#kn15out_atlas"},"south":{"uv":[6.375,14.25,6.75,15.25],"texture":"#kn15out_atlas"},"west":{"uv":[13.5,14.75,13.625,15.75],"texture":"#kn15out_atlas"},"up":{"uv":[7.375,12,7.75,11.875],"texture":"#kn15out_atlas"},"down":{"uv":[7.375,11.75,7.75,11.875],"texture":"#kn15out_atlas"}}},{"from":[7.875,6.25,6.25],"to":[8.25,8,6.375],"faces":{"north":{"uv":[5.125,14.25,4.75,16],"texture":"#kn15out_atlas"},"east":{"uv":[10.375,14.25,10.25,16],"texture":"#kn15out_atlas"},"south":{"uv":[4.375,14.25,4.75,16],"texture":"#kn15out_atlas"},"west":{"uv":[10,14.25,10.125,16],"texture":"#kn15out_atlas"},"up":{"uv":[7.875,12.25,8.25,12.125],"texture":"#kn15out_atlas"},"down":{"uv":[7.375,12,7.75,12.125],"texture":"#kn15out_atlas"}}},{"from":[7.875,6.25,7.375],"to":[8.125,6.375,7.5],"faces":{"north":{"uv":[8.875,13.5,8.625,13.625],"texture":"#kn15out_atlas"},"east":{"uv":[6.25,11.75,6.125,11.875],"texture":"#kn15out_atlas"},"south":{"uv":[8.625,13,8.875,13.125],"texture":"#kn15out_atlas"},"west":{"uv":[7.75,11.875,7.875,12],"texture":"#kn15out_atlas"},"up":{"uv":[9.25,14,9.5,13.875],"texture":"#kn15out_atlas"},"down":{"uv":[9.25,14.125,9.5,14.25],"texture":"#kn15out_atlas"}}},{"from":[7.875,6.375,6.125],"to":[8.125,6.875,6.25],"faces":{"north":{"uv":[13.25,15.5,13,16],"texture":"#kn15out_atlas"},"east":{"uv":[7.625,12.375,7.5,12.875],"texture":"#kn15out_atlas"},"south":{"uv":[8.75,14.5,9,15],"texture":"#kn15out_atlas"},"west":{"uv":[7.375,12.375,7.5,12.875],"texture":"#kn15out_atlas"},"up":{"uv":[7.875,11.875,8.125,11.75],"texture":"#kn15out_atlas"},"down":{"uv":[8.625,12.875,8.875,13],"texture":"#kn15out_atlas"}}},{"from":[7.875,7,7.125],"to":[8.25,7.625,7.25],"faces":{"north":{"uv":[9.75,14.75,9.375,15.375],"texture":"#kn15out_atlas"},"east":{"uv":[6.875,13.375,6.75,14],"texture":"#kn15out_atlas"},"south":{"uv":[7.125,14.375,7.5,15],"texture":"#kn15out_atlas"},"west":{"uv":[6.5,12.25,6.625,12.875],"texture":"#kn15out_atlas"},"up":{"uv":[7.875,12.375,8.25,12.25],"texture":"#kn15out_atlas"},"down":{"uv":[7.375,12.25,7.75,12.375],"texture":"#kn15out_atlas"}}},{"from":[7.875,7.375,7.25],"to":[8.125,13,7.5],"faces":{"north":{"uv":[3,10.375,2.75,16],"texture":"#kn15out_atlas"},"east":{"uv":[2.75,10.375,2.5,16],"texture":"#kn15out_atlas"},"south":{"uv":[2.75,4.75,3,10.375],"texture":"#kn15out_atlas"},"west":{"uv":[2.5,4.75,2.75,10.375],"texture":"#kn15out_atlas"},"up":{"uv":[7.5,14.5,7.75,14.25],"texture":"#kn15out_atlas"},"down":{"uv":[7,12,7.25,12.25],"texture":"#kn15out_atlas"}}},{"from":[7.875,7.375,9.25],"to":[8.125,13.125,9.75],"faces":{"north":{"uv":[2.5,10.25,2.25,16],"texture":"#kn15out_atlas"},"east":{"uv":[2.25,10.25,1.75,16],"texture":"#kn15out_atlas"},"south":{"uv":[2.25,4.5,2.5,10.25],"texture":"#kn15out_atlas"},"west":{"uv":[1.75,4.5,2.25,10.25],"texture":"#kn15out_atlas"},"up":{"uv":[13.25,16,13.5,15.5],"texture":"#kn15out_atlas"},"down":{"uv":[13.625,15.25,13.875,15.75],"texture":"#kn15out_atlas"}}},{"from":[7.875,7.5,7],"to":[8.25,7.75,7.125],"faces":{"north":{"uv":[15.25,15.5,14.875,15.75],"texture":"#kn15out_atlas"},"east":{"uv":[12.125,14.25,12,14.5],"texture":"#kn15out_atlas"},"south":{"uv":[15.25,15.5,15.625,15.75],"texture":"#kn15out_atlas"},"west":{"uv":[11.875,14.25,12,14.5],"texture":"#kn15out_atlas"},"up":{"uv":[7.875,13.625,8.25,13.5],"texture":"#kn15out_atlas"},"down":{"uv":[7.875,13.625,8.25,13.75],"texture":"#kn15out_atlas"}}},{"from":[7.875,7.5,7.5],"to":[8.125,13.125,9.25],"faces":{"north":{"uv":[3.25,10.375,3,16],"texture":"#kn15out_atlas"},"east":{"uv":[1.75,4.75,0,10.375],"texture":"#kn15out_atlas"},"south":{"uv":[3,4.75,3.25,10.375],"texture":"#kn15out_atlas"},"west":{"uv":[0,10.375,1.75,16],"texture":"#kn15out_atlas"},"up":{"uv":[5.875,16,6.125,14.25],"texture":"#kn15out_atlas"},"down":{"uv":[6.125,14.25,6.375,16],"texture":"#kn15out_atlas"}}},{"from":[7.875,7.625,6.75],"to":[8.25,7.875,7],"faces":{"north":{"uv":[16,15.125,15.625,15.375],"texture":"#kn15out_atlas"},"east":{"uv":[7,12,6.75,12.25],"texture":"#kn15out_atlas"},"south":{"uv":[15.375,14.875,15.75,15.125],"texture":"#kn15out_atlas"},"west":{"uv":[7.75,14.25,8,14.5],"texture":"#kn15out_atlas"},"up":{"uv":[15.25,15.375,15.625,15.125],"texture":"#kn15out_atlas"},"down":{"uv":[15.625,15.5,16,15.75],"texture":"#kn15out_atlas"}}},{"from":[7.875,7.625,7.125],"to":[8.125,13,7.25],"faces":{"north":{"uv":[3.5,10.625,3.25,16],"texture":"#kn15out_atlas"},"east":{"uv":[4.375,5.25,4.25,10.625],"texture":"#kn15out_atlas"},"south":{"uv":[3.25,5.25,3.5,10.625],"texture":"#kn15out_atlas"},"west":{"uv":[4.25,10.625,4.375,16],"texture":"#kn15out_atlas"},"up":{"uv":[8.875,13.75,9.125,13.625],"texture":"#kn15out_atlas"},"down":{"uv":[8.875,13.125,9.125,13.25],"texture":"#kn15out_atlas"}}},{"from":[7.875,7.625,9.75],"to":[8.125,12.75,9.875],"faces":{"north":{"uv":[3.75,0.5,3.5,5.625],"texture":"#kn15out_atlas"},"east":{"uv":[4.5,3.875,4.375,9],"texture":"#kn15out_atlas"},"south":{"uv":[3.5,5.625,3.75,10.75],"texture":"#kn15out_atlas"},"west":{"uv":[4.75,9.125,4.875,14.25],"texture":"#kn15out_atlas"},"up":{"uv":[8.625,11.875,8.875,11.75],"texture":"#kn15out_atlas"},"down":{"uv":[8.875,14.125,9.125,14.25],"texture":"#kn15out_atlas"}}},{"from":[7.875,7.75,6.5],"to":[8.25,8,6.75],"faces":{"north":{"uv":[15.75,15.75,15.375,16],"texture":"#kn15out_atlas"},"east":{"uv":[13.25,14.25,13,14.5],"texture":"#kn15out_atlas"},"south":{"uv":[14.25,15.5,14.625,15.75],"texture":"#kn15out_atlas"},"west":{"uv":[8.75,14.25,9,14.5],"texture":"#kn15out_atlas"},"up":{"uv":[14.25,16,14.625,15.75],"texture":"#kn15out_atlas"},"down":{"uv":[12.625,14.25,13,14.5],"texture":"#kn15out_atlas"}}},{"from":[7.875,7.75,7],"to":[8.125,13,7.125],"faces":{"north":{"uv":[3.75,10.75,3.5,16],"texture":"#kn15out_atlas"},"east":{"uv":[4.5,9,4.375,14.25],"texture":"#kn15out_atlas"},"south":{"uv":[3.25,0,3.5,5.25],"texture":"#kn15out_atlas"},"west":{"uv":[4.25,0,4.375,5.25],"texture":"#kn15out_atlas"},"up":{"uv":[8.375,12.875,8.625,12.75],"texture":"#kn15out_atlas"},"down":{"uv":[8.375,12.625,8.625,12.75],"texture":"#kn15out_atlas"}}},{"from":[7.875,7.875,6.375],"to":[8.25,8,6.5],"faces":{"north":{"uv":[7.75,12.125,7.375,12.25],"texture":"#kn15out_atlas"},"east":{"uv":[8.375,11.75,8.25,11.875],"texture":"#kn15out_atlas"},"south":{"uv":[7.875,13,8.25,13.125],"texture":"#kn15out_atlas"},"west":{"uv":[9.125,11.875,9.25,12],"texture":"#kn15out_atlas"},"up":{"uv":[7.875,13.875,8.25,13.75],"texture":"#kn15out_atlas"},"down":{"uv":[7.875,12.625,8.25,12.75],"texture":"#kn15out_atlas"}}},{"from":[7.875,7.875,6.75],"to":[8.125,13,7],"faces":{"north":{"uv":[4.25,10.875,4,16],"texture":"#kn15out_atlas"},"east":{"uv":[4,5.75,3.75,10.875],"texture":"#kn15out_atlas"},"south":{"uv":[3.75,10.875,4,16],"texture":"#kn15out_atlas"},"west":{"uv":[3.75,0.625,4,5.75],"texture":"#kn15out_atlas"},"up":{"uv":[6.375,12,6.625,11.75],"texture":"#kn15out_atlas"},"down":{"uv":[15.375,14.25,15.625,14.5],"texture":"#kn15out_atlas"}}},{"from":[7.875,8,6.25],"to":[8.125,8.75,6.75],"faces":{"north":{"uv":[1.75,0.5,1.5,1.25],"texture":"#kn15out_atlas"},"east":{"uv":[5.625,14.375,5.125,15.125],"texture":"#kn15out_atlas"},"south":{"uv":[2.25,0.25,2.5,1],"texture":"#kn15out_atlas"},"west":{"uv":[6.375,15.25,6.875,16],"texture":"#kn15out_atlas"},"up":{"uv":[13,15,13.25,14.5],"texture":"#kn15out_atlas"},"down":{"uv":[13,15,13.25,15.5],"texture":"#kn15out_atlas"}}},{"from":[7.875,8.375,9.875],"to":[8.125,11.875,10],"faces":{"north":{"uv":[1.5,1.25,1.25,4.75],"texture":"#kn15out_atlas"},"east":{"uv":[4.625,0.5,4.5,4],"texture":"#kn15out_atlas"},"south":{"uv":[1,1.25,1.25,4.75],"texture":"#kn15out_atlas"},"west":{"uv":[4.375,0.375,4.5,3.875],"texture":"#kn15out_atlas"},"up":{"uv":[13.5,14.375,13.75,14.25],"texture":"#kn15out_atlas"},"down":{"uv":[9.25,14,9.5,14.125],"texture":"#kn15out_atlas"}}},{"from":[7.875,8.75,6.375],"to":[8.125,13,6.5],"faces":{"north":{"uv":[2,0.25,1.75,4.5],"texture":"#kn15out_atlas"},"east":{"uv":[5.125,0,5,4.25],"texture":"#kn15out_atlas"},"south":{"uv":[2,0.25,2.25,4.5],"texture":"#kn15out_atlas"},"west":{"uv":[4.875,0,5,4.25],"texture":"#kn15out_atlas"},"up":{"uv":[1.5,0.5,1.75,0.375],"texture":"#kn15out_atlas"},"down":{"uv":[8.875,11.75,9.125,11.875],"texture":"#kn15out_atlas"}}},{"from":[7.875,8.75,6.5],"to":[8.125,12.25,6.75],"faces":{"north":{"uv":[3,1.25,2.75,4.75],"texture":"#kn15out_atlas"},"east":{"uv":[1.75,1.25,1.5,4.75],"texture":"#kn15out_atlas"},"south":{"uv":[2.25,1,2.5,4.5],"texture":"#kn15out_atlas"},"west":{"uv":[2.5,1.25,2.75,4.75],"texture":"#kn15out_atlas"},"up":{"uv":[8,14.5,8.25,14.25],"texture":"#kn15out_atlas"},"down":{"uv":[7,11.75,7.25,12],"texture":"#kn15out_atlas"}}},{"from":[7.875,10.375,6.25],"to":[8.125,12.875,6.375],"faces":{"north":{"uv":[3.25,2.25,3,4.75],"texture":"#kn15out_atlas"},"east":{"uv":[5.75,11.75,5.625,14.25],"texture":"#kn15out_atlas"},"south":{"uv":[5.375,11.75,5.625,14.25],"texture":"#kn15out_atlas"},"west":{"uv":[5.75,11.75,5.875,14.25],"texture":"#kn15out_atlas"},"up":{"uv":[8.375,13.75,8.625,13.625],"texture":"#kn15out_atlas"},"down":{"uv":[8.625,13.375,8.875,13.5],"texture":"#kn15out_atlas"}}},{"from":[7.875,11.125,6.125],"to":[8.125,12.875,6.25],"faces":{"north":{"uv":[3.25,0.5,3,2.25],"texture":"#kn15out_atlas"},"east":{"uv":[10,14.25,9.875,16],"texture":"#kn15out_atlas"},"south":{"uv":[5.625,14.25,5.875,16],"texture":"#kn15out_atlas"},"west":{"uv":[10.125,14.25,10.25,16],"texture":"#kn15out_atlas"},"up":{"uv":[8.375,13.5,8.625,13.375],"texture":"#kn15out_atlas"},"down":{"uv":[8.375,13.5,8.625,13.625],"texture":"#kn15out_atlas"}}},{"from":[7.875,11.625,6],"to":[8.125,12.875,6.125],"faces":{"north":{"uv":[3,0,2.75,1.25],"texture":"#kn15out_atlas"},"east":{"uv":[12.625,14.75,12.5,16],"texture":"#kn15out_atlas"},"south":{"uv":[2.5,0,2.75,1.25],"texture":"#kn15out_atlas"},"west":{"uv":[12.375,14.75,12.5,16],"texture":"#kn15out_atlas"},"up":{"uv":[8.375,13.25,8.625,13.125],"texture":"#kn15out_atlas"},"down":{"uv":[8.375,13.25,8.625,13.375],"texture":"#kn15out_atlas"}}},{"from":[7.875,12.125,5.875],"to":[8.125,12.75,6],"faces":{"north":{"uv":[4.25,0.5,4,1.125],"texture":"#kn15out_atlas"},"east":{"uv":[6.75,12.375,6.625,13],"texture":"#kn15out_atlas"},"south":{"uv":[3.75,0,4,0.625],"texture":"#kn15out_atlas"},"west":{"uv":[7.25,13.375,7.375,14],"texture":"#kn15out_atlas"},"up":{"uv":[8.375,13,8.625,12.875],"texture":"#kn15out_atlas"},"down":{"uv":[8.375,13,8.625,13.125],"texture":"#kn15out_atlas"}}},{"from":[7.875,12.5,6.5],"to":[8.125,13,6.75],"faces":{"north":{"uv":[4.25,0,4,0.5],"texture":"#kn15out_atlas"},"east":{"uv":[3.25,0,3,0.5],"texture":"#kn15out_atlas"},"south":{"uv":[3.5,0,3.75,0.5],"texture":"#kn15out_atlas"},"west":{"uv":[13.625,14.75,13.875,15.25],"texture":"#kn15out_atlas"},"up":{"uv":[7,12.5,7.25,12.25],"texture":"#kn15out_atlas"},"down":{"uv":[6.75,12.25,7,12.5],"texture":"#kn15out_atlas"}}},{"from":[7.875,13,7.375],"to":[8.125,13.125,7.5],"faces":{"north":{"uv":[8.625,11.75,8.375,11.875],"texture":"#kn15out_atlas"},"east":{"uv":[9.375,13.5,9.25,13.625],"texture":"#kn15out_atlas"},"south":{"uv":[8.625,14.125,8.875,14.25],"texture":"#kn15out_atlas"},"west":{"uv":[9.375,13.625,9.5,13.75],"texture":"#kn15out_atlas"},"up":{"uv":[8.375,12,8.625,11.875],"texture":"#kn15out_atlas"},"down":{"uv":[8.375,12,8.625,12.125],"texture":"#kn15out_atlas"}}},{"from":[7.875,13.125,9.5],"to":[8.125,13.25,9.75],"faces":{"north":{"uv":[8.875,14,8.625,14.125],"texture":"#kn15out_atlas"},"east":{"uv":[8.875,13.625,8.625,13.75],"texture":"#kn15out_atlas"},"south":{"uv":[8.625,13.875,8.875,14],"texture":"#kn15out_atlas"},"west":{"uv":[8.625,13.75,8.875,13.875],"texture":"#kn15out_atlas"},"up":{"uv":[6.75,12,7,11.75],"texture":"#kn15out_atlas"},"down":{"uv":[15.75,14.875,16,15.125],"texture":"#kn15out_atlas"}}},{"from":[8.125,2.875,6.375],"to":[8.25,7.875,6.5],"faces":{"north":{"uv":[4.875,4.125,4.75,9.125],"texture":"#kn15out_atlas"},"east":{"uv":[5.125,9.25,5,14.25],"texture":"#kn15out_atlas"},"south":{"uv":[4.875,9.25,5,14.25],"texture":"#kn15out_atlas"},"west":{"uv":[4.875,4.25,5,9.25],"texture":"#kn15out_atlas"},"up":{"uv":[9.375,13,9.5,12.875],"texture":"#kn15out_atlas"},"down":{"uv":[9.25,12.875,9.375,13],"texture":"#kn15out_atlas"}}},{"from":[8.125,2.875,6.5],"to":[8.25,7.75,6.75],"faces":{"north":{"uv":[5.375,4.375,5.25,9.25],"texture":"#kn15out_atlas"},"east":{"uv":[4.25,6,4,10.875],"texture":"#kn15out_atlas"},"south":{"uv":[5.375,6.875,5.5,11.75],"texture":"#kn15out_atlas"},"west":{"uv":[4,1.125,4.25,6],"texture":"#kn15out_atlas"},"up":{"uv":[7.25,12.5,7.375,12.25],"texture":"#kn15out_atlas"},"down":{"uv":[7.25,12.5,7.375,12.75],"texture":"#kn15out_atlas"}}},{"from":[8.125,2.875,6.75],"to":[8.25,7.625,6.875],"faces":{"north":{"uv":[5.5,2.125,5.375,6.875],"texture":"#kn15out_atlas"},"east":{"uv":[5.625,2.25,5.5,7],"texture":"#kn15out_atlas"},"south":{"uv":[5.5,7,5.625,11.75],"texture":"#kn15out_atlas"},"west":{"uv":[5.625,7,5.75,11.75],"texture":"#kn15out_atlas"},"up":{"uv":[9.375,12,9.5,11.875],"texture":"#kn15out_atlas"},"down":{"uv":[9.25,11.875,9.375,12],"texture":"#kn15out_atlas"}}},{"from":[8.125,3,6.25],"to":[8.25,6.25,6.375],"faces":{"north":{"uv":[6.875,4.25,6.75,7.5],"texture":"#kn15out_atlas"},"east":{"uv":[6.875,1,6.75,4.25],"texture":"#kn15out_atlas"},"south":{"uv":[6.625,0,6.75,3.25],"texture":"#kn15out_atlas"},"west":{"uv":[6.875,8.5,7,11.75],"texture":"#kn15out_atlas"},"up":{"uv":[10.5,14.375,10.625,14.25],"texture":"#kn15out_atlas"},"down":{"uv":[10.375,14.25,10.5,14.375],"texture":"#kn15out_atlas"}}},{"from":[8.125,3,6.875],"to":[8.25,7.625,7],"faces":{"north":{"uv":[5.875,7.125,5.75,11.75],"texture":"#kn15out_atlas"},"east":{"uv":[5.875,2.5,5.75,7.125],"texture":"#kn15out_atlas"},"south":{"uv":[5.625,2.375,5.75,7],"texture":"#kn15out_atlas"},"west":{"uv":[5.875,7.125,6,11.75],"texture":"#kn15out_atlas"},"up":{"uv":[11.25,14.375,11.375,14.25],"texture":"#kn15out_atlas"},"down":{"uv":[11.125,14.25,11.25,14.375],"texture":"#kn15out_atlas"}}},{"from":[8.125,3,7],"to":[8.25,7.5,7.125],"faces":{"north":{"uv":[6.375,7.25,6.25,11.75],"texture":"#kn15out_atlas"},"east":{"uv":[6.125,7.25,6,11.75],"texture":"#kn15out_atlas"},"south":{"uv":[6.125,2.75,6.25,7.25],"texture":"#kn15out_atlas"},"west":{"uv":[6.125,7.25,6.25,11.75],"texture":"#kn15out_atlas"},"up":{"uv":[5.875,11.875,6,11.75],"texture":"#kn15out_atlas"},"down":{"uv":[15.25,14.25,15.375,14.375],"texture":"#kn15out_atlas"}}},{"from":[8.125,3.125,7.125],"to":[8.25,3.75,7.25],"faces":{"north":{"uv":[6.5,12.875,6.375,13.5],"texture":"#kn15out_atlas"},"east":{"uv":[7.375,12.75,7.25,13.375],"texture":"#kn15out_atlas"},"south":{"uv":[4.75,0,4.875,0.625],"texture":"#kn15out_atlas"},"west":{"uv":[9.75,14.75,9.875,15.375],"texture":"#kn15out_atlas"},"up":{"uv":[7.75,12.125,7.875,12],"texture":"#kn15out_atlas"},"down":{"uv":[7.75,12.125,7.875,12.25],"texture":"#kn15out_atlas"}}},{"from":[8.125,3.25,7.25],"to":[8.25,3.5,7.375],"faces":{"north":{"uv":[8.375,12.125,8.25,12.375],"texture":"#kn15out_atlas"},"east":{"uv":[8.75,12,8.625,12.25],"texture":"#kn15out_atlas"},"south":{"uv":[9,12.875,9.125,13.125],"texture":"#kn15out_atlas"},"west":{"uv":[8.25,11.875,8.375,12.125],"texture":"#kn15out_atlas"},"up":{"uv":[9.125,13.125,9.25,13],"texture":"#kn15out_atlas"},"down":{"uv":[9.125,13.125,9.25,13.25],"texture":"#kn15out_atlas"}}},{"from":[8.125,4.625,7.125],"to":[8.25,7,7.25],"faces":{"north":{"uv":[6.25,11.875,6.125,14.25],"texture":"#kn15out_atlas"},"east":{"uv":[6,11.875,5.875,14.25],"texture":"#kn15out_atlas"},"south":{"uv":[6.25,11.875,6.375,14.25],"texture":"#kn15out_atlas"},"west":{"uv":[6,11.875,6.125,14.25],"texture":"#kn15out_atlas"},"up":{"uv":[9.125,12.375,9.25,12.25],"texture":"#kn15out_atlas"},"down":{"uv":[9.125,12.375,9.25,12.5],"texture":"#kn15out_atlas"}}},{"from":[8.125,5.5,7.25],"to":[8.25,6.125,7.375],"faces":{"north":{"uv":[7.25,13.375,7.125,14],"texture":"#kn15out_atlas"},"east":{"uv":[7,13.375,6.875,14],"texture":"#kn15out_atlas"},"south":{"uv":[7,13.375,7.125,14],"texture":"#kn15out_atlas"},"west":{"uv":[6.375,12.25,6.5,12.875],"texture":"#kn15out_atlas"},"up":{"uv":[9.375,13.875,9.5,13.75],"texture":"#kn15out_atlas"},"down":{"uv":[9.25,13.75,9.375,13.875],"texture":"#kn15out_atlas"}}},{"from":[8.25,3.375,6.5],"to":[8.375,3.625,6.875],"faces":{"north":{"uv":[8.875,12,8.75,12.25],"texture":"#kn15out_atlas"},"east":{"uv":[14.625,14.625,14.25,14.875],"texture":"#kn15out_atlas"},"south":{"uv":[8.875,13.25,9,13.5],"texture":"#kn15out_atlas"},"west":{"uv":[14.25,14.875,14.625,15.125],"texture":"#kn15out_atlas"},"up":{"uv":[14.875,14.625,15,14.25],"texture":"#kn15out_atlas"},"down":{"uv":[4.375,0,4.5,0.375],"texture":"#kn15out_atlas"}}},{"from":[8.25,5.125,6.625],"to":[8.375,5.5,6.75],"faces":{"north":{"uv":[7.75,12.5,7.625,12.875],"texture":"#kn15out_atlas"},"east":{"uv":[8.375,13.875,8.25,14.25],"texture":"#kn15out_atlas"},"south":{"uv":[15.875,14.5,16,14.875],"texture":"#kn15out_atlas"},"west":{"uv":[7.75,12.5,7.875,12.875],"texture":"#kn15out_atlas"},"up":{"uv":[9.375,13.125,9.5,13],"texture":"#kn15out_atlas"},"down":{"uv":[9.25,13,9.375,13.125],"texture":"#kn15out_atlas"}}},{"from":[8.25,5.25,6.5],"to":[8.375,5.5,6.625],"faces":{"north":{"uv":[9,12.375,8.875,12.625],"texture":"#kn15out_atlas"},"east":{"uv":[9.125,12.125,9,12.375],"texture":"#kn15out_atlas"},"south":{"uv":[9,12.375,9.125,12.625],"texture":"#kn15out_atlas"},"west":{"uv":[8.875,12.125,9,12.375],"texture":"#kn15out_atlas"},"up":{"uv":[9.375,12.75,9.5,12.625],"texture":"#kn15out_atlas"},"down":{"uv":[9.25,12.625,9.375,12.75],"texture":"#kn15out_atlas"}}},{"from":[8.25,5.25,6.75],"to":[8.375,5.5,6.875],"faces":{"north":{"uv":[9,11.875,8.875,12.125],"texture":"#kn15out_atlas"},"east":{"uv":[9.25,13.75,9.125,14],"texture":"#kn15out_atlas"},"south":{"uv":[9,11.875,9.125,12.125],"texture":"#kn15out_atlas"},"west":{"uv":[9.125,14,9.25,14.25],"texture":"#kn15out_atlas"},"up":{"uv":[9.375,12.375,9.5,12.25],"texture":"#kn15out_atlas"},"down":{"uv":[9.25,12.25,9.375,12.375],"texture":"#kn15out_atlas"}}},{"from":[8.25,7,6.625],"to":[8.375,7.375,6.875],"faces":{"north":{"uv":[8.375,13.5,8.25,13.875],"texture":"#kn15out_atlas"},"east":{"uv":[14.875,15.375,14.625,15.75],"texture":"#kn15out_atlas"},"south":{"uv":[8.25,13.125,8.375,13.5],"texture":"#kn15out_atlas"},"west":{"uv":[14.25,14.25,14.5,14.625],"texture":"#kn15out_atlas"},"up":{"uv":[9.125,13.5,9.25,13.25],"texture":"#kn15out_atlas"},"down":{"uv":[9.125,13.5,9.25,13.75],"texture":"#kn15out_atlas"}}},{"from":[8.25,7.125,6.5],"to":[8.375,7.25,6.625],"faces":{"north":{"uv":[9.625,13.625,9.5,13.75],"texture":"#kn15out_atlas"},"east":{"uv":[9.625,13.25,9.5,13.375],"texture":"#kn15out_atlas"},"south":{"uv":[9.5,13.5,9.625,13.625],"texture":"#kn15out_atlas"},"west":{"uv":[9.5,13.375,9.625,13.5],"texture":"#kn15out_atlas"},"up":{"uv":[9.5,13.875,9.625,13.75],"texture":"#kn15out_atlas"},"down":{"uv":[9.5,13.875,9.625,14],"texture":"#kn15out_atlas"}}}],"display":{"thirdperson_righthand":{"rotation":[0,-180,0],"translation":[0,2.25,0.25]},"thirdperson_lefthand":{"rotation":[0,-180,0],"translation":[0,2.25,0.25]},"firstperson_righthand":{"rotation":[0,-180,0],"translation":[0,2.75,0.25]},"firstperson_lefthand":{"rotation":[0,-180,0],"translation":[0,2.75,0.25]},"gui":{"rotation":[58.5,37.5,-61.5],"translation":[0,-0.4,0],"scale":[1.42,1.49,1.33]}}}