{"textures":{"texture":"nullsblox/chain_saw/nulls_chain_saw"},"elements":[{"from":[-8.5,6.5,5.5],"to":[-3.5,12.5,11],"faces":{"north":{"uv":[0,0,4,4],"texture":"#texture","cullface":"west"},"east":{"uv":[0,0,4,4],"texture":"#texture","cullface":"west"},"south":{"uv":[0,0,4,4],"texture":"#texture","cullface":"west"},"west":{"uv":[0,0,4,4],"texture":"#texture","cullface":"west"},"up":{"uv":[0,0,4,4],"texture":"#texture","cullface":"west"}}},{"from":[-3.5,7,4.5],"to":[-2.5,13.5,12],"faces":{"north":{"uv":[4,0,8,4],"texture":"#texture"},"east":{"uv":[4,0,8,4],"texture":"#texture"},"south":{"uv":[4,0,8,4],"texture":"#texture"},"west":{"uv":[4,0,8,4],"texture":"#texture"},"up":{"uv":[4,0,8,4],"texture":"#texture"}}},{"from":[-8,12.5,6],"to":[-3.5,13,10.5],"faces":{"north":{"uv":[0,0,4,4],"texture":"#texture","cullface":"west"},"south":{"uv":[0,0,4,4],"texture":"#texture","cullface":"west"},"west":{"uv":[0,0,4,4],"texture":"#texture","cullface":"west"},"up":{"uv":[0,0,4,4],"texture":"#texture","cullface":"west"}}},{"from":[-8,6.5,11],"to":[-3.5,12,11.5],"faces":{"east":{"uv":[0,0,4,4],"texture":"#texture","cullface":"west"},"south":{"uv":[0,0,4,4],"texture":"#texture","cullface":"west"},"west":{"uv":[0,0,4,4],"texture":"#texture","cullface":"west"},"up":{"uv":[0,0,4,4],"texture":"#texture","cullface":"west"}}},{"from":[-8,6.5,5],"to":[-3.5,12,5.5],"faces":{"north":{"uv":[0,0,4,4],"texture":"#texture","cullface":"west"},"east":{"uv":[0,0,4,4],"texture":"#texture","cullface":"west"},"west":{"uv":[0,0,4,4],"texture":"#texture","cullface":"west"},"up":{"uv":[0,0,4,4],"texture":"#texture","cullface":"west"}}},{"from":[-9,6.5,6],"to":[-8.5,12,10.5],"faces":{"north":{"uv":[0,0,4,4],"texture":"#texture","cullface":"west"},"south":{"uv":[0,0,4,4],"texture":"#texture","cullface":"west"},"west":{"uv":[0,0,4,4],"texture":"#texture","cullface":"west"},"up":{"uv":[0,0,4,4],"texture":"#texture","cullface":"west"}}},{"from":[-2.5,12,7],"to":[7,13.5,9.5],"faces":{"north":{"uv":[4,0,8,4],"texture":"#texture"},"east":{"uv":[4,0,8,4],"texture":"#texture"},"south":{"uv":[4,0,8,4],"texture":"#texture"},"up":{"uv":[4,0,8,4],"texture":"#texture"},"down":{"uv":[4,0,8,4],"texture":"#texture"}}},{"from":[-2,13.5,7.5],"to":[2.5,14.5,9],"faces":{"north":{"uv":[4,0,8,4],"texture":"#texture"},"east":{"uv":[4,0,8,4],"texture":"#texture"},"south":{"uv":[4,0,8,4],"texture":"#texture"},"west":{"uv":[4,0,8,4],"texture":"#texture"},"up":{"uv":[4,0,8,4],"texture":"#texture"}}},{"from":[4,11.5,5.5],"to":[6.5,14,7.5],"rotation":{"angle":22.5,"axis":"z","origin":[4,14,5.5]},"faces":{"north":{"uv":[4,0,8,4],"texture":"#texture"},"east":{"uv":[4,0,8,4],"texture":"#texture"},"south":{"uv":[4,0,8,4],"texture":"#texture"},"west":{"uv":[4,0,8,4],"texture":"#texture"},"up":{"uv":[4,0,8,4],"texture":"#texture"},"down":{"uv":[4,0,8,4],"texture":"#texture"}}},{"from":[4,11.5,9],"to":[6.5,14,11],"rotation":{"angle":22.5,"axis":"z","origin":[4,14,9]},"faces":{"north":{"uv":[4,0,8,4],"texture":"#texture"},"east":{"uv":[4,0,8,4],"texture":"#texture"},"south":{"uv":[4,0,8,4],"texture":"#texture"},"west":{"uv":[4,0,8,4],"texture":"#texture"},"up":{"uv":[4,0,8,4],"texture":"#texture"},"down":{"uv":[4,0,8,4],"texture":"#texture"}}},{"from":[5.5,7.5,7],"to":[7,12,9.5],"faces":{"north":{"uv":[4,0,8,4],"texture":"#texture"},"east":{"uv":[4,0,8,4],"texture":"#texture"},"south":{"uv":[4,0,8,4],"texture":"#texture"},"west":{"uv":[4,0,8,4],"texture":"#texture"}}},{"from":[5.0625,7.5,11.4375],"to":[8.5625,8.5,12.4375],"faces":{"north":{"uv":[4,0,8,4],"texture":"#texture"},"south":{"uv":[4,0,8,4],"texture":"#texture"},"west":{"uv":[4,0,8,4],"texture":"#texture"},"up":{"uv":[4,0,8,4],"texture":"#texture"},"down":{"uv":[4,0,8,4],"texture":"#texture"}}},{"from":[5.0625,7.5,4.0625],"to":[8.5625,8.5,5.0625],"faces":{"north":{"uv":[4,0,8,4],"texture":"#texture"},"east":{"uv":[4,0,8,4],"texture":"#texture"},"south":{"uv":[4,0,8,4],"texture":"#texture"},"west":{"uv":[4,0,8,4],"texture":"#texture"},"up":{"uv":[4,0,8,4],"texture":"#texture"},"down":{"uv":[4,0,8,4],"texture":"#texture"}}},{"from":[8.5,7.5,4.0625],"to":[9.5,16,5.0625],"faces":{"north":{"uv":[4,0,8,4],"texture":"#texture"},"east":{"uv":[4,0,8,4],"texture":"#texture"},"south":{"uv":[4,0,8,4],"texture":"#texture"},"west":{"uv":[4,0,8,4],"texture":"#texture"},"up":{"uv":[4,0,8,4],"texture":"#texture","cullface":"up"},"down":{"uv":[4,0,8,4],"texture":"#texture"}}},{"from":[8.5625,7.5,11.4375],"to":[9.5625,16,12.4375],"faces":{"north":{"uv":[4,0,8,4],"texture":"#texture"},"east":{"uv":[4,0,8,4],"texture":"#texture"},"south":{"uv":[4,0,8,4],"texture":"#texture"},"west":{"uv":[4,0,8,4],"texture":"#texture"},"up":{"uv":[4,0,8,4],"texture":"#texture","cullface":"up"},"down":{"uv":[4,0,8,4],"texture":"#texture"}}},{"from":[8.5625,15,5.0625],"to":[9.5625,16,11.4375],"faces":{"north":{"uv":[4,0,8,4],"texture":"#texture"},"east":{"uv":[4,0,8,4],"texture":"#texture"},"west":{"uv":[4,0,8,4],"texture":"#texture"},"up":{"uv":[4,0,8,4],"texture":"#texture","cullface":"up"},"down":{"uv":[4,0,8,4],"texture":"#texture"}}},{"from":[5.0625,5.5,11.4375],"to":[6.0625,7.5,12.4375],"faces":{"north":{"uv":[4,0,8,4],"texture":"#texture"},"east":{"uv":[4,0,8,4],"texture":"#texture"},"south":{"uv":[4,0,8,4],"texture":"#texture"},"west":{"uv":[4,0,8,4],"texture":"#texture"},"down":{"uv":[4,0,8,4],"texture":"#texture"}}},{"from":[5.0625,5.5,4.0625],"to":[6.0625,7.5,5.0625],"faces":{"north":{"uv":[4,0,8,4],"texture":"#texture"},"east":{"uv":[4,0,8,4],"texture":"#texture"},"south":{"uv":[4,0,8,4],"texture":"#texture"},"west":{"uv":[4,0,8,4],"texture":"#texture"},"down":{"uv":[4,0,8,4],"texture":"#texture"}}},{"from":[-0.1875,13.75,8],"to":[1.8125,15.25,8.5],"rotation":{"angle":-22.5,"axis":"z","origin":[-0.1875,15.25,8]},"faces":{"north":{"uv":[0,0,4,4],"texture":"#texture"},"east":{"uv":[0,0,4,4],"texture":"#texture"},"south":{"uv":[0,0,4,4],"texture":"#texture"},"west":{"uv":[0,0,4,4],"texture":"#texture"},"up":{"uv":[0,0,4,4],"texture":"#texture"},"down":{"uv":[0,0,4,4],"texture":"#texture"}}},{"from":[2.5,11,8],"to":[3.5,12.5,8.5],"rotation":{"angle":-22.5,"axis":"z","origin":[2.5,12.5,8]},"faces":{"north":{"uv":[0,0,4,4],"texture":"#texture"},"east":{"uv":[0,0,4,4],"texture":"#texture"},"south":{"uv":[0,0,4,4],"texture":"#texture"},"west":{"uv":[0,0,4,4],"texture":"#texture"},"up":{"uv":[0,0,4,4],"texture":"#texture"},"down":{"uv":[0,0,4,4],"texture":"#texture"}}},{"from":[4.5,12,7.5],"to":[6,14,9],"rotation":{"angle":22.5,"axis":"z","origin":[4.5,14,7.5]},"faces":{"east":{"uv":[0,0,4,4],"texture":"#texture"},"west":{"uv":[0,0,4,4],"texture":"#texture"},"up":{"uv":[0,0,4,4],"texture":"#texture"},"down":{"uv":[0,0,4,4],"texture":"#texture"}}},{"from":[-9.5,3.5,4],"to":[8.5,6.5,12.5],"faces":{"north":{"uv":[0,4,4,8],"texture":"#texture","cullface":"west"},"east":{"uv":[0,4,4,8],"texture":"#texture","cullface":"west"},"south":{"uv":[0,4,4,8],"texture":"#texture","cullface":"west"},"west":{"uv":[0,4,4,8],"texture":"#texture","cullface":"west"},"up":{"uv":[0,4,4,8],"texture":"#texture","cullface":"west"},"down":{"uv":[0,4,4,8],"texture":"#texture","cullface":"west"}}},{"from":[-9,1.5,4],"to":[8,3.5,12.5],"faces":{"north":{"uv":[0,4,4,8],"texture":"#texture","cullface":"west"},"east":{"uv":[0,4,4,8],"texture":"#texture","cullface":"west"},"south":{"uv":[0,4,4,8],"texture":"#texture","cullface":"west"},"west":{"uv":[0,4,4,8],"texture":"#texture","cullface":"west"},"down":{"uv":[0,4,4,8],"texture":"#texture","cullface":"west"}}},{"from":[-8,0,4],"to":[1,1.5,12.5],"faces":{"north":{"uv":[0,4,4,8],"texture":"#texture","cullface":"west"},"east":{"uv":[0,4,4,8],"texture":"#texture","cullface":"west"},"south":{"uv":[0,4,4,8],"texture":"#texture","cullface":"west"},"west":{"uv":[0,4,4,8],"texture":"#texture","cullface":"west"},"down":{"uv":[0,4,4,8],"texture":"#texture","cullface":"west"}}},{"from":[1,0,5],"to":[8.5,1.5,11.5],"faces":{"north":{"uv":[0,4,4,8],"texture":"#texture"},"east":{"uv":[0,4,4,8],"texture":"#texture"},"south":{"uv":[0,4,4,8],"texture":"#texture"},"up":{"uv":[0,4,4,8],"texture":"#texture"},"down":{"uv":[0,4,4,8],"texture":"#texture","cullface":"down"}}},{"from":[8,1.5,5],"to":[9,3.5,11.5],"faces":{"north":{"uv":[0,4,4,8],"texture":"#texture"},"east":{"uv":[0,4,4,8],"texture":"#texture"},"south":{"uv":[0,4,4,8],"texture":"#texture"},"up":{"uv":[0,4,4,8],"texture":"#texture"},"down":{"uv":[0,4,4,8],"texture":"#texture"}}},{"from":[8.5,3.5,5],"to":[9.5,6.5,11.5],"faces":{"north":{"uv":[0,4,4,8],"texture":"#texture"},"east":{"uv":[0,4,4,8],"texture":"#texture"},"south":{"uv":[0,4,4,8],"texture":"#texture"},"up":{"uv":[0,4,4,8],"texture":"#texture"},"down":{"uv":[0,4,4,8],"texture":"#texture"}}},{"from":[-10.5,3.5,4.5],"to":[-9.5,6.5,12],"faces":{"north":{"uv":[0,4,4,8],"texture":"#texture","cullface":"west"},"south":{"uv":[0,4,4,8],"texture":"#texture","cullface":"west"},"west":{"uv":[0,4,4,8],"texture":"#texture","cullface":"west"},"up":{"uv":[0,4,4,8],"texture":"#texture","cullface":"west"},"down":{"uv":[0,4,4,8],"texture":"#texture","cullface":"west"}}},{"from":[-10,1.5,4.5],"to":[-9,3.5,12],"faces":{"north":{"uv":[0,4,4,8],"texture":"#texture","cullface":"west"},"south":{"uv":[0,4,4,8],"texture":"#texture","cullface":"west"},"west":{"uv":[0,4,4,8],"texture":"#texture","cullface":"west"},"up":{"uv":[0,4,4,8],"texture":"#texture","cullface":"west"},"down":{"uv":[0,4,4,8],"texture":"#texture","cullface":"west"}}},{"from":[-9,0,4.5],"to":[-8,1.5,12],"faces":{"north":{"uv":[0,4,4,8],"texture":"#texture","cullface":"west"},"south":{"uv":[0,4,4,8],"texture":"#texture","cullface":"west"},"west":{"uv":[0,4,4,8],"texture":"#texture","cullface":"west"},"down":{"uv":[0,4,4,8],"texture":"#texture","cullface":"west"}}},{"from":[-8,-1,4.5],"to":[1,0,12],"faces":{"north":{"uv":[0,4,4,8],"texture":"#texture","cullface":"west"},"east":{"uv":[0,4,4,8],"texture":"#texture","cullface":"west"},"south":{"uv":[0,4,4,8],"texture":"#texture","cullface":"west"},"west":{"uv":[0,4,4,8],"texture":"#texture","cullface":"west"},"down":{"uv":[0,4,4,8],"texture":"#texture","cullface":"west"}}},{"from":[-9.5,6.5,4.5],"to":[-2.5,7,12],"faces":{"north":{"uv":[4,0,8,4],"texture":"#texture","cullface":"west"},"east":{"uv":[4,0,8,4],"texture":"#texture","cullface":"west"},"south":{"uv":[4,0,8,4],"texture":"#texture","cullface":"west"},"west":{"uv":[4,0,8,4],"texture":"#texture","cullface":"west"},"up":{"uv":[4,0,8,4],"texture":"#texture","cullface":"west"}}},{"from":[-8,3.5,12.5],"to":[7,6,13.5],"faces":{"east":{"uv":[0,4,4,8],"texture":"#texture","cullface":"west"},"south":{"uv":[0,4,4,8],"texture":"#texture","cullface":"west"},"west":{"uv":[0,4,4,8],"texture":"#texture","cullface":"west"},"up":{"uv":[0,4,4,8],"texture":"#texture","cullface":"west"},"down":{"uv":[0,4,4,8],"texture":"#texture","cullface":"west"}}},{"from":[-7,2.5,12.5],"to":[5.5,3.5,13.5],"faces":{"east":{"uv":[0,4,4,8],"texture":"#texture","cullface":"west"},"south":{"uv":[0,4,4,8],"texture":"#texture","cullface":"west"},"west":{"uv":[0,4,4,8],"texture":"#texture","cullface":"west"},"down":{"uv":[0,4,4,8],"texture":"#texture","cullface":"west"}}},{"from":[-6.5,1.5,12.5],"to":[-0.5,2.5,13.5],"faces":{"east":{"uv":[0,4,4,8],"texture":"#texture","cullface":"west"},"south":{"uv":[0,4,4,8],"texture":"#texture","cullface":"west"},"west":{"uv":[0,4,4,8],"texture":"#texture","cullface":"west"},"down":{"uv":[0,4,4,8],"texture":"#texture","cullface":"west"}}},{"from":[-6,0.5,12.5],"to":[-1.5,1.5,13.5],"faces":{"east":{"uv":[0,4,4,8],"texture":"#texture","cullface":"west"},"south":{"uv":[0,4,4,8],"texture":"#texture","cullface":"west"},"west":{"uv":[0,4,4,8],"texture":"#texture","cullface":"west"},"down":{"uv":[0,4,4,8],"texture":"#texture","cullface":"west"}}},{"from":[-8,3.5,3],"to":[7,6,4],"faces":{"north":{"uv":[0,4,4,8],"texture":"#texture","cullface":"west"},"east":{"uv":[0,4,4,8],"texture":"#texture","cullface":"west"},"west":{"uv":[0,4,4,8],"texture":"#texture","cullface":"west"},"up":{"uv":[0,4,4,8],"texture":"#texture","cullface":"west"},"down":{"uv":[0,4,4,8],"texture":"#texture","cullface":"west"}}},{"from":[-6.5,2.5,3],"to":[5.5,3.5,4],"faces":{"north":{"uv":[0,4,4,8],"texture":"#texture","cullface":"west"},"east":{"uv":[0,4,4,8],"texture":"#texture","cullface":"west"},"west":{"uv":[0,4,4,8],"texture":"#texture","cullface":"west"},"down":{"uv":[0,4,4,8],"texture":"#texture","cullface":"west"}}},{"from":[-5,1.5,3],"to":[-0.5,2.5,4],"faces":{"north":{"uv":[0,4,4,8],"texture":"#texture","cullface":"west"},"east":{"uv":[0,4,4,8],"texture":"#texture","cullface":"west"},"west":{"uv":[0,4,4,8],"texture":"#texture","cullface":"west"},"down":{"uv":[0,4,4,8],"texture":"#texture","cullface":"west"}}},{"from":[-4.5,0.5,3],"to":[-1.5,1.5,4],"faces":{"north":{"uv":[0,4,4,8],"texture":"#texture","cullface":"west"},"east":{"uv":[0,4,4,8],"texture":"#texture","cullface":"west"},"west":{"uv":[0,4,4,8],"texture":"#texture","cullface":"west"},"down":{"uv":[0,4,4,8],"texture":"#texture","cullface":"west"}}},{"from":[-7.5,5,13],"to":[-6,5.5,14],"faces":{"north":{"uv":[4,0,8,4],"texture":"#texture","cullface":"west"},"east":{"uv":[4,0,8,4],"texture":"#texture","cullface":"west"},"south":{"uv":[4,0,8,4],"texture":"#texture","cullface":"west"},"west":{"uv":[4,0,8,4],"texture":"#texture","cullface":"west"},"up":{"uv":[4,0,8,4],"texture":"#texture","cullface":"west"},"down":{"uv":[4,0,8,4],"texture":"#texture","cullface":"west"}}},{"from":[-5.5,5,13],"to":[-4,5.5,14],"faces":{"north":{"uv":[4,0,8,4],"texture":"#texture","cullface":"west"},"east":{"uv":[4,0,8,4],"texture":"#texture","cullface":"west"},"south":{"uv":[4,0,8,4],"texture":"#texture","cullface":"west"},"west":{"uv":[4,0,8,4],"texture":"#texture","cullface":"west"},"up":{"uv":[4,0,8,4],"texture":"#texture","cullface":"west"},"down":{"uv":[4,0,8,4],"texture":"#texture","cullface":"west"}}},{"from":[-3.5,5,13],"to":[-2,5.5,14],"faces":{"north":{"uv":[4,0,8,4],"texture":"#texture"},"east":{"uv":[4,0,8,4],"texture":"#texture"},"south":{"uv":[4,0,8,4],"texture":"#texture"},"west":{"uv":[4,0,8,4],"texture":"#texture"},"up":{"uv":[4,0,8,4],"texture":"#texture"},"down":{"uv":[4,0,8,4],"texture":"#texture"}}},{"from":[-7.5,4,13],"to":[-6,4.5,14],"faces":{"north":{"uv":[4,0,8,4],"texture":"#texture","cullface":"west"},"east":{"uv":[4,0,8,4],"texture":"#texture","cullface":"west"},"south":{"uv":[4,0,8,4],"texture":"#texture","cullface":"west"},"west":{"uv":[4,0,8,4],"texture":"#texture","cullface":"west"},"up":{"uv":[4,0,8,4],"texture":"#texture","cullface":"west"},"down":{"uv":[4,0,8,4],"texture":"#texture","cullface":"west"}}},{"from":[-5.5,4,13],"to":[-4,4.5,14],"faces":{"north":{"uv":[4,0,8,4],"texture":"#texture","cullface":"west"},"east":{"uv":[4,0,8,4],"texture":"#texture","cullface":"west"},"south":{"uv":[4,0,8,4],"texture":"#texture","cullface":"west"},"west":{"uv":[4,0,8,4],"texture":"#texture","cullface":"west"},"up":{"uv":[4,0,8,4],"texture":"#texture","cullface":"west"},"down":{"uv":[4,0,8,4],"texture":"#texture","cullface":"west"}}},{"from":[-3.5,4,13],"to":[-2,4.5,14],"faces":{"north":{"uv":[4,0,8,4],"texture":"#texture"},"east":{"uv":[4,0,8,4],"texture":"#texture"},"south":{"uv":[4,0,8,4],"texture":"#texture"},"west":{"uv":[4,0,8,4],"texture":"#texture"},"up":{"uv":[4,0,8,4],"texture":"#texture"},"down":{"uv":[4,0,8,4],"texture":"#texture"}}},{"from":[-5.5,3,13],"to":[-4,3.5,14],"faces":{"north":{"uv":[4,0,8,4],"texture":"#texture","cullface":"west"},"east":{"uv":[4,0,8,4],"texture":"#texture","cullface":"west"},"south":{"uv":[4,0,8,4],"texture":"#texture","cullface":"west"},"west":{"uv":[4,0,8,4],"texture":"#texture","cullface":"west"},"up":{"uv":[4,0,8,4],"texture":"#texture","cullface":"west"},"down":{"uv":[4,0,8,4],"texture":"#texture","cullface":"west"}}},{"from":[-3.5,3,13],"to":[-2,3.5,14],"faces":{"north":{"uv":[4,0,8,4],"texture":"#texture"},"east":{"uv":[4,0,8,4],"texture":"#texture"},"south":{"uv":[4,0,8,4],"texture":"#texture"},"west":{"uv":[4,0,8,4],"texture":"#texture"},"up":{"uv":[4,0,8,4],"texture":"#texture"},"down":{"uv":[4,0,8,4],"texture":"#texture"}}},{"from":[-9.5,11,7.5],"to":[-8,12.5,9],"rotation":{"angle":45,"axis":"z","origin":[-9.5,12.5,7.5]},"faces":{"north":{"uv":[4,0,8,4],"texture":"#texture","cullface":"west"},"east":{"uv":[4,0,8,4],"texture":"#texture","cullface":"west"},"south":{"uv":[4,0,8,4],"texture":"#texture","cullface":"west"},"west":{"uv":[4,0,8,4],"texture":"#texture","cullface":"west"},"up":{"uv":[4,0,8,4],"texture":"#texture","cullface":"west"},"down":{"uv":[4,0,8,4],"texture":"#texture","cullface":"west"}}},{"from":[-5.5,1.5,13],"to":[-2,2.5,14],"faces":{"north":{"uv":[4,0,8,4],"texture":"#texture","cullface":"west"},"east":{"uv":[4,0,8,4],"texture":"#texture","cullface":"west"},"south":{"uv":[4,0,8,4],"texture":"#texture","cullface":"west"},"west":{"uv":[4,0,8,4],"texture":"#texture","cullface":"west"},"up":{"uv":[4,0,8,4],"texture":"#texture","cullface":"west"},"down":{"uv":[4,0,8,4],"texture":"#texture","cullface":"west"}}},{"from":[24,1.5,7],"to":[25.5,5,9.5],"faces":{"north":{"uv":[1,4,3,8],"texture":"#texture","cullface":"east"},"east":{"uv":[0.875,4,3.25,8],"texture":"#texture","cullface":"east"},"south":{"uv":[1,4,3,8],"texture":"#texture","cullface":"east"},"up":{"uv":[1,4,3.125,8],"texture":"#texture","cullface":"east"},"down":{"uv":[1,4,3.125,8],"texture":"#texture","cullface":"east"}}},{"from":[25.5,2,7],"to":[27.5,4.5,9.5],"faces":{"north":{"uv":[1,4,3,8],"texture":"#texture","cullface":"east"},"east":{"uv":[0.875,4,3.25,8],"texture":"#texture","cullface":"east"},"south":{"uv":[1,4,3,8],"texture":"#texture","cullface":"east"},"up":{"uv":[1,4,3.125,8],"texture":"#texture","cullface":"east"},"down":{"uv":[1,4,3.125,8],"texture":"#texture","cullface":"east"}}},{"from":[8.5,1,7],"to":[24,5.5,9.5],"faces":{"north":{"uv":[1,4,3,8],"texture":"#texture","cullface":"east"},"east":{"uv":[0.875,4,3.25,8],"texture":"#texture","cullface":"east"},"south":{"uv":[1,4,3,8],"texture":"#texture","cullface":"east"},"west":{"uv":[0.875,4,3.125,8],"texture":"#texture","cullface":"east"},"up":{"uv":[1,4,3.125,8],"texture":"#texture","cullface":"east"},"down":{"uv":[1,4,3.125,8],"texture":"#texture","cullface":"east"}}},{"from":[10,0,7.5],"to":[11,6.5,9],"faces":{"north":{"uv":[4,0,8,4],"texture":"#texture"},"east":{"uv":[4,0,8,4],"texture":"#texture"},"south":{"uv":[4,0,8,4],"texture":"#texture"},"west":{"uv":[4,0,8,4],"texture":"#texture"},"up":{"uv":[4,0,8,4],"texture":"#texture"},"down":{"uv":[4,0,8,4],"texture":"#texture"}}},{"from":[12,0,7.5],"to":[13,6.5,9],"faces":{"north":{"uv":[4,0,8,4],"texture":"#texture"},"east":{"uv":[4,0,8,4],"texture":"#texture","cullface":"east"},"south":{"uv":[4,0,8,4],"texture":"#texture"},"west":{"uv":[4,0,8,4],"texture":"#texture"},"up":{"uv":[4,0,8,4],"texture":"#texture"},"down":{"uv":[4,0,8,4],"texture":"#texture","cullface":"down"}}},{"from":[14,0,7.5],"to":[15,6.5,9],"faces":{"north":{"uv":[4,0,8,4],"texture":"#texture","cullface":"east"},"east":{"uv":[4,0,8,4],"texture":"#texture","cullface":"east"},"south":{"uv":[4,0,8,4],"texture":"#texture","cullface":"east"},"west":{"uv":[4,0,8,4],"texture":"#texture","cullface":"east"},"up":{"uv":[4,0,8,4],"texture":"#texture","cullface":"east"},"down":{"uv":[4,0,8,4],"texture":"#texture","cullface":"east"}}},{"from":[16,0,7.5],"to":[17,6.5,9],"faces":{"north":{"uv":[4,0,8,4],"texture":"#texture","cullface":"east"},"east":{"uv":[4,0,8,4],"texture":"#texture","cullface":"east"},"south":{"uv":[4,0,8,4],"texture":"#texture","cullface":"east"},"west":{"uv":[4,0,8,4],"texture":"#texture","cullface":"east"},"up":{"uv":[4,0,8,4],"texture":"#texture","cullface":"east"},"down":{"uv":[4,0,8,4],"texture":"#texture","cullface":"east"}}},{"from":[18,0,7.5],"to":[19,6.5,9],"faces":{"north":{"uv":[4,0,8,4],"texture":"#texture","cullface":"east"},"east":{"uv":[4,0,8,4],"texture":"#texture","cullface":"east"},"south":{"uv":[4,0,8,4],"texture":"#texture","cullface":"east"},"west":{"uv":[4,0,8,4],"texture":"#texture","cullface":"east"},"up":{"uv":[4,0,8,4],"texture":"#texture","cullface":"east"},"down":{"uv":[4,0,8,4],"texture":"#texture","cullface":"east"}}},{"from":[20,0,7.5],"to":[21,6.5,9],"faces":{"north":{"uv":[4,0,8,4],"texture":"#texture","cullface":"east"},"east":{"uv":[4,0,8,4],"texture":"#texture","cullface":"east"},"south":{"uv":[4,0,8,4],"texture":"#texture","cullface":"east"},"west":{"uv":[4,0,8,4],"texture":"#texture","cullface":"east"},"up":{"uv":[4,0,8,4],"texture":"#texture","cullface":"east"},"down":{"uv":[4,0,8,4],"texture":"#texture","cullface":"east"}}},{"from":[22,0,7.5],"to":[23,6.5,9],"faces":{"north":{"uv":[4,0,8,4],"texture":"#texture","cullface":"east"},"east":{"uv":[4,0,8,4],"texture":"#texture","cullface":"east"},"south":{"uv":[4,0,8,4],"texture":"#texture","cullface":"east"},"west":{"uv":[4,0,8,4],"texture":"#texture","cullface":"east"},"up":{"uv":[4,0,8,4],"texture":"#texture","cullface":"east"},"down":{"uv":[4,0,8,4],"texture":"#texture","cullface":"east"}}},{"from":[26,1,7.5],"to":[27,5.5,9],"faces":{"north":{"uv":[4,0,8,4],"texture":"#texture","cullface":"east"},"east":{"uv":[4,0,8,4],"texture":"#texture","cullface":"east"},"south":{"uv":[4,0,8,4],"texture":"#texture","cullface":"east"},"west":{"uv":[4,0,8,4],"texture":"#texture","cullface":"east"},"up":{"uv":[4,0,8,4],"texture":"#texture","cullface":"east"},"down":{"uv":[4,0,8,4],"texture":"#texture","cullface":"east"}}},{"from":[27,2.5,7.5],"to":[28.5,4,9],"faces":{"north":{"uv":[4,0,8,4],"texture":"#texture","cullface":"east"},"east":{"uv":[4,0,8,4],"texture":"#texture","cullface":"east"},"south":{"uv":[4,0,8,4],"texture":"#texture","cullface":"east"},"west":{"uv":[4,0,8,4],"texture":"#texture","cullface":"east"},"up":{"uv":[4,0,8,4],"texture":"#texture","cullface":"east"},"down":{"uv":[4,0,8,4],"texture":"#texture","cullface":"east"}}},{"from":[8.5,0,7.5],"to":[9,5.5,9],"faces":{"north":{"uv":[4,0,8,4],"texture":"#texture","cullface":"east"},"east":{"uv":[4,0,8,4],"texture":"#texture","cullface":"east"},"south":{"uv":[4,0,8,4],"texture":"#texture","cullface":"east"},"west":{"uv":[4,0,8,4],"texture":"#texture","cullface":"east"},"up":{"uv":[4,0,8,4],"texture":"#texture","cullface":"east"},"down":{"uv":[4,0,8,4],"texture":"#texture","cullface":"east"}}},{"from":[-2.5,6.5,5],"to":[8.5,7.5,11.5],"faces":{"north":{"uv":[0,4,4,8],"texture":"#texture"},"east":{"uv":[0,4,4,8],"texture":"#texture"},"south":{"uv":[0,4,4,8],"texture":"#texture"},"west":{"uv":[0,4,4,8],"texture":"#texture"},"up":{"uv":[0,4,4,8],"texture":"#texture"}}},{"from":[24,0.5,7.5],"to":[25,6,9],"faces":{"north":{"uv":[4,0,8,4],"texture":"#texture","cullface":"east"},"east":{"uv":[4,0,8,4],"texture":"#texture","cullface":"east"},"south":{"uv":[4,0,8,4],"texture":"#texture","cullface":"east"},"west":{"uv":[4,0,8,4],"texture":"#texture","cullface":"east"},"up":{"uv":[4,0,8,4],"texture":"#texture","cullface":"east"},"down":{"uv":[4,0,8,4],"texture":"#texture","cullface":"east"}}},{"from":[10,2,8.5],"to":[10.5,4.5,10],"faces":{"north":{"uv":[1,4,3,8],"texture":"#texture","cullface":"east"},"east":{"uv":[0.875,4,3.25,8],"texture":"#texture","cullface":"east"},"south":{"uv":[1,4,3,8],"texture":"#texture","cullface":"east"},"west":{"uv":[0.875,4,3.125,8],"texture":"#texture","cullface":"east"},"up":{"uv":[1,4,3.125,8],"texture":"#texture","cullface":"east"},"down":{"uv":[1,4,3.125,8],"texture":"#texture","cullface":"east"}}},{"from":[11,3.5,8.5],"to":[11.5,4.5,10],"faces":{"north":{"uv":[1,4,3,8],"texture":"#texture","cullface":"east"},"east":{"uv":[0.875,4,3.25,8],"texture":"#texture","cullface":"east"},"south":{"uv":[1,4,3,8],"texture":"#texture","cullface":"east"},"west":{"uv":[0.875,4,3.125,8],"texture":"#texture","cullface":"east"},"up":{"uv":[1,4,3.125,8],"texture":"#texture","cullface":"east"},"down":{"uv":[1,4,3.125,8],"texture":"#texture","cullface":"east"}}},{"from":[11,2,8.5],"to":[11.5,3,10],"faces":{"north":{"uv":[1,4,3,8],"texture":"#texture","cullface":"east"},"east":{"uv":[0.875,4,3.25,8],"texture":"#texture","cullface":"east"},"south":{"uv":[1,4,3,8],"texture":"#texture","cullface":"east"},"west":{"uv":[0.875,4,3.125,8],"texture":"#texture","cullface":"east"},"up":{"uv":[1,4,3.125,8],"texture":"#texture","cullface":"east"},"down":{"uv":[1,4,3.125,8],"texture":"#texture","cullface":"east"}}},{"from":[10.5,3,8.5],"to":[11,3.5,10],"faces":{"north":{"uv":[1,4,3,8],"texture":"#texture","cullface":"east"},"east":{"uv":[0.875,4,3.25,8],"texture":"#texture","cullface":"east"},"south":{"uv":[1,4,3,8],"texture":"#texture","cullface":"east"},"west":{"uv":[0.875,4,3.125,8],"texture":"#texture","cullface":"east"},"up":{"uv":[1,4,3.125,8],"texture":"#texture","cullface":"east"},"down":{"uv":[1,4,3.125,8],"texture":"#texture","cullface":"east"}}},{"from":[12,2,8.5],"to":[12.5,4.5,10],"faces":{"north":{"uv":[1,4,3,8],"texture":"#texture","cullface":"east"},"east":{"uv":[0.875,4,3.25,8],"texture":"#texture","cullface":"east"},"south":{"uv":[1,4,3,8],"texture":"#texture","cullface":"east"},"west":{"uv":[0.875,4,3.125,8],"texture":"#texture","cullface":"east"},"up":{"uv":[1,4,3.125,8],"texture":"#texture","cullface":"east"},"down":{"uv":[1,4,3.125,8],"texture":"#texture","cullface":"east"}}},{"from":[12.5,4,8.5],"to":[13,4.5,10],"faces":{"north":{"uv":[1,4,3,8],"texture":"#texture","cullface":"east"},"east":{"uv":[0.875,4,3.25,8],"texture":"#texture","cullface":"east"},"south":{"uv":[1,4,3,8],"texture":"#texture","cullface":"east"},"west":{"uv":[0.875,4,3.125,8],"texture":"#texture","cullface":"east"},"up":{"uv":[1,4,3.125,8],"texture":"#texture","cullface":"east"},"down":{"uv":[1,4,3.125,8],"texture":"#texture","cullface":"east"}}},{"from":[13,3.5,8.5],"to":[13.5,4,10],"faces":{"north":{"uv":[1,4,3,8],"texture":"#texture","cullface":"east"},"east":{"uv":[0.875,4,3.25,8],"texture":"#texture","cullface":"east"},"south":{"uv":[1,4,3,8],"texture":"#texture","cullface":"east"},"west":{"uv":[0.875,4,3.125,8],"texture":"#texture","cullface":"east"},"up":{"uv":[1,4,3.125,8],"texture":"#texture","cullface":"east"},"down":{"uv":[1,4,3.125,8],"texture":"#texture","cullface":"east"}}},{"from":[12.5,3,8.5],"to":[13,3.5,10],"faces":{"north":{"uv":[1,4,3,8],"texture":"#texture","cullface":"east"},"east":{"uv":[0.875,4,3.25,8],"texture":"#texture","cullface":"east"},"south":{"uv":[1,4,3,8],"texture":"#texture","cullface":"east"},"west":{"uv":[0.875,4,3.125,8],"texture":"#texture","cullface":"east"},"up":{"uv":[1,4,3.125,8],"texture":"#texture","cullface":"east"},"down":{"uv":[1,4,3.125,8],"texture":"#texture","cullface":"east"}}},{"from":[13,2,8.5],"to":[13.5,3,10],"faces":{"north":{"uv":[1,4,3,8],"texture":"#texture","cullface":"east"},"east":{"uv":[0.875,4,3.25,8],"texture":"#texture","cullface":"east"},"south":{"uv":[1,4,3,8],"texture":"#texture","cullface":"east"},"west":{"uv":[0.875,4,3.125,8],"texture":"#texture","cullface":"east"},"up":{"uv":[1,4,3.125,8],"texture":"#texture","cullface":"east"},"down":{"uv":[1,4,3.125,8],"texture":"#texture","cullface":"east"}}},{"from":[14,2.5,8.5],"to":[14.5,4,10],"faces":{"north":{"uv":[1,4,3,8],"texture":"#texture","cullface":"east"},"east":{"uv":[0.875,4,3.25,8],"texture":"#texture","cullface":"east"},"south":{"uv":[1,4,3,8],"texture":"#texture","cullface":"east"},"west":{"uv":[0.875,4,3.125,8],"texture":"#texture","cullface":"east"},"up":{"uv":[1,4,3.125,8],"texture":"#texture","cullface":"east"},"down":{"uv":[1,4,3.125,8],"texture":"#texture","cullface":"east"}}},{"from":[15,2.5,8.5],"to":[15.5,4,10],"faces":{"north":{"uv":[1,4,3,8],"texture":"#texture","cullface":"east"},"east":{"uv":[0.875,4,3.25,8],"texture":"#texture","cullface":"east"},"south":{"uv":[1,4,3,8],"texture":"#texture","cullface":"east"},"west":{"uv":[0.875,4,3.125,8],"texture":"#texture","cullface":"east"},"up":{"uv":[1,4,3.125,8],"texture":"#texture","cullface":"east"},"down":{"uv":[1,4,3.125,8],"texture":"#texture","cullface":"east"}}},{"from":[14.5,4,8.5],"to":[15,4.5,10],"faces":{"north":{"uv":[1,4,3,8],"texture":"#texture","cullface":"east"},"east":{"uv":[0.875,4,3.25,8],"texture":"#texture","cullface":"east"},"south":{"uv":[1,4,3,8],"texture":"#texture","cullface":"east"},"west":{"uv":[0.875,4,3.125,8],"texture":"#texture","cullface":"east"},"up":{"uv":[1,4,3.125,8],"texture":"#texture","cullface":"east"},"down":{"uv":[1,4,3.125,8],"texture":"#texture","cullface":"east"}}},{"from":[14.5,2,8.5],"to":[15,2.5,10],"faces":{"north":{"uv":[1,4,3,8],"texture":"#texture","cullface":"east"},"east":{"uv":[0.875,4,3.25,8],"texture":"#texture","cullface":"east"},"south":{"uv":[1,4,3,8],"texture":"#texture","cullface":"east"},"west":{"uv":[0.875,4,3.125,8],"texture":"#texture","cullface":"east"},"up":{"uv":[1,4,3.125,8],"texture":"#texture","cullface":"east"},"down":{"uv":[1,4,3.125,8],"texture":"#texture","cullface":"east"}}},{"from":[16,2,8.5],"to":[16.5,4.5,10],"faces":{"north":{"uv":[1,4,3,8],"texture":"#texture","cullface":"east"},"east":{"uv":[0.875,4,3.25,8],"texture":"#texture","cullface":"east"},"south":{"uv":[1,4,3,8],"texture":"#texture","cullface":"east"},"west":{"uv":[0.875,4,3.125,8],"texture":"#texture","cullface":"east"},"up":{"uv":[1,4,3.125,8],"texture":"#texture","cullface":"east"},"down":{"uv":[1,4,3.125,8],"texture":"#texture","cullface":"east"}}},{"from":[16.5,3.25,8.5],"to":[17,3.75,10],"faces":{"north":{"uv":[1,4,3,8],"texture":"#texture","cullface":"east"},"east":{"uv":[0.875,4,3.25,8],"texture":"#texture","cullface":"east"},"south":{"uv":[1,4,3,8],"texture":"#texture","cullface":"east"},"west":{"uv":[0.875,4,3.125,8],"texture":"#texture","cullface":"east"},"up":{"uv":[1,4,3.125,8],"texture":"#texture","cullface":"east"},"down":{"uv":[1,4,3.125,8],"texture":"#texture","cullface":"east"}}},{"from":[17,2.75,8.5],"to":[17.5,3.25,10],"faces":{"north":{"uv":[1,4,3,8],"texture":"#texture","cullface":"east"},"east":{"uv":[0.875,4,3.25,8],"texture":"#texture","cullface":"east"},"south":{"uv":[1,4,3,8],"texture":"#texture","cullface":"east"},"west":{"uv":[0.875,4,3.125,8],"texture":"#texture","cullface":"east"},"up":{"uv":[1,4,3.125,8],"texture":"#texture","cullface":"east"},"down":{"uv":[1,4,3.125,8],"texture":"#texture","cullface":"east"}}},{"from":[17.5,2,8.5],"to":[18,4.5,10],"faces":{"north":{"uv":[1,4,3,8],"texture":"#texture","cullface":"east"},"east":{"uv":[0.875,4,3.25,8],"texture":"#texture","cullface":"east"},"south":{"uv":[1,4,3,8],"texture":"#texture","cullface":"east"},"west":{"uv":[0.875,4,3.125,8],"texture":"#texture","cullface":"east"},"up":{"uv":[1,4,3.125,8],"texture":"#texture","cullface":"east"},"down":{"uv":[1,4,3.125,8],"texture":"#texture","cullface":"east"}}},{"from":[19,2.5,8.5],"to":[19.5,4,10],"faces":{"north":{"uv":[1,4,3,8],"texture":"#texture","cullface":"east"},"east":{"uv":[0.875,4,3.25,8],"texture":"#texture","cullface":"east"},"south":{"uv":[1,4,3,8],"texture":"#texture","cullface":"east"},"west":{"uv":[0.875,4,3.125,8],"texture":"#texture","cullface":"east"},"up":{"uv":[1,4,3.125,8],"texture":"#texture","cullface":"east"},"down":{"uv":[1,4,3.125,8],"texture":"#texture","cullface":"east"}}},{"from":[20.5,2,8.5],"to":[21,4.5,10],"faces":{"north":{"uv":[1,4,3,8],"texture":"#texture","cullface":"east"},"east":{"uv":[0.875,4,3.25,8],"texture":"#texture","cullface":"east"},"south":{"uv":[1,4,3,8],"texture":"#texture","cullface":"east"},"west":{"uv":[0.875,4,3.125,8],"texture":"#texture","cullface":"east"},"up":{"uv":[1,4,3.125,8],"texture":"#texture","cullface":"east"},"down":{"uv":[1,4,3.125,8],"texture":"#texture","cullface":"east"}}},{"from":[18.5,4,8.5],"to":[20,4.5,10],"faces":{"north":{"uv":[1,4,3,8],"texture":"#texture","cullface":"east"},"east":{"uv":[0.875,4,3.25,8],"texture":"#texture","cullface":"east"},"south":{"uv":[1,4,3,8],"texture":"#texture","cullface":"east"},"west":{"uv":[0.875,4,3.125,8],"texture":"#texture","cullface":"east"},"up":{"uv":[1,4,3.125,8],"texture":"#texture","cullface":"east"},"down":{"uv":[1,4,3.125,8],"texture":"#texture","cullface":"east"}}},{"from":[18.5,2,8.5],"to":[20,2.5,10],"faces":{"north":{"uv":[1,4,3,8],"texture":"#texture","cullface":"east"},"east":{"uv":[0.875,4,3.25,8],"texture":"#texture","cullface":"east"},"south":{"uv":[1,4,3,8],"texture":"#texture","cullface":"east"},"west":{"uv":[0.875,4,3.125,8],"texture":"#texture","cullface":"east"},"up":{"uv":[1,4,3.125,8],"texture":"#texture","cullface":"east"},"down":{"uv":[1,4,3.125,8],"texture":"#texture","cullface":"east"}}},{"from":[21,4,8.5],"to":[22,4.5,10],"faces":{"north":{"uv":[1,4,3,8],"texture":"#texture","cullface":"east"},"east":{"uv":[0.875,4,3.25,8],"texture":"#texture","cullface":"east"},"south":{"uv":[1,4,3,8],"texture":"#texture","cullface":"east"},"west":{"uv":[0.875,4,3.125,8],"texture":"#texture","cullface":"east"},"up":{"uv":[1,4,3.125,8],"texture":"#texture","cullface":"east"},"down":{"uv":[1,4,3.125,8],"texture":"#texture","cullface":"east"}}},{"from":[21,2,8.5],"to":[22,2.5,10],"faces":{"north":{"uv":[1,4,3,8],"texture":"#texture","cullface":"east"},"east":{"uv":[0.875,4,3.25,8],"texture":"#texture","cullface":"east"},"south":{"uv":[1,4,3,8],"texture":"#texture","cullface":"east"},"west":{"uv":[0.875,4,3.125,8],"texture":"#texture","cullface":"east"},"up":{"uv":[1,4,3.125,8],"texture":"#texture","cullface":"east"},"down":{"uv":[1,4,3.125,8],"texture":"#texture","cullface":"east"}}},{"from":[-8.5,6.5,5.5],"to":[-3.5,12.5,11],"faces":{"north":{"uv":[8,0,12,4],"texture":"#texture","cullface":"west"},"east":{"uv":[8,0,12,4],"texture":"#texture","cullface":"west"},"south":{"uv":[8,0,12,4],"texture":"#texture","cullface":"west"},"west":{"uv":[8,0,12,4],"texture":"#texture","cullface":"west"},"up":{"uv":[8,0,12,4],"texture":"#texture","cullface":"west"}}},{"from":[-3.5,7,4.5],"to":[-2.5,13.5,12],"faces":{"north":{"uv":[12,0,16,4],"texture":"#texture"},"east":{"uv":[12,0,16,4],"texture":"#texture"},"south":{"uv":[12,0,16,4],"texture":"#texture"},"west":{"uv":[12,0,16,4],"texture":"#texture"},"up":{"uv":[12,0,16,4],"texture":"#texture"}}},{"from":[-8,12.5,6],"to":[-3.5,13,10.5],"faces":{"north":{"uv":[8,0,12,4],"texture":"#texture","cullface":"west"},"south":{"uv":[8,0,12,4],"texture":"#texture","cullface":"west"},"west":{"uv":[8,0,12,4],"texture":"#texture","cullface":"west"},"up":{"uv":[8,0,12,4],"texture":"#texture","cullface":"west"}}},{"from":[-8,6.5,11],"to":[-3.5,12,11.5],"faces":{"east":{"uv":[8,0,12,4],"texture":"#texture","cullface":"west"},"south":{"uv":[8,0,12,4],"texture":"#texture","cullface":"west"},"west":{"uv":[8,0,12,4],"texture":"#texture","cullface":"west"},"up":{"uv":[8,0,12,4],"texture":"#texture","cullface":"west"}}},{"from":[-8,6.5,5],"to":[-3.5,12,5.5],"faces":{"north":{"uv":[8,0,12,4],"texture":"#texture","cullface":"west"},"east":{"uv":[8,0,12,4],"texture":"#texture","cullface":"west"},"west":{"uv":[8,0,12,4],"texture":"#texture","cullface":"west"},"up":{"uv":[8,0,12,4],"texture":"#texture","cullface":"west"}}},{"from":[-9,6.5,6],"to":[-8.5,12,10.5],"faces":{"north":{"uv":[8,0,12,4],"texture":"#texture","cullface":"west"},"south":{"uv":[8,0,12,4],"texture":"#texture","cullface":"west"},"west":{"uv":[8,0,12,4],"texture":"#texture","cullface":"west"},"up":{"uv":[8,0,12,4],"texture":"#texture","cullface":"west"}}},{"from":[-2.5,12,7],"to":[7,13.5,9.5],"faces":{"north":{"uv":[12,0,16,4],"texture":"#texture"},"east":{"uv":[12,0,16,4],"texture":"#texture"},"south":{"uv":[12,0,16,4],"texture":"#texture"},"up":{"uv":[12,0,16,4],"texture":"#texture"},"down":{"uv":[12,0,16,4],"texture":"#texture"}}},{"from":[-2,13.5,7.5],"to":[2.5,14.5,9],"faces":{"north":{"uv":[12,0,16,4],"texture":"#texture"},"east":{"uv":[12,0,16,4],"texture":"#texture"},"south":{"uv":[12,0,16,4],"texture":"#texture"},"west":{"uv":[12,0,16,4],"texture":"#texture"},"up":{"uv":[12,0,16,4],"texture":"#texture"}}},{"from":[4,11.5,5.5],"to":[6.5,14,7.5],"rotation":{"angle":22.5,"axis":"z","origin":[4,14,5.5]},"faces":{"north":{"uv":[12,0,16,4],"texture":"#texture"},"east":{"uv":[12,0,16,4],"texture":"#texture"},"south":{"uv":[12,0,16,4],"texture":"#texture"},"west":{"uv":[12,0,16,4],"texture":"#texture"},"up":{"uv":[12,0,16,4],"texture":"#texture"},"down":{"uv":[12,0,16,4],"texture":"#texture"}}},{"from":[4,11.5,9],"to":[6.5,14,11],"rotation":{"angle":22.5,"axis":"z","origin":[4,14,9]},"faces":{"north":{"uv":[12,0,16,4],"texture":"#texture"},"east":{"uv":[12,0,16,4],"texture":"#texture"},"south":{"uv":[12,0,16,4],"texture":"#texture"},"west":{"uv":[12,0,16,4],"texture":"#texture"},"up":{"uv":[12,0,16,4],"texture":"#texture"},"down":{"uv":[12,0,16,4],"texture":"#texture"}}},{"from":[5.5,7.5,7],"to":[7,12,9.5],"faces":{"north":{"uv":[12,0,16,4],"texture":"#texture"},"east":{"uv":[12,0,16,4],"texture":"#texture"},"south":{"uv":[12,0,16,4],"texture":"#texture"},"west":{"uv":[12,0,16,4],"texture":"#texture"}}},{"from":[5.0625,7.5,11.4375],"to":[8.5625,8.5,12.4375],"faces":{"north":{"uv":[12,0,16,4],"texture":"#texture"},"south":{"uv":[12,0,16,4],"texture":"#texture"},"west":{"uv":[12,0,16,4],"texture":"#texture"},"up":{"uv":[12,0,16,4],"texture":"#texture"},"down":{"uv":[12,0,16,4],"texture":"#texture"}}},{"from":[5.0625,7.5,4.0625],"to":[8.5625,8.5,5.0625],"faces":{"north":{"uv":[12,0,16,4],"texture":"#texture"},"east":{"uv":[12,0,16,4],"texture":"#texture"},"south":{"uv":[12,0,16,4],"texture":"#texture"},"west":{"uv":[12,0,16,4],"texture":"#texture"},"up":{"uv":[12,0,16,4],"texture":"#texture"},"down":{"uv":[12,0,16,4],"texture":"#texture"}}},{"from":[8.5,7.5,4.0625],"to":[9.5,16,5.0625],"faces":{"north":{"uv":[12,0,16,4],"texture":"#texture"},"east":{"uv":[12,0,16,4],"texture":"#texture"},"south":{"uv":[12,0,16,4],"texture":"#texture"},"west":{"uv":[12,0,16,4],"texture":"#texture"},"up":{"uv":[12,0,16,4],"texture":"#texture","cullface":"up"},"down":{"uv":[12,0,16,4],"texture":"#texture"}}},{"from":[8.5625,7.5,11.4375],"to":[9.5625,16,12.4375],"faces":{"north":{"uv":[12,0,16,4],"texture":"#texture"},"east":{"uv":[12,0,16,4],"texture":"#texture"},"south":{"uv":[12,0,16,4],"texture":"#texture"},"west":{"uv":[12,0,16,4],"texture":"#texture"},"up":{"uv":[12,0,16,4],"texture":"#texture","cullface":"up"},"down":{"uv":[12,0,16,4],"texture":"#texture"}}},{"from":[8.5625,15,5.0625],"to":[9.5625,16,11.4375],"faces":{"north":{"uv":[12,0,16,4],"texture":"#texture"},"east":{"uv":[12,0,16,4],"texture":"#texture"},"west":{"uv":[12,0,16,4],"texture":"#texture"},"up":{"uv":[12,0,16,4],"texture":"#texture","cullface":"up"},"down":{"uv":[12,0,16,4],"texture":"#texture"}}},{"from":[5.0625,5.5,11.4375],"to":[6.0625,7.5,12.4375],"faces":{"north":{"uv":[12,0,16,4],"texture":"#texture"},"east":{"uv":[12,0,16,4],"texture":"#texture"},"south":{"uv":[12,0,16,4],"texture":"#texture"},"west":{"uv":[12,0,16,4],"texture":"#texture"},"down":{"uv":[12,0,16,4],"texture":"#texture"}}},{"from":[5.0625,5.5,4.0625],"to":[6.0625,7.5,5.0625],"faces":{"north":{"uv":[12,0,16,4],"texture":"#texture"},"east":{"uv":[12,0,16,4],"texture":"#texture"},"south":{"uv":[12,0,16,4],"texture":"#texture"},"west":{"uv":[12,0,16,4],"texture":"#texture"},"down":{"uv":[12,0,16,4],"texture":"#texture"}}},{"from":[-0.1875,13.75,8],"to":[1.8125,15.25,8.5],"rotation":{"angle":-22.5,"axis":"z","origin":[-0.1875,15.25,8]},"faces":{"north":{"uv":[8,0,12,4],"texture":"#texture"},"east":{"uv":[8,0,12,4],"texture":"#texture"},"south":{"uv":[8,0,12,4],"texture":"#texture"},"west":{"uv":[8,0,12,4],"texture":"#texture"},"up":{"uv":[8,0,12,4],"texture":"#texture"},"down":{"uv":[8,0,12,4],"texture":"#texture"}}},{"from":[2.5,11,8],"to":[3.5,12.5,8.5],"rotation":{"angle":-22.5,"axis":"z","origin":[2.5,12.5,8]},"faces":{"north":{"uv":[8,0,12,4],"texture":"#texture"},"east":{"uv":[8,0,12,4],"texture":"#texture"},"south":{"uv":[8,0,12,4],"texture":"#texture"},"west":{"uv":[8,0,12,4],"texture":"#texture"},"up":{"uv":[8,0,12,4],"texture":"#texture"},"down":{"uv":[8,0,12,4],"texture":"#texture"}}},{"from":[4.5,12,7.5],"to":[6,14,9],"rotation":{"angle":22.5,"axis":"z","origin":[4.5,14,7.5]},"faces":{"east":{"uv":[8,0,12,4],"texture":"#texture"},"west":{"uv":[8,0,12,4],"texture":"#texture"},"up":{"uv":[8,0,12,4],"texture":"#texture"},"down":{"uv":[8,0,12,4],"texture":"#texture"}}},{"from":[-9.5,3.5,4],"to":[8.5,6.5,12.5],"faces":{"north":{"uv":[8,4,12,8],"texture":"#texture","cullface":"west"},"east":{"uv":[8,4,12,8],"texture":"#texture","cullface":"west"},"south":{"uv":[8,4,12,8],"texture":"#texture","cullface":"west"},"west":{"uv":[8,4,12,8],"texture":"#texture","cullface":"west"},"up":{"uv":[8,4,12,8],"texture":"#texture","cullface":"west"},"down":{"uv":[8,4,12,8],"texture":"#texture","cullface":"west"}}},{"from":[-9,1.5,4],"to":[8,3.5,12.5],"faces":{"north":{"uv":[8,4,12,8],"texture":"#texture","cullface":"west"},"east":{"uv":[8,4,12,8],"texture":"#texture","cullface":"west"},"south":{"uv":[8,4,12,8],"texture":"#texture","cullface":"west"},"west":{"uv":[8,4,12,8],"texture":"#texture","cullface":"west"},"down":{"uv":[8,4,12,8],"texture":"#texture","cullface":"west"}}},{"from":[-8,0,4],"to":[1,1.5,12.5],"faces":{"north":{"uv":[8,4,12,8],"texture":"#texture","cullface":"west"},"east":{"uv":[8,4,12,8],"texture":"#texture","cullface":"west"},"south":{"uv":[8,4,12,8],"texture":"#texture","cullface":"west"},"west":{"uv":[8,4,12,8],"texture":"#texture","cullface":"west"},"down":{"uv":[8,4,12,8],"texture":"#texture","cullface":"west"}}},{"from":[1,0,5],"to":[8.5,1.5,11.5],"faces":{"north":{"uv":[8,4,12,8],"texture":"#texture"},"east":{"uv":[8,4,12,8],"texture":"#texture"},"south":{"uv":[8,4,12,8],"texture":"#texture"},"up":{"uv":[8,4,12,8],"texture":"#texture"},"down":{"uv":[8,4,12,8],"texture":"#texture","cullface":"down"}}},{"from":[8,1.5,5],"to":[9,3.5,11.5],"faces":{"north":{"uv":[8,4,12,8],"texture":"#texture"},"east":{"uv":[8,4,12,8],"texture":"#texture"},"south":{"uv":[8,4,12,8],"texture":"#texture"},"up":{"uv":[8,4,12,8],"texture":"#texture"},"down":{"uv":[8,4,12,8],"texture":"#texture"}}},{"from":[8.5,3.5,5],"to":[9.5,6.5,11.5],"faces":{"north":{"uv":[8,4,12,8],"texture":"#texture"},"east":{"uv":[8,4,12,8],"texture":"#texture"},"south":{"uv":[8,4,12,8],"texture":"#texture"},"up":{"uv":[8,4,12,8],"texture":"#texture"},"down":{"uv":[8,4,12,8],"texture":"#texture"}}},{"from":[-10.5,3.5,4.5],"to":[-9.5,6.5,12],"faces":{"north":{"uv":[8,4,12,8],"texture":"#texture","cullface":"west"},"south":{"uv":[8,4,12,8],"texture":"#texture","cullface":"west"},"west":{"uv":[8,4,12,8],"texture":"#texture","cullface":"west"},"up":{"uv":[8,4,12,8],"texture":"#texture","cullface":"west"},"down":{"uv":[8,4,12,8],"texture":"#texture","cullface":"west"}}},{"from":[-10,1.5,4.5],"to":[-9,3.5,12],"faces":{"north":{"uv":[8,4,12,8],"texture":"#texture","cullface":"west"},"south":{"uv":[8,4,12,8],"texture":"#texture","cullface":"west"},"west":{"uv":[8,4,12,8],"texture":"#texture","cullface":"west"},"up":{"uv":[8,4,12,8],"texture":"#texture","cullface":"west"},"down":{"uv":[8,4,12,8],"texture":"#texture","cullface":"west"}}},{"from":[-9,0,4.5],"to":[-8,1.5,12],"faces":{"north":{"uv":[8,4,12,8],"texture":"#texture","cullface":"west"},"south":{"uv":[8,4,12,8],"texture":"#texture","cullface":"west"},"west":{"uv":[8,4,12,8],"texture":"#texture","cullface":"west"},"down":{"uv":[8,4,12,8],"texture":"#texture","cullface":"west"}}},{"from":[-8,-1,4.5],"to":[1,0,12],"faces":{"north":{"uv":[8,4,12,8],"texture":"#texture","cullface":"west"},"east":{"uv":[8,4,12,8],"texture":"#texture","cullface":"west"},"south":{"uv":[8,4,12,8],"texture":"#texture","cullface":"west"},"west":{"uv":[8,4,12,8],"texture":"#texture","cullface":"west"},"down":{"uv":[8,4,12,8],"texture":"#texture","cullface":"west"}}},{"from":[-9.5,6.5,4.5],"to":[-2.5,7,12],"faces":{"north":{"uv":[12,0,16,4],"texture":"#texture","cullface":"west"},"east":{"uv":[12,0,16,4],"texture":"#texture","cullface":"west"},"south":{"uv":[12,0,16,4],"texture":"#texture","cullface":"west"},"west":{"uv":[12,0,16,4],"texture":"#texture","cullface":"west"},"up":{"uv":[12,0,16,4],"texture":"#texture","cullface":"west"}}},{"from":[-8,3.5,12.5],"to":[7,6,13.5],"faces":{"east":{"uv":[8,4,12,8],"texture":"#texture","cullface":"west"},"south":{"uv":[8,4,12,8],"texture":"#texture","cullface":"west"},"west":{"uv":[8,4,12,8],"texture":"#texture","cullface":"west"},"up":{"uv":[8,4,12,8],"texture":"#texture","cullface":"west"},"down":{"uv":[8,4,12,8],"texture":"#texture","cullface":"west"}}},{"from":[-7,2.5,12.5],"to":[5.5,3.5,13.5],"faces":{"east":{"uv":[8,4,12,8],"texture":"#texture","cullface":"west"},"south":{"uv":[8,4,12,8],"texture":"#texture","cullface":"west"},"west":{"uv":[8,4,12,8],"texture":"#texture","cullface":"west"},"down":{"uv":[8,4,12,8],"texture":"#texture","cullface":"west"}}},{"from":[-6.5,1.5,12.5],"to":[-0.5,2.5,13.5],"faces":{"east":{"uv":[8,4,12,8],"texture":"#texture","cullface":"west"},"south":{"uv":[8,4,12,8],"texture":"#texture","cullface":"west"},"west":{"uv":[8,4,12,8],"texture":"#texture","cullface":"west"},"down":{"uv":[8,4,12,8],"texture":"#texture","cullface":"west"}}},{"from":[-6,0.5,12.5],"to":[-1.5,1.5,13.5],"faces":{"east":{"uv":[8,4,12,8],"texture":"#texture","cullface":"west"},"south":{"uv":[8,4,12,8],"texture":"#texture","cullface":"west"},"west":{"uv":[8,4,12,8],"texture":"#texture","cullface":"west"},"down":{"uv":[8,4,12,8],"texture":"#texture","cullface":"west"}}},{"from":[-8,3.5,3],"to":[7,6,4],"faces":{"north":{"uv":[8,4,12,8],"texture":"#texture","cullface":"west"},"east":{"uv":[8,4,12,8],"texture":"#texture","cullface":"west"},"west":{"uv":[8,4,12,8],"texture":"#texture","cullface":"west"},"up":{"uv":[8,4,12,8],"texture":"#texture","cullface":"west"},"down":{"uv":[8,4,12,8],"texture":"#texture","cullface":"west"}}},{"from":[-6.5,2.5,3],"to":[5.5,3.5,4],"faces":{"north":{"uv":[8,4,12,8],"texture":"#texture","cullface":"west"},"east":{"uv":[8,4,12,8],"texture":"#texture","cullface":"west"},"west":{"uv":[8,4,12,8],"texture":"#texture","cullface":"west"},"down":{"uv":[8,4,12,8],"texture":"#texture","cullface":"west"}}},{"from":[-5,1.5,3],"to":[-0.5,2.5,4],"faces":{"north":{"uv":[8,4,12,8],"texture":"#texture","cullface":"west"},"east":{"uv":[8,4,12,8],"texture":"#texture","cullface":"west"},"west":{"uv":[8,4,12,8],"texture":"#texture","cullface":"west"},"down":{"uv":[8,4,12,8],"texture":"#texture","cullface":"west"}}},{"from":[-4.5,0.5,3],"to":[-1.5,1.5,4],"faces":{"north":{"uv":[8,4,12,8],"texture":"#texture","cullface":"west"},"east":{"uv":[8,4,12,8],"texture":"#texture","cullface":"west"},"west":{"uv":[8,4,12,8],"texture":"#texture","cullface":"west"},"down":{"uv":[8,4,12,8],"texture":"#texture","cullface":"west"}}},{"from":[-7.5,5,13],"to":[-6,5.5,14],"faces":{"north":{"uv":[12,0,16,4],"texture":"#texture","cullface":"west"},"east":{"uv":[12,0,16,4],"texture":"#texture","cullface":"west"},"south":{"uv":[12,0,16,4],"texture":"#texture","cullface":"west"},"west":{"uv":[12,0,16,4],"texture":"#texture","cullface":"west"},"up":{"uv":[12,0,16,4],"texture":"#texture","cullface":"west"},"down":{"uv":[12,0,16,4],"texture":"#texture","cullface":"west"}}},{"from":[-5.5,5,13],"to":[-4,5.5,14],"faces":{"north":{"uv":[12,0,16,4],"texture":"#texture","cullface":"west"},"east":{"uv":[12,0,16,4],"texture":"#texture","cullface":"west"},"south":{"uv":[12,0,16,4],"texture":"#texture","cullface":"west"},"west":{"uv":[12,0,16,4],"texture":"#texture","cullface":"west"},"up":{"uv":[12,0,16,4],"texture":"#texture","cullface":"west"},"down":{"uv":[12,0,16,4],"texture":"#texture","cullface":"west"}}},{"from":[-3.5,5,13],"to":[-2,5.5,14],"faces":{"north":{"uv":[12,0,16,4],"texture":"#texture"},"east":{"uv":[12,0,16,4],"texture":"#texture"},"south":{"uv":[12,0,16,4],"texture":"#texture"},"west":{"uv":[12,0,16,4],"texture":"#texture"},"up":{"uv":[12,0,16,4],"texture":"#texture"},"down":{"uv":[12,0,16,4],"texture":"#texture"}}},{"from":[-7.5,4,13],"to":[-6,4.5,14],"faces":{"north":{"uv":[12,0,16,4],"texture":"#texture","cullface":"west"},"east":{"uv":[12,0,16,4],"texture":"#texture","cullface":"west"},"south":{"uv":[12,0,16,4],"texture":"#texture","cullface":"west"},"west":{"uv":[12,0,16,4],"texture":"#texture","cullface":"west"},"up":{"uv":[12,0,16,4],"texture":"#texture","cullface":"west"},"down":{"uv":[12,0,16,4],"texture":"#texture","cullface":"west"}}},{"from":[-5.5,4,13],"to":[-4,4.5,14],"faces":{"north":{"uv":[12,0,16,4],"texture":"#texture","cullface":"west"},"east":{"uv":[12,0,16,4],"texture":"#texture","cullface":"west"},"south":{"uv":[12,0,16,4],"texture":"#texture","cullface":"west"},"west":{"uv":[12,0,16,4],"texture":"#texture","cullface":"west"},"up":{"uv":[12,0,16,4],"texture":"#texture","cullface":"west"},"down":{"uv":[12,0,16,4],"texture":"#texture","cullface":"west"}}},{"from":[-3.5,4,13],"to":[-2,4.5,14],"faces":{"north":{"uv":[12,0,16,4],"texture":"#texture"},"east":{"uv":[12,0,16,4],"texture":"#texture"},"south":{"uv":[12,0,16,4],"texture":"#texture"},"west":{"uv":[12,0,16,4],"texture":"#texture"},"up":{"uv":[12,0,16,4],"texture":"#texture"},"down":{"uv":[12,0,16,4],"texture":"#texture"}}},{"from":[-5.5,3,13],"to":[-4,3.5,14],"faces":{"north":{"uv":[12,0,16,4],"texture":"#texture","cullface":"west"},"east":{"uv":[12,0,16,4],"texture":"#texture","cullface":"west"},"south":{"uv":[12,0,16,4],"texture":"#texture","cullface":"west"},"west":{"uv":[12,0,16,4],"texture":"#texture","cullface":"west"},"up":{"uv":[12,0,16,4],"texture":"#texture","cullface":"west"},"down":{"uv":[12,0,16,4],"texture":"#texture","cullface":"west"}}},{"from":[-3.5,3,13],"to":[-2,3.5,14],"faces":{"north":{"uv":[12,0,16,4],"texture":"#texture"},"east":{"uv":[12,0,16,4],"texture":"#texture"},"south":{"uv":[12,0,16,4],"texture":"#texture"},"west":{"uv":[12,0,16,4],"texture":"#texture"},"up":{"uv":[12,0,16,4],"texture":"#texture"},"down":{"uv":[12,0,16,4],"texture":"#texture"}}},{"from":[-9.5,11,7.5],"to":[-8,12.5,9],"rotation":{"angle":45,"axis":"z","origin":[-9.5,12.5,7.5]},"faces":{"north":{"uv":[12,0,16,4],"texture":"#texture","cullface":"west"},"east":{"uv":[12,0,16,4],"texture":"#texture","cullface":"west"},"south":{"uv":[12,0,16,4],"texture":"#texture","cullface":"west"},"west":{"uv":[12,0,16,4],"texture":"#texture","cullface":"west"},"up":{"uv":[12,0,16,4],"texture":"#texture","cullface":"west"},"down":{"uv":[12,0,16,4],"texture":"#texture","cullface":"west"}}},{"from":[-5.5,1.5,13],"to":[-2,2.5,14],"faces":{"north":{"uv":[12,0,16,4],"texture":"#texture","cullface":"west"},"east":{"uv":[12,0,16,4],"texture":"#texture","cullface":"west"},"south":{"uv":[12,0,16,4],"texture":"#texture","cullface":"west"},"west":{"uv":[12,0,16,4],"texture":"#texture","cullface":"west"},"up":{"uv":[12,0,16,4],"texture":"#texture","cullface":"west"},"down":{"uv":[12,0,16,4],"texture":"#texture","cullface":"west"}}},{"from":[24,1.5,7],"to":[25.5,5,9.5],"faces":{"north":{"uv":[9,4,11,8],"texture":"#texture","cullface":"east"},"east":{"uv":[8.875,4,11.25,8],"texture":"#texture","cullface":"east"},"south":{"uv":[9,4,11,8],"texture":"#texture","cullface":"east"},"up":{"uv":[9,4,11.125,8],"texture":"#texture","cullface":"east"},"down":{"uv":[9,4,11.125,8],"texture":"#texture","cullface":"east"}}},{"from":[25.5,2,7],"to":[27.5,4.5,9.5],"faces":{"north":{"uv":[9,4,11,8],"texture":"#texture","cullface":"east"},"east":{"uv":[8.875,4,11.25,8],"texture":"#texture","cullface":"east"},"south":{"uv":[9,4,11,8],"texture":"#texture","cullface":"east"},"up":{"uv":[9,4,11.125,8],"texture":"#texture","cullface":"east"},"down":{"uv":[9,4,11.125,8],"texture":"#texture","cullface":"east"}}},{"from":[8.5,1,7],"to":[24,5.5,9.5],"faces":{"north":{"uv":[9,4,11,8],"texture":"#texture","cullface":"east"},"east":{"uv":[8.875,4,11.25,8],"texture":"#texture","cullface":"east"},"south":{"uv":[9,4,11,8],"texture":"#texture","cullface":"east"},"west":{"uv":[8.875,4,11.125,8],"texture":"#texture","cullface":"east"},"up":{"uv":[9,4,11.125,8],"texture":"#texture","cullface":"east"},"down":{"uv":[9,4,11.125,8],"texture":"#texture","cullface":"east"}}},{"from":[9,0,7.5],"to":[10,6.5,9],"faces":{"north":{"uv":[12,0,16,4],"texture":"#texture"},"east":{"uv":[12,0,16,4],"texture":"#texture"},"south":{"uv":[12,0,16,4],"texture":"#texture"},"west":{"uv":[12,0,16,4],"texture":"#texture"},"up":{"uv":[12,0,16,4],"texture":"#texture"},"down":{"uv":[12,0,16,4],"texture":"#texture"}}},{"from":[11,0,7.5],"to":[12,6.5,9],"faces":{"north":{"uv":[12,0,16,4],"texture":"#texture"},"east":{"uv":[12,0,16,4],"texture":"#texture","cullface":"east"},"south":{"uv":[12,0,16,4],"texture":"#texture"},"west":{"uv":[12,0,16,4],"texture":"#texture"},"up":{"uv":[12,0,16,4],"texture":"#texture"},"down":{"uv":[12,0,16,4],"texture":"#texture","cullface":"down"}}},{"from":[13,0,7.5],"to":[14,6.5,9],"faces":{"north":{"uv":[12,0,16,4],"texture":"#texture","cullface":"east"},"east":{"uv":[12,0,16,4],"texture":"#texture","cullface":"east"},"south":{"uv":[12,0,16,4],"texture":"#texture","cullface":"east"},"west":{"uv":[12,0,16,4],"texture":"#texture","cullface":"east"},"up":{"uv":[12,0,16,4],"texture":"#texture","cullface":"east"},"down":{"uv":[12,0,16,4],"texture":"#texture","cullface":"east"}}},{"from":[15,0,7.5],"to":[16,6.5,9],"faces":{"north":{"uv":[12,0,16,4],"texture":"#texture","cullface":"east"},"east":{"uv":[12,0,16,4],"texture":"#texture","cullface":"east"},"south":{"uv":[12,0,16,4],"texture":"#texture","cullface":"east"},"west":{"uv":[12,0,16,4],"texture":"#texture","cullface":"east"},"up":{"uv":[12,0,16,4],"texture":"#texture","cullface":"east"},"down":{"uv":[12,0,16,4],"texture":"#texture","cullface":"east"}}},{"from":[17,0,7.5],"to":[18,6.5,9],"faces":{"north":{"uv":[12,0,16,4],"texture":"#texture","cullface":"east"},"east":{"uv":[12,0,16,4],"texture":"#texture","cullface":"east"},"south":{"uv":[12,0,16,4],"texture":"#texture","cullface":"east"},"west":{"uv":[12,0,16,4],"texture":"#texture","cullface":"east"},"up":{"uv":[12,0,16,4],"texture":"#texture","cullface":"east"},"down":{"uv":[12,0,16,4],"texture":"#texture","cullface":"east"}}},{"from":[19,0,7.5],"to":[20,6.5,9],"faces":{"north":{"uv":[12,0,16,4],"texture":"#texture","cullface":"east"},"east":{"uv":[12,0,16,4],"texture":"#texture","cullface":"east"},"south":{"uv":[12,0,16,4],"texture":"#texture","cullface":"east"},"west":{"uv":[12,0,16,4],"texture":"#texture","cullface":"east"},"up":{"uv":[12,0,16,4],"texture":"#texture","cullface":"east"},"down":{"uv":[12,0,16,4],"texture":"#texture","cullface":"east"}}},{"from":[21,0,7.5],"to":[22,6.5,9],"faces":{"north":{"uv":[12,0,16,4],"texture":"#texture","cullface":"east"},"east":{"uv":[12,0,16,4],"texture":"#texture","cullface":"east"},"south":{"uv":[12,0,16,4],"texture":"#texture","cullface":"east"},"west":{"uv":[12,0,16,4],"texture":"#texture","cullface":"east"},"up":{"uv":[12,0,16,4],"texture":"#texture","cullface":"east"},"down":{"uv":[12,0,16,4],"texture":"#texture","cullface":"east"}}},{"from":[25,1,7.5],"to":[26,5.5,9],"faces":{"north":{"uv":[12,0,16,4],"texture":"#texture","cullface":"east"},"east":{"uv":[12,0,16,4],"texture":"#texture","cullface":"east"},"south":{"uv":[12,0,16,4],"texture":"#texture","cullface":"east"},"west":{"uv":[12,0,16,4],"texture":"#texture","cullface":"east"},"up":{"uv":[12,0,16,4],"texture":"#texture","cullface":"east"},"down":{"uv":[12,0,16,4],"texture":"#texture","cullface":"east"}}},{"from":[26.5,3,7.5],"to":[28,4,9],"rotation":{"angle":45,"axis":"z","origin":[26.5,4,7.5]},"faces":{"north":{"uv":[12,0,16,4],"texture":"#texture","cullface":"east"},"east":{"uv":[12,0,16,4],"texture":"#texture","cullface":"east"},"south":{"uv":[12,0,16,4],"texture":"#texture","cullface":"east"},"west":{"uv":[12,0,16,4],"texture":"#texture","cullface":"east"},"up":{"uv":[12,0,16,4],"texture":"#texture","cullface":"east"},"down":{"uv":[12,0,16,4],"texture":"#texture","cullface":"east"}}},{"from":[-2.5,6.5,5],"to":[8.5,7.5,11.5],"faces":{"north":{"uv":[8,4,12,8],"texture":"#texture"},"east":{"uv":[8,4,12,8],"texture":"#texture"},"south":{"uv":[8,4,12,8],"texture":"#texture"},"west":{"uv":[8,4,12,8],"texture":"#texture"},"up":{"uv":[8,4,12,8],"texture":"#texture"}}},{"from":[23,0.5,7.5],"to":[24,6,9],"faces":{"north":{"uv":[12,0,16,4],"texture":"#texture","cullface":"east"},"east":{"uv":[12,0,16,4],"texture":"#texture","cullface":"east"},"south":{"uv":[12,0,16,4],"texture":"#texture","cullface":"east"},"west":{"uv":[12,0,16,4],"texture":"#texture","cullface":"east"},"up":{"uv":[12,0,16,4],"texture":"#texture","cullface":"east"},"down":{"uv":[12,0,16,4],"texture":"#texture","cullface":"east"}}},{"from":[10,2,8.5],"to":[10.5,4.5,10],"faces":{"north":{"uv":[9,4,11,8],"texture":"#texture","cullface":"east"},"east":{"uv":[8.875,4,11.25,8],"texture":"#texture","cullface":"east"},"south":{"uv":[9,4,11,8],"texture":"#texture","cullface":"east"},"west":{"uv":[8.875,4,11.125,8],"texture":"#texture","cullface":"east"},"up":{"uv":[9,4,11.125,8],"texture":"#texture","cullface":"east"},"down":{"uv":[9,4,11.125,8],"texture":"#texture","cullface":"east"}}},{"from":[11,3.5,8.5],"to":[11.5,4.5,10],"faces":{"north":{"uv":[9,4,11,8],"texture":"#texture","cullface":"east"},"east":{"uv":[8.875,4,11.25,8],"texture":"#texture","cullface":"east"},"south":{"uv":[9,4,11,8],"texture":"#texture","cullface":"east"},"west":{"uv":[8.875,4,11.125,8],"texture":"#texture","cullface":"east"},"up":{"uv":[9,4,11.125,8],"texture":"#texture","cullface":"east"},"down":{"uv":[9,4,11.125,8],"texture":"#texture","cullface":"east"}}},{"from":[11,2,8.5],"to":[11.5,3,10],"faces":{"north":{"uv":[9,4,11,8],"texture":"#texture","cullface":"east"},"east":{"uv":[8.875,4,11.25,8],"texture":"#texture","cullface":"east"},"south":{"uv":[9,4,11,8],"texture":"#texture","cullface":"east"},"west":{"uv":[8.875,4,11.125,8],"texture":"#texture","cullface":"east"},"up":{"uv":[9,4,11.125,8],"texture":"#texture","cullface":"east"},"down":{"uv":[9,4,11.125,8],"texture":"#texture","cullface":"east"}}},{"from":[10.5,3,8.5],"to":[11,3.5,10],"faces":{"north":{"uv":[9,4,11,8],"texture":"#texture","cullface":"east"},"east":{"uv":[8.875,4,11.25,8],"texture":"#texture","cullface":"east"},"south":{"uv":[9,4,11,8],"texture":"#texture","cullface":"east"},"west":{"uv":[8.875,4,11.125,8],"texture":"#texture","cullface":"east"},"up":{"uv":[9,4,11.125,8],"texture":"#texture","cullface":"east"},"down":{"uv":[9,4,11.125,8],"texture":"#texture","cullface":"east"}}},{"from":[12,2,8.5],"to":[12.5,4.5,10],"faces":{"north":{"uv":[9,4,11,8],"texture":"#texture","cullface":"east"},"east":{"uv":[8.875,4,11.25,8],"texture":"#texture","cullface":"east"},"south":{"uv":[9,4,11,8],"texture":"#texture","cullface":"east"},"west":{"uv":[8.875,4,11.125,8],"texture":"#texture","cullface":"east"},"up":{"uv":[9,4,11.125,8],"texture":"#texture","cullface":"east"},"down":{"uv":[9,4,11.125,8],"texture":"#texture","cullface":"east"}}},{"from":[12.5,4,8.5],"to":[13,4.5,10],"faces":{"north":{"uv":[9,4,11,8],"texture":"#texture","cullface":"east"},"east":{"uv":[8.875,4,11.25,8],"texture":"#texture","cullface":"east"},"south":{"uv":[9,4,11,8],"texture":"#texture","cullface":"east"},"west":{"uv":[8.875,4,11.125,8],"texture":"#texture","cullface":"east"},"up":{"uv":[9,4,11.125,8],"texture":"#texture","cullface":"east"},"down":{"uv":[9,4,11.125,8],"texture":"#texture","cullface":"east"}}},{"from":[13,3.5,8.5],"to":[13.5,4,10],"faces":{"north":{"uv":[9,4,11,8],"texture":"#texture","cullface":"east"},"east":{"uv":[8.875,4,11.25,8],"texture":"#texture","cullface":"east"},"south":{"uv":[9,4,11,8],"texture":"#texture","cullface":"east"},"west":{"uv":[8.875,4,11.125,8],"texture":"#texture","cullface":"east"},"up":{"uv":[9,4,11.125,8],"texture":"#texture","cullface":"east"},"down":{"uv":[9,4,11.125,8],"texture":"#texture","cullface":"east"}}},{"from":[12.5,3,8.5],"to":[13,3.5,10],"faces":{"north":{"uv":[9,4,11,8],"texture":"#texture","cullface":"east"},"east":{"uv":[8.875,4,11.25,8],"texture":"#texture","cullface":"east"},"south":{"uv":[9,4,11,8],"texture":"#texture","cullface":"east"},"west":{"uv":[8.875,4,11.125,8],"texture":"#texture","cullface":"east"},"up":{"uv":[9,4,11.125,8],"texture":"#texture","cullface":"east"},"down":{"uv":[9,4,11.125,8],"texture":"#texture","cullface":"east"}}},{"from":[13,2,8.5],"to":[13.5,3,10],"faces":{"north":{"uv":[9,4,11,8],"texture":"#texture","cullface":"east"},"east":{"uv":[8.875,4,11.25,8],"texture":"#texture","cullface":"east"},"south":{"uv":[9,4,11,8],"texture":"#texture","cullface":"east"},"west":{"uv":[8.875,4,11.125,8],"texture":"#texture","cullface":"east"},"up":{"uv":[9,4,11.125,8],"texture":"#texture","cullface":"east"},"down":{"uv":[9,4,11.125,8],"texture":"#texture","cullface":"east"}}},{"from":[14,2.5,8.5],"to":[14.5,4,10],"faces":{"north":{"uv":[9,4,11,8],"texture":"#texture","cullface":"east"},"east":{"uv":[8.875,4,11.25,8],"texture":"#texture","cullface":"east"},"south":{"uv":[9,4,11,8],"texture":"#texture","cullface":"east"},"west":{"uv":[8.875,4,11.125,8],"texture":"#texture","cullface":"east"},"up":{"uv":[9,4,11.125,8],"texture":"#texture","cullface":"east"},"down":{"uv":[9,4,11.125,8],"texture":"#texture","cullface":"east"}}},{"from":[15,2.5,8.5],"to":[15.5,4,10],"faces":{"north":{"uv":[9,4,11,8],"texture":"#texture","cullface":"east"},"east":{"uv":[8.875,4,11.25,8],"texture":"#texture","cullface":"east"},"south":{"uv":[9,4,11,8],"texture":"#texture","cullface":"east"},"west":{"uv":[8.875,4,11.125,8],"texture":"#texture","cullface":"east"},"up":{"uv":[9,4,11.125,8],"texture":"#texture","cullface":"east"},"down":{"uv":[9,4,11.125,8],"texture":"#texture","cullface":"east"}}},{"from":[14.5,4,8.5],"to":[15,4.5,10],"faces":{"north":{"uv":[9,4,11,8],"texture":"#texture","cullface":"east"},"east":{"uv":[8.875,4,11.25,8],"texture":"#texture","cullface":"east"},"south":{"uv":[9,4,11,8],"texture":"#texture","cullface":"east"},"west":{"uv":[8.875,4,11.125,8],"texture":"#texture","cullface":"east"},"up":{"uv":[9,4,11.125,8],"texture":"#texture","cullface":"east"},"down":{"uv":[9,4,11.125,8],"texture":"#texture","cullface":"east"}}},{"from":[14.5,2,8.5],"to":[15,2.5,10],"faces":{"north":{"uv":[9,4,11,8],"texture":"#texture","cullface":"east"},"east":{"uv":[8.875,4,11.25,8],"texture":"#texture","cullface":"east"},"south":{"uv":[9,4,11,8],"texture":"#texture","cullface":"east"},"west":{"uv":[8.875,4,11.125,8],"texture":"#texture","cullface":"east"},"up":{"uv":[9,4,11.125,8],"texture":"#texture","cullface":"east"},"down":{"uv":[9,4,11.125,8],"texture":"#texture","cullface":"east"}}},{"from":[16,2,8.5],"to":[16.5,4.5,10],"faces":{"north":{"uv":[9,4,11,8],"texture":"#texture","cullface":"east"},"east":{"uv":[8.875,4,11.25,8],"texture":"#texture","cullface":"east"},"south":{"uv":[9,4,11,8],"texture":"#texture","cullface":"east"},"west":{"uv":[8.875,4,11.125,8],"texture":"#texture","cullface":"east"},"up":{"uv":[9,4,11.125,8],"texture":"#texture","cullface":"east"},"down":{"uv":[9,4,11.125,8],"texture":"#texture","cullface":"east"}}},{"from":[16.5,3.25,8.5],"to":[17,3.75,10],"faces":{"north":{"uv":[9,4,11,8],"texture":"#texture","cullface":"east"},"east":{"uv":[8.875,4,11.25,8],"texture":"#texture","cullface":"east"},"south":{"uv":[9,4,11,8],"texture":"#texture","cullface":"east"},"west":{"uv":[8.875,4,11.125,8],"texture":"#texture","cullface":"east"},"up":{"uv":[9,4,11.125,8],"texture":"#texture","cullface":"east"},"down":{"uv":[9,4,11.125,8],"texture":"#texture","cullface":"east"}}},{"from":[17,2.75,8.5],"to":[17.5,3.25,10],"faces":{"north":{"uv":[9,4,11,8],"texture":"#texture","cullface":"east"},"east":{"uv":[8.875,4,11.25,8],"texture":"#texture","cullface":"east"},"south":{"uv":[9,4,11,8],"texture":"#texture","cullface":"east"},"west":{"uv":[8.875,4,11.125,8],"texture":"#texture","cullface":"east"},"up":{"uv":[9,4,11.125,8],"texture":"#texture","cullface":"east"},"down":{"uv":[9,4,11.125,8],"texture":"#texture","cullface":"east"}}},{"from":[17.5,2,8.5],"to":[18,4.5,10],"faces":{"north":{"uv":[9,4,11,8],"texture":"#texture","cullface":"east"},"east":{"uv":[8.875,4,11.25,8],"texture":"#texture","cullface":"east"},"south":{"uv":[9,4,11,8],"texture":"#texture","cullface":"east"},"west":{"uv":[8.875,4,11.125,8],"texture":"#texture","cullface":"east"},"up":{"uv":[9,4,11.125,8],"texture":"#texture","cullface":"east"},"down":{"uv":[9,4,11.125,8],"texture":"#texture","cullface":"east"}}},{"from":[19,2.5,8.5],"to":[19.5,4,10],"faces":{"north":{"uv":[9,4,11,8],"texture":"#texture","cullface":"east"},"east":{"uv":[8.875,4,11.25,8],"texture":"#texture","cullface":"east"},"south":{"uv":[9,4,11,8],"texture":"#texture","cullface":"east"},"west":{"uv":[8.875,4,11.125,8],"texture":"#texture","cullface":"east"},"up":{"uv":[9,4,11.125,8],"texture":"#texture","cullface":"east"},"down":{"uv":[9,4,11.125,8],"texture":"#texture","cullface":"east"}}},{"from":[20.5,2,8.5],"to":[21,4.5,10],"faces":{"north":{"uv":[9,4,11,8],"texture":"#texture","cullface":"east"},"east":{"uv":[8.875,4,11.25,8],"texture":"#texture","cullface":"east"},"south":{"uv":[9,4,11,8],"texture":"#texture","cullface":"east"},"west":{"uv":[8.875,4,11.125,8],"texture":"#texture","cullface":"east"},"up":{"uv":[9,4,11.125,8],"texture":"#texture","cullface":"east"},"down":{"uv":[9,4,11.125,8],"texture":"#texture","cullface":"east"}}},{"from":[18.5,4,8.5],"to":[20,4.5,10],"faces":{"north":{"uv":[9,4,11,8],"texture":"#texture","cullface":"east"},"east":{"uv":[8.875,4,11.25,8],"texture":"#texture","cullface":"east"},"south":{"uv":[9,4,11,8],"texture":"#texture","cullface":"east"},"west":{"uv":[8.875,4,11.125,8],"texture":"#texture","cullface":"east"},"up":{"uv":[9,4,11.125,8],"texture":"#texture","cullface":"east"},"down":{"uv":[9,4,11.125,8],"texture":"#texture","cullface":"east"}}},{"from":[18.5,2,8.5],"to":[20,2.5,10],"faces":{"north":{"uv":[9,4,11,8],"texture":"#texture","cullface":"east"},"east":{"uv":[8.875,4,11.25,8],"texture":"#texture","cullface":"east"},"south":{"uv":[9,4,11,8],"texture":"#texture","cullface":"east"},"west":{"uv":[8.875,4,11.125,8],"texture":"#texture","cullface":"east"},"up":{"uv":[9,4,11.125,8],"texture":"#texture","cullface":"east"},"down":{"uv":[9,4,11.125,8],"texture":"#texture","cullface":"east"}}},{"from":[21,4,8.5],"to":[22,4.5,10],"faces":{"north":{"uv":[9,4,11,8],"texture":"#texture","cullface":"east"},"east":{"uv":[8.875,4,11.25,8],"texture":"#texture","cullface":"east"},"south":{"uv":[9,4,11,8],"texture":"#texture","cullface":"east"},"west":{"uv":[8.875,4,11.125,8],"texture":"#texture","cullface":"east"},"up":{"uv":[9,4,11.125,8],"texture":"#texture","cullface":"east"},"down":{"uv":[9,4,11.125,8],"texture":"#texture","cullface":"east"}}},{"from":[21,2,8.5],"to":[22,2.5,10],"faces":{"north":{"uv":[9,4,11,8],"texture":"#texture","cullface":"east"},"east":{"uv":[8.875,4,11.25,8],"texture":"#texture","cullface":"east"},"south":{"uv":[9,4,11,8],"texture":"#texture","cullface":"east"},"west":{"uv":[8.875,4,11.125,8],"texture":"#texture","cullface":"east"},"up":{"uv":[9,4,11.125,8],"texture":"#texture","cullface":"east"},"down":{"uv":[9,4,11.125,8],"texture":"#texture","cullface":"east"}}},{"from":[27.1875,2.1875,7.5],"to":[28.6875,3.1875,9],"rotation":{"angle":-45,"axis":"z","origin":[27.1875,3.1875,7.5]},"faces":{"north":{"uv":[12,0,16,4],"texture":"#texture","cullface":"east"},"east":{"uv":[12,0,16,4],"texture":"#texture","cullface":"east"},"south":{"uv":[12,0,16,4],"texture":"#texture","cullface":"east"},"west":{"uv":[12,0,16,4],"texture":"#texture","cullface":"east"},"up":{"uv":[12,0,16,4],"texture":"#texture","cullface":"east"},"down":{"uv":[12,0,16,4],"texture":"#texture","cullface":"east"}}}],"display":{"thirdperson_righthand":{"rotation":[88,90,0],"translation":[0,1.25,0.25],"scale":[0.48,0.49,0.48]},"thirdperson_lefthand":{"rotation":[88,-90,0],"translation":[0,1.25,0.25],"scale":[0.48,0.49,0.48]},"firstperson_righthand":{"rotation":[14,90,0],"translation":[0,3.5,0.25],"scale":[0.48,0.49,0.48]},"firstperson_lefthand":{"rotation":[14,-90,0],"translation":[0,3.5,0.25],"scale":[0.48,0.49,0.48]},"ground":{"scale":[1.5,1.5,1.5]},"gui":{"rotation":[0,3,48],"translation":[0,0.75,0],"scale":[0.39,0.39,0.38]},"head":{"rotation":[0,90,0],"translation":[-0.2,0.6,-4.3],"scale":[1.6,1.6,1.6]},"fixed":{"rotation":[0,0,45],"translation":[-0.9,1.4,-1]}}}