{"textures":{"texture":"items/mutton"},"elements":[{"from":[5.5,2,8.5],"to":[6,12,9.5],"faces":{"north":{"uv":[6.5,9,6.25,14],"texture":"#texture"},"east":{"uv":[5,11,4.5,16],"texture":"#texture"},"south":{"uv":[6.5,9,6.75,14],"texture":"#texture"},"west":{"uv":[4,11,4.5,16],"texture":"#texture"},"up":{"uv":[4,11,4.25,10.5],"texture":"#texture"},"down":{"uv":[6,8.5,6.25,9],"texture":"#texture"}}},{"from":[5.5,2.5,8],"to":[6,11.5,8.5],"faces":{"north":{"uv":[8,11.5,7.75,16],"texture":"#texture"},"east":{"uv":[8.75,11.5,8.5,16],"texture":"#texture"},"south":{"uv":[8,11.5,8.25,16],"texture":"#texture"},"west":{"uv":[8.25,11.5,8.5,16],"texture":"#texture"},"up":{"uv":[8,10.5,8.25,10.25],"texture":"#texture"},"down":{"uv":[7.25,8.75,7.5,9],"texture":"#texture"}}},{"from":[5.5,2.5,9.5],"to":[6,11.5,10],"faces":{"north":{"uv":[9,11.5,8.75,16],"texture":"#texture"},"east":{"uv":[9.75,11.5,9.5,16],"texture":"#texture"},"south":{"uv":[9,11.5,9.25,16],"texture":"#texture"},"west":{"uv":[9.25,11.5,9.5,16],"texture":"#texture"},"up":{"uv":[8,10,8.25,9.75],"texture":"#texture"},"down":{"uv":[8,10,8.25,10.25],"texture":"#texture"}}},{"from":[6,1.5,8.5],"to":[9,2,9.5],"faces":{"north":{"uv":[15.25,10.75,13.75,11],"texture":"#texture"},"east":{"uv":[4.5,9,4,9.25],"texture":"#texture"},"south":{"uv":[12.25,10.75,13.75,11],"texture":"#texture"},"west":{"uv":[4,9.25,4.5,9.5],"texture":"#texture"},"up":{"uv":[13.75,11.5,15.25,11],"texture":"#texture"},"down":{"uv":[12.25,11,13.75,11.5],"texture":"#texture"}}},{"from":[6,2,8],"to":[7,2.5,8.5],"faces":{"north":{"uv":[4.5,8.25,4,8.5],"texture":"#texture"},"east":{"uv":[8.25,9.25,8,9.5],"texture":"#texture"},"south":{"uv":[4,8,4.5,8.25],"texture":"#texture"},"west":{"uv":[8,9.5,8.25,9.75],"texture":"#texture"},"up":{"uv":[4,8.75,4.5,8.5],"texture":"#texture"},"down":{"uv":[4,8.75,4.5,9],"texture":"#texture"}}},{"from":[6,2,9.5],"to":[7,2.5,10],"faces":{"north":{"uv":[5,9.75,4.5,10],"texture":"#texture"},"east":{"uv":[8.25,8.75,8,9],"texture":"#texture"},"south":{"uv":[4.5,9.5,5,9.75],"texture":"#texture"},"west":{"uv":[8,9,8.25,9.25],"texture":"#texture"},"up":{"uv":[4.5,10.25,5,10],"texture":"#texture"},"down":{"uv":[4.5,10.25,5,10.5],"texture":"#texture"}}},{"from":[6,2.5,7.5],"to":[6.5,11.5,8],"faces":{"north":{"uv":[12.75,11.5,12.5,16],"texture":"#texture"},"east":{"uv":[13.5,11.5,13.25,16],"texture":"#texture"},"south":{"uv":[12.75,11.5,13,16],"texture":"#texture"},"west":{"uv":[13,11.5,13.25,16],"texture":"#texture"},"up":{"uv":[8,8.5,8.25,8.25],"texture":"#texture"},"down":{"uv":[8,8.5,8.25,8.75],"texture":"#texture"}}},{"from":[6,2.5,10],"to":[6.5,11.5,10.5],"faces":{"north":{"uv":[13.75,11.5,13.5,16],"texture":"#texture"},"east":{"uv":[14.25,11.5,14,16],"texture":"#texture"},"south":{"uv":[7,9.5,7.25,14],"texture":"#texture"},"west":{"uv":[13.75,11.5,14,16],"texture":"#texture"},"up":{"uv":[8.25,11.5,8.5,11.25],"texture":"#texture"},"down":{"uv":[8,8,8.25,8.25],"texture":"#texture"}}},{"from":[6,3.5,8],"to":[6.5,4,8.5],"faces":{"north":{"uv":[8.5,10.5,8.25,10.75],"texture":"#texture"},"east":{"uv":[8.5,9.75,8.25,10],"texture":"#texture"},"south":{"uv":[8.25,10.25,8.5,10.5],"texture":"#texture"},"west":{"uv":[8.25,10,8.5,10.25],"texture":"#texture"},"up":{"uv":[8.25,11,8.5,10.75],"texture":"#texture"},"down":{"uv":[8.25,11,8.5,11.25],"texture":"#texture"}}},{"from":[6,11.5,8],"to":[9,12,10],"faces":{"north":{"uv":[13.75,10.5,12.25,10.75],"texture":"#texture"},"east":{"uv":[4,8.5,3,8.75],"texture":"#texture"},"south":{"uv":[13.75,10.5,15.25,10.75],"texture":"#texture"},"west":{"uv":[3,8.75,4,9],"texture":"#texture"},"up":{"uv":[6,15,7.5,14],"texture":"#texture"},"down":{"uv":[6,15,7.5,16],"texture":"#texture"}}},{"from":[6,12,8.5],"to":[7,12.5,9.5],"faces":{"north":{"uv":[5.5,9.25,5,9.5],"texture":"#texture"},"east":{"uv":[5.5,8.5,5,8.75],"texture":"#texture"},"south":{"uv":[5,9,5.5,9.25],"texture":"#texture"},"west":{"uv":[5,8.75,5.5,9],"texture":"#texture"},"up":{"uv":[3.5,8.5,4,8],"texture":"#texture"},"down":{"uv":[3,8,3.5,8.5],"texture":"#texture"}}},{"from":[6.5,1.5,8],"to":[8.5,2,8.5],"faces":{"north":{"uv":[3,11.25,2,11.5],"texture":"#texture"},"east":{"uv":[8.5,9.25,8.25,9.5],"texture":"#texture"},"south":{"uv":[2,11,3,11.25],"texture":"#texture"},"west":{"uv":[8.25,9.5,8.5,9.75],"texture":"#texture"},"up":{"uv":[1,8.25,2,8],"texture":"#texture"},"down":{"uv":[1,8.25,2,8.5],"texture":"#texture"}}},{"from":[6.5,1.5,9.5],"to":[8.5,2,10],"faces":{"north":{"uv":[3,9.75,2,10],"texture":"#texture"},"east":{"uv":[8.5,8.75,8.25,9],"texture":"#texture"},"south":{"uv":[2,9.5,3,9.75],"texture":"#texture"},"west":{"uv":[8.25,9,8.5,9.25],"texture":"#texture"},"up":{"uv":[2,10.25,3,10],"texture":"#texture"},"down":{"uv":[2,10.25,3,10.5],"texture":"#texture"}}},{"from":[6.5,2,7.5],"to":[7,2.5,8],"faces":{"north":{"uv":[8.5,8,8.25,8.25],"texture":"#texture"},"east":{"uv":[8.75,10.75,8.5,11],"texture":"#texture"},"south":{"uv":[8.5,11.25,8.75,11.5],"texture":"#texture"},"west":{"uv":[8.5,11,8.75,11.25],"texture":"#texture"},"up":{"uv":[8.25,8.5,8.5,8.25],"texture":"#texture"},"down":{"uv":[8.25,8.5,8.5,8.75],"texture":"#texture"}}},{"from":[6.5,2,10],"to":[7,2.5,10.5],"faces":{"north":{"uv":[8.75,10,8.5,10.25],"texture":"#texture"},"east":{"uv":[8.75,9.25,8.5,9.5],"texture":"#texture"},"south":{"uv":[8.5,9.75,8.75,10],"texture":"#texture"},"west":{"uv":[8.5,9.5,8.75,9.75],"texture":"#texture"},"up":{"uv":[8.5,10.5,8.75,10.25],"texture":"#texture"},"down":{"uv":[8.5,10.5,8.75,10.75],"texture":"#texture"}}},{"from":[6.5,2.5,7],"to":[8.5,11.5,7.5],"faces":{"north":{"uv":[1,11.5,0,16],"texture":"#texture"},"east":{"uv":[14.5,11.5,14.25,16],"texture":"#texture"},"south":{"uv":[2,11.5,3,16],"texture":"#texture"},"west":{"uv":[12,11.5,12.25,16],"texture":"#texture"},"up":{"uv":[3,9.25,4,9],"texture":"#texture"},"down":{"uv":[2,8.75,3,9],"texture":"#texture"}}},{"from":[6.5,2.5,10.5],"to":[8.5,11.5,11],"faces":{"north":{"uv":[2,11.5,1,16],"texture":"#texture"},"east":{"uv":[15,11.5,14.75,16],"texture":"#texture"},"south":{"uv":[3,11.5,4,16],"texture":"#texture"},"west":{"uv":[14.5,11.5,14.75,16],"texture":"#texture"},"up":{"uv":[1,9.25,2,9],"texture":"#texture"},"down":{"uv":[6.25,8.75,7.25,9],"texture":"#texture"}}},{"from":[6.5,11.5,7.5],"to":[8.5,12,8],"faces":{"north":{"uv":[3,10.75,2,11],"texture":"#texture"},"east":{"uv":[8.75,8.75,8.5,9],"texture":"#texture"},"south":{"uv":[2,10.5,3,10.75],"texture":"#texture"},"west":{"uv":[8.5,9,8.75,9.25],"texture":"#texture"},"up":{"uv":[1,8.75,2,8.5],"texture":"#texture"},"down":{"uv":[1,8.75,2,9],"texture":"#texture"}}},{"from":[6.5,11.5,10],"to":[8.5,12,10.5],"faces":{"north":{"uv":[3,8,2,8.25],"texture":"#texture"},"east":{"uv":[8.75,8.25,8.5,8.5],"texture":"#texture"},"south":{"uv":[3,11.25,4,11.5],"texture":"#texture"},"west":{"uv":[8.5,8.5,8.75,8.75],"texture":"#texture"},"up":{"uv":[2,8.5,3,8.25],"texture":"#texture"},"down":{"uv":[2,8.5,3,8.75],"texture":"#texture"}}},{"from":[6.5,12,8],"to":[8.5,13,8.5],"faces":{"north":{"uv":[2,11,1,11.5],"texture":"#texture"},"east":{"uv":[7.75,10.5,7.5,11],"texture":"#texture"},"south":{"uv":[0,8,1,8.5],"texture":"#texture"},"west":{"uv":[7.5,11,7.75,11.5],"texture":"#texture"},"up":{"uv":[3,10.5,4,10.25],"texture":"#texture"},"down":{"uv":[3,10.5,4,10.75],"texture":"#texture"}}},{"from":[6.5,12,9.5],"to":[8.5,13,10],"faces":{"north":{"uv":[1,8.5,0,9],"texture":"#texture"},"east":{"uv":[7.75,9.5,7.5,10],"texture":"#texture"},"south":{"uv":[0,9,1,9.5],"texture":"#texture"},"west":{"uv":[7.5,10,7.75,10.5],"texture":"#texture"},"up":{"uv":[3,9.5,4,9.25],"texture":"#texture"},"down":{"uv":[3,9.5,4,9.75],"texture":"#texture"}}},{"from":[6.5,12.5,8.5],"to":[7,13.5,9.5],"faces":{"north":{"uv":[7.75,8,7.5,8.5],"texture":"#texture"},"east":{"uv":[4,9.75,3.5,10.25],"texture":"#texture"},"south":{"uv":[7.75,11,8,11.5],"texture":"#texture"},"west":{"uv":[3,9.75,3.5,10.25],"texture":"#texture"},"up":{"uv":[7.5,9,7.75,8.5],"texture":"#texture"},"down":{"uv":[7.5,9,7.75,9.5],"texture":"#texture"}}},{"from":[7,1.5,7.5],"to":[8,2,8],"faces":{"north":{"uv":[12.75,9.5,12.25,9.75],"texture":"#texture"},"east":{"uv":[9,11.25,8.75,11.5],"texture":"#texture"},"south":{"uv":[13,9.75,13.5,10],"texture":"#texture"},"west":{"uv":[8.5,8,8.75,8.25],"texture":"#texture"},"up":{"uv":[12.25,10,12.75,9.75],"texture":"#texture"},"down":{"uv":[7,8,7.5,8.25],"texture":"#texture"}}},{"from":[7,1.5,10],"to":[8,2,10.5],"faces":{"north":{"uv":[12.75,8.75,12.25,9],"texture":"#texture"},"east":{"uv":[9,10.75,8.75,11],"texture":"#texture"},"south":{"uv":[12.25,8.5,12.75,8.75],"texture":"#texture"},"west":{"uv":[8.75,11,9,11.25],"texture":"#texture"},"up":{"uv":[12.25,9.25,12.75,9],"texture":"#texture"},"down":{"uv":[12.25,9.25,12.75,9.5],"texture":"#texture"}}},{"from":[7,2,7],"to":[8,2.5,7.5],"faces":{"north":{"uv":[13.5,10.25,13,10.5],"texture":"#texture"},"east":{"uv":[9,10.25,8.75,10.5],"texture":"#texture"},"south":{"uv":[13,10,13.5,10.25],"texture":"#texture"},"west":{"uv":[8.75,10.5,9,10.75],"texture":"#texture"},"up":{"uv":[12.25,8.25,12.75,8],"texture":"#texture"},"down":{"uv":[12.25,8.25,12.75,8.5],"texture":"#texture"}}},{"from":[7,2,10.5],"to":[8,2.5,11],"faces":{"north":{"uv":[13.5,8.75,13,9],"texture":"#texture"},"east":{"uv":[10.5,10,10.25,10.25],"texture":"#texture"},"south":{"uv":[14,9.5,14.5,9.75],"texture":"#texture"},"west":{"uv":[10.25,9.75,10.5,10],"texture":"#texture"},"up":{"uv":[13,9.25,13.5,9],"texture":"#texture"},"down":{"uv":[13,9.25,13.5,9.5],"texture":"#texture"}}},{"from":[7,11.5,7],"to":[8,12,7.5],"faces":{"north":{"uv":[14,8.5,13.5,8.75],"texture":"#texture"},"east":{"uv":[9.75,8,9.5,8.25],"texture":"#texture"},"south":{"uv":[13.5,8.75,14,9],"texture":"#texture"},"west":{"uv":[9.75,11.25,10,11.5],"texture":"#texture"},"up":{"uv":[13.5,8.5,14,8.25],"texture":"#texture"},"down":{"uv":[13.5,8,14,8.25],"texture":"#texture"}}},{"from":[7,11.5,10.5],"to":[8,12,11],"faces":{"north":{"uv":[13.5,8.5,13,8.75],"texture":"#texture"},"east":{"uv":[9.5,8.75,9.25,9],"texture":"#texture"},"south":{"uv":[13,9.5,13.5,9.75],"texture":"#texture"},"west":{"uv":[9.5,9.75,9.75,10],"texture":"#texture"},"up":{"uv":[14.5,10.5,15,10.25],"texture":"#texture"},"down":{"uv":[15,10.25,15.5,10.5],"texture":"#texture"}}},{"from":[7,12,7.5],"to":[8,12.5,8],"faces":{"north":{"uv":[7.5,9,7,9.25],"texture":"#texture"},"east":{"uv":[10.25,9.5,10,9.75],"texture":"#texture"},"south":{"uv":[5.5,9.75,6,10],"texture":"#texture"},"west":{"uv":[10,9.25,10.25,9.5],"texture":"#texture"},"up":{"uv":[7,8.75,7.5,8.5],"texture":"#texture"},"down":{"uv":[7,8.25,7.5,8.5],"texture":"#texture"}}},{"from":[7,12,10],"to":[8,12.5,10.5],"faces":{"north":{"uv":[6,10.5,5.5,10.75],"texture":"#texture"},"east":{"uv":[9.75,10.75,9.5,11],"texture":"#texture"},"south":{"uv":[5.5,10.75,6,11],"texture":"#texture"},"west":{"uv":[9.75,10.25,10,10.5],"texture":"#texture"},"up":{"uv":[5.5,10.5,6,10.25],"texture":"#texture"},"down":{"uv":[5.5,10,6,10.25],"texture":"#texture"}}},{"from":[7,13,8],"to":[8.5,13.5,8.5],"faces":{"north":{"uv":[16,11.25,15.25,11.5],"texture":"#texture"},"east":{"uv":[9,10,8.75,10.25],"texture":"#texture"},"south":{"uv":[6.25,8,7,8.25],"texture":"#texture"},"west":{"uv":[9,8,9.25,8.25],"texture":"#texture"},"up":{"uv":[15,12,15.75,11.75],"texture":"#texture"},"down":{"uv":[15,11.5,15.75,11.75],"texture":"#texture"}}},{"from":[7,13,9.5],"to":[8,13.5,10],"faces":{"north":{"uv":[14,10.25,13.5,10.5],"texture":"#texture"},"east":{"uv":[9,9.5,8.75,9.75],"texture":"#texture"},"south":{"uv":[14,10.25,14.5,10.5],"texture":"#texture"},"west":{"uv":[8.75,9.75,9,10],"texture":"#texture"},"up":{"uv":[13,8.25,13.5,8],"texture":"#texture"},"down":{"uv":[13,8.25,13.5,8.5],"texture":"#texture"}}},{"from":[7,13.5,8.5],"to":[8.5,14,9],"faces":{"north":{"uv":[13,10.25,12.25,10.5],"texture":"#texture"},"east":{"uv":[9,9,8.75,9.25],"texture":"#texture"},"south":{"uv":[12.25,10,13,10.25],"texture":"#texture"},"west":{"uv":[8.75,9.25,9,9.5],"texture":"#texture"},"up":{"uv":[15.25,10.75,16,10.5],"texture":"#texture"},"down":{"uv":[15.25,10.75,16,11],"texture":"#texture"}}},{"from":[7,13.5,9],"to":[8,14.5,9.5],"faces":{"north":{"uv":[3,9,2.5,9.5],"texture":"#texture"},"east":{"uv":[8,8,7.75,8.5],"texture":"#texture"},"south":{"uv":[3,10.75,3.5,11.25],"texture":"#texture"},"west":{"uv":[7.75,8.5,8,9],"texture":"#texture"},"up":{"uv":[14.5,10.25,15,10],"texture":"#texture"},"down":{"uv":[14,10,14.5,10.25],"texture":"#texture"}}},{"from":[7,14,8.5],"to":[8,14.5,9],"faces":{"north":{"uv":[14,9.75,13.5,10],"texture":"#texture"},"east":{"uv":[9,8.5,8.75,8.75],"texture":"#texture"},"south":{"uv":[13.5,9.5,14,9.75],"texture":"#texture"},"west":{"uv":[8.75,8.75,9,9],"texture":"#texture"},"up":{"uv":[15.5,10.25,16,10],"texture":"#texture"},"down":{"uv":[15,10,15.5,10.25],"texture":"#texture"}}},{"from":[7.5,12.5,7.5],"to":[8,13,8],"faces":{"north":{"uv":[9.25,11.25,9,11.5],"texture":"#texture"},"east":{"uv":[9.25,10.5,9,10.75],"texture":"#texture"},"south":{"uv":[9,11,9.25,11.25],"texture":"#texture"},"west":{"uv":[9,10.75,9.25,11],"texture":"#texture"},"up":{"uv":[8.75,8.25,9,8],"texture":"#texture"},"down":{"uv":[8.75,8.25,9,8.5],"texture":"#texture"}}},{"from":[7.5,13.5,8],"to":[9,14,8.5],"faces":{"north":{"uv":[7,8.5,6.25,8.75],"texture":"#texture"},"east":{"uv":[9.25,10,9,10.25],"texture":"#texture"},"south":{"uv":[6.25,8.25,7,8.5],"texture":"#texture"},"west":{"uv":[9,10.25,9.25,10.5],"texture":"#texture"},"up":{"uv":[15.25,11.25,16,11],"texture":"#texture"},"down":{"uv":[15,12,15.75,12.25],"texture":"#texture"}}},{"from":[8,2,7.5],"to":[8.5,2.5,8.5],"faces":{"north":{"uv":[9.25,9.75,9,10],"texture":"#texture"},"east":{"uv":[15.5,9.5,15,9.75],"texture":"#texture"},"south":{"uv":[9,8.75,9.25,9],"texture":"#texture"},"west":{"uv":[14.5,9.5,15,9.75],"texture":"#texture"},"up":{"uv":[8,11,8.25,10.5],"texture":"#texture"},"down":{"uv":[8,11,8.25,11.5],"texture":"#texture"}}},{"from":[8,2,9.5],"to":[9,2.5,10],"faces":{"north":{"uv":[4.5,9.75,4,10],"texture":"#texture"},"east":{"uv":[9.25,9,9,9.25],"texture":"#texture"},"south":{"uv":[4,9.5,4.5,9.75],"texture":"#texture"},"west":{"uv":[9,9.25,9.25,9.5],"texture":"#texture"},"up":{"uv":[4,10.25,4.5,10],"texture":"#texture"},"down":{"uv":[4,10.25,4.5,10.5],"texture":"#texture"}}},{"from":[8,2,10],"to":[8.5,2.5,10.5],"faces":{"north":{"uv":[9.5,8,9.25,8.25],"texture":"#texture"},"east":{"uv":[10.25,10.75,10,11],"texture":"#texture"},"south":{"uv":[9.5,11.25,9.75,11.5],"texture":"#texture"},"west":{"uv":[10,11,10.25,11.25],"texture":"#texture"},"up":{"uv":[9.25,9.25,9.5,9],"texture":"#texture"},"down":{"uv":[9.25,9.25,9.5,9.5],"texture":"#texture"}}},{"from":[8,12,8.5],"to":[9,13,9],"faces":{"north":{"uv":[4,10.75,3.5,11.25],"texture":"#texture"},"east":{"uv":[4.75,9,4.5,9.5],"texture":"#texture"},"south":{"uv":[2,9,2.5,9.5],"texture":"#texture"},"west":{"uv":[4.25,10.5,4.5,11],"texture":"#texture"},"up":{"uv":[4.5,10.75,5,10.5],"texture":"#texture"},"down":{"uv":[4.5,10.75,5,11],"texture":"#texture"}}},{"from":[8,12,9],"to":[9,12.5,9.5],"faces":{"north":{"uv":[5,8.25,4.5,8.5],"texture":"#texture"},"east":{"uv":[10.25,9.75,10,10],"texture":"#texture"},"south":{"uv":[4.5,8,5,8.25],"texture":"#texture"},"west":{"uv":[10,10.5,10.25,10.75],"texture":"#texture"},"up":{"uv":[4.5,8.75,5,8.5],"texture":"#texture"},"down":{"uv":[4.5,8.75,5,9],"texture":"#texture"}}},{"from":[8,12.5,9],"to":[8.5,13.5,9.5],"faces":{"north":{"uv":[5,9,4.75,9.5],"texture":"#texture"},"east":{"uv":[5.25,10,5,10.5],"texture":"#texture"},"south":{"uv":[5,10.5,5.25,11],"texture":"#texture"},"west":{"uv":[5.25,10.5,5.5,11],"texture":"#texture"},"up":{"uv":[9,9.75,9.25,9.5],"texture":"#texture"},"down":{"uv":[10.25,9.5,10.5,9.75],"texture":"#texture"}}},{"from":[8,13,8.5],"to":[8.5,13.5,9],"faces":{"north":{"uv":[9.5,10.75,9.25,11],"texture":"#texture"},"east":{"uv":[9.5,9.5,9.25,9.75],"texture":"#texture"},"south":{"uv":[9.25,10,9.5,10.25],"texture":"#texture"},"west":{"uv":[9.25,9.75,9.5,10],"texture":"#texture"},"up":{"uv":[9.25,11.25,9.5,11],"texture":"#texture"},"down":{"uv":[9.25,11.25,9.5,11.5],"texture":"#texture"}}},{"from":[8,13.5,7.5],"to":[9,14,8],"faces":{"north":{"uv":[5.5,8.25,5,8.5],"texture":"#texture"},"east":{"uv":[10.5,9.25,10.25,9.5],"texture":"#texture"},"south":{"uv":[5,8,5.5,8.25],"texture":"#texture"},"west":{"uv":[9.5,11,9.75,11.25],"texture":"#texture"},"up":{"uv":[5,9.75,5.5,9.5],"texture":"#texture"},"down":{"uv":[5,9.75,5.5,10],"texture":"#texture"}}},{"from":[8.5,2,8],"to":[9,2.5,8.5],"faces":{"north":{"uv":[9.75,9.25,9.5,9.5],"texture":"#texture"},"east":{"uv":[10,11,9.75,11.25],"texture":"#texture"},"south":{"uv":[9.5,8.5,9.75,8.75],"texture":"#texture"},"west":{"uv":[9.5,8.25,9.75,8.5],"texture":"#texture"},"up":{"uv":[9.5,9.75,9.75,9.5],"texture":"#texture"},"down":{"uv":[9.5,10,9.75,10.25],"texture":"#texture"}}},{"from":[8.5,2.5,7.5],"to":[9,11.5,8],"faces":{"north":{"uv":[11,11.5,10.75,16],"texture":"#texture"},"east":{"uv":[11.5,11.5,11.25,16],"texture":"#texture"},"south":{"uv":[11.75,11.5,12,16],"texture":"#texture"},"west":{"uv":[11.5,11.5,11.75,16],"texture":"#texture"},"up":{"uv":[9.75,10.75,10,10.5],"texture":"#texture"},"down":{"uv":[9.75,10.75,10,11],"texture":"#texture"}}},{"from":[8.5,2.5,10],"to":[9,11.5,10.5],"faces":{"north":{"uv":[11.25,11.5,11,16],"texture":"#texture"},"east":{"uv":[10.25,11.5,10,16],"texture":"#texture"},"south":{"uv":[10.5,11.5,10.75,16],"texture":"#texture"},"west":{"uv":[10.25,11.5,10.5,16],"texture":"#texture"},"up":{"uv":[10,10.25,10.25,10],"texture":"#texture"},"down":{"uv":[10,10.25,10.25,10.5],"texture":"#texture"}}},{"from":[8.5,3.5,8],"to":[9.5,4,8.5],"faces":{"north":{"uv":[6,9,5.5,9.25],"texture":"#texture"},"east":{"uv":[9.25,8.25,9,8.5],"texture":"#texture"},"south":{"uv":[5.5,8.75,6,9],"texture":"#texture"},"west":{"uv":[9,8.5,9.25,8.75],"texture":"#texture"},"up":{"uv":[5.5,9.5,6,9.25],"texture":"#texture"},"down":{"uv":[5.5,9.5,6,9.75],"texture":"#texture"}}},{"from":[8.5,13,7],"to":[9.5,13.5,7.5],"faces":{"north":{"uv":[6,8,5.5,8.25],"texture":"#texture"},"east":{"uv":[9.5,10.25,9.25,10.5],"texture":"#texture"},"south":{"uv":[7,9.25,7.5,9.5],"texture":"#texture"},"west":{"uv":[9.25,10.5,9.5,10.75],"texture":"#texture"},"up":{"uv":[5.5,8.5,6,8.25],"texture":"#texture"},"down":{"uv":[5.5,8.5,6,8.75],"texture":"#texture"}}},{"from":[9,2,8.5],"to":[9.5,12,9.5],"faces":{"north":{"uv":[6.25,9,6,14],"texture":"#texture"},"east":{"uv":[5.5,11,5,16],"texture":"#texture"},"south":{"uv":[6.75,9,7,14],"texture":"#texture"},"west":{"uv":[5.5,11,6,16],"texture":"#texture"},"up":{"uv":[6,8.5,6.25,8],"texture":"#texture"},"down":{"uv":[5.25,10,5.5,10.5],"texture":"#texture"}}},{"from":[9,2.5,8],"to":[9.5,3.5,8.5],"faces":{"north":{"uv":[8,10.5,7.75,11],"texture":"#texture"},"east":{"uv":[8,9,7.75,9.5],"texture":"#texture"},"south":{"uv":[7.75,10,8,10.5],"texture":"#texture"},"west":{"uv":[7.75,9.5,8,10],"texture":"#texture"},"up":{"uv":[9.25,8.5,9.5,8.25],"texture":"#texture"},"down":{"uv":[9.25,8.5,9.5,8.75],"texture":"#texture"}}},{"from":[9,2.5,9.5],"to":[9.5,11.5,10],"faces":{"north":{"uv":[12.5,11.5,12.25,16],"texture":"#texture"},"east":{"uv":[10,11.5,9.75,16],"texture":"#texture"},"south":{"uv":[7.5,11.5,7.75,16],"texture":"#texture"},"west":{"uv":[7.25,9.5,7.5,14],"texture":"#texture"},"up":{"uv":[9.5,10.5,9.75,10.25],"texture":"#texture"},"down":{"uv":[9.5,10.5,9.75,10.75],"texture":"#texture"}}},{"from":[9,4,8],"to":[9.5,11.5,8.5],"faces":{"north":{"uv":[16,12.25,15.75,16],"texture":"#texture"},"east":{"uv":[15.25,12.25,15,16],"texture":"#texture"},"south":{"uv":[15.5,12.25,15.75,16],"texture":"#texture"},"west":{"uv":[15.25,12.25,15.5,16],"texture":"#texture"},"up":{"uv":[9.5,9,9.75,8.75],"texture":"#texture"},"down":{"uv":[9.5,9,9.75,9.25],"texture":"#texture"}}},{"from":[9,12.5,6.5],"to":[10,13,7],"faces":{"north":{"uv":[14,9.25,13.5,9.5],"texture":"#texture"},"east":{"uv":[10,9.75,9.75,10],"texture":"#texture"},"south":{"uv":[13.5,9,14,9.25],"texture":"#texture"},"west":{"uv":[9.75,10,10,10.25],"texture":"#texture"},"up":{"uv":[13.5,10.25,14,10],"texture":"#texture"},"down":{"uv":[15.5,10.25,16,10.5],"texture":"#texture"}}},{"from":[9,13,7.5],"to":[9.5,13.5,8],"faces":{"north":{"uv":[10,9,9.75,9.25],"texture":"#texture"},"east":{"uv":[10,8.25,9.75,8.5],"texture":"#texture"},"south":{"uv":[9.75,8.75,10,9],"texture":"#texture"},"west":{"uv":[9.75,8.5,10,8.75],"texture":"#texture"},"up":{"uv":[9.75,9.5,10,9.25],"texture":"#texture"},"down":{"uv":[9.75,9.5,10,9.75],"texture":"#texture"}}},{"from":[9.5,8.5,6],"to":[10,12.5,6.5],"faces":{"north":{"uv":[1,9.5,0.75,11.5],"texture":"#texture"},"east":{"uv":[0.5,9.5,0.25,11.5],"texture":"#texture"},"south":{"uv":[0.5,9.5,0.75,11.5],"texture":"#texture"},"west":{"uv":[0,9.5,0.25,11.5],"texture":"#texture"},"up":{"uv":[10,11.5,10.25,11.25],"texture":"#texture"},"down":{"uv":[9.75,8,10,8.25],"texture":"#texture"}}},{"from":[9.5,12,6.5],"to":[10.5,12.5,7],"faces":{"north":{"uv":[15.5,9.75,15,10],"texture":"#texture"},"east":{"uv":[10.25,8.75,10,9],"texture":"#texture"},"south":{"uv":[15.5,9.75,16,10],"texture":"#texture"},"west":{"uv":[10,9,10.25,9.25],"texture":"#texture"},"up":{"uv":[14.5,10,15,9.75],"texture":"#texture"},"down":{"uv":[14,9.75,14.5,10],"texture":"#texture"}}},{"from":[9.5,12.5,7],"to":[10,13,7.5],"faces":{"north":{"uv":[10.25,8,10,8.25],"texture":"#texture"},"east":{"uv":[10.5,10.75,10.25,11],"texture":"#texture"},"south":{"uv":[10.25,11.25,10.5,11.5],"texture":"#texture"},"west":{"uv":[10.25,11,10.5,11.25],"texture":"#texture"},"up":{"uv":[10,8.5,10.25,8.25],"texture":"#texture"},"down":{"uv":[10,8.5,10.25,8.75],"texture":"#texture"}}},{"from":[10,8.5,6.5],"to":[10.5,12,7],"faces":{"north":{"uv":[1.25,9.25,1,11],"texture":"#texture"},"east":{"uv":[1.75,9.25,1.5,11],"texture":"#texture"},"south":{"uv":[1.75,9.25,2,11],"texture":"#texture"},"west":{"uv":[1.25,9.25,1.5,11],"texture":"#texture"},"up":{"uv":[10.25,10.5,10.5,10.25],"texture":"#texture"},"down":{"uv":[10.25,10.5,10.5,10.75],"texture":"#texture"}}}],"display":{"thirdperson_righthand":{"scale":[0.58,0.59,0.59]},"thirdperson_lefthand":{"scale":[0.58,0.59,0.59]},"firstperson_righthand":{"rotation":[0,65,0]},"ground":{"rotation":[90,0,0],"translation":[0,-10,0],"scale":[2,2,2]},"gui":{"rotation":[1,-72,-1],"translation":[0.9,-0.2,0],"scale":[0.81,0.82,0.81]},"fixed":{"translation":[0,-1,0],"scale":[1.25,1.25,1.25]}}}