{"textures":{"particle":"guns/1-metal","texture":"guns/1-metal","wood door texture":"guns/hardened clay stained cyan","iron block":"guns/1-metal-light"},"elements":[{"from":[-7,9,7.75],"to":[1.5,9.25,8.25],"faces":{"down":{"uv":[16,8.25,14.5,7.75],"texture":"#texture","cullface":"west"},"up":{"uv":[0,7.75,1.5,8.25],"texture":"#texture","cullface":"west"},"north":{"uv":[14.5,6.75,16,7],"texture":"#texture","cullface":"west"},"south":{"uv":[0,6.75,1.5,7],"texture":"#texture","cullface":"west"},"west":{"uv":[7.75,6.75,8.25,7],"texture":"#texture","cullface":"west"}}},{"from":[-6.5,8.25,7.5],"to":[-5.5,9.25,8.5],"faces":{"down":{"uv":[16,8.5,16,7.5],"texture":"#texture","cullface":"west"},"up":{"uv":[0,7.5,0,8.5],"texture":"#texture","cullface":"west"},"north":{"uv":[16,6.75,16,7.75],"texture":"#texture","cullface":"west"},"south":{"uv":[0,6.75,0,7.75],"texture":"#texture","cullface":"west"},"west":{"uv":[7.5,6.75,8.5,7.75],"texture":"#texture","cullface":"west"},"east":{"uv":[7.5,6.75,8.5,7.75],"texture":"#texture","cullface":"west"}}},{"from":[-6.5,9.25,7.75],"to":[-5.75,10,8.25],"faces":{"up":{"uv":[0,7.75,0,8.25],"texture":"#texture","cullface":"west"},"north":{"uv":[16,6,16,6.75],"texture":"#texture","cullface":"west"},"south":{"uv":[0,6,0,6.75],"texture":"#texture","cullface":"west"},"west":{"uv":[7.75,6,8.25,6.75],"texture":"#texture","cullface":"west"},"east":{"uv":[7.75,6,8.25,6.75],"texture":"#texture","cullface":"west"}}},{"from":[-6.5,10,7.75],"to":[-6,10.5,8.25],"faces":{"up":{"uv":[0,7.75,0,8.25],"texture":"#texture","cullface":"west"},"north":{"uv":[16,5.5,16,6],"texture":"#texture","cullface":"west"},"south":{"uv":[0,5.5,0,6],"texture":"#texture","cullface":"west"},"west":{"uv":[7.75,5.5,8.25,6],"texture":"#texture","cullface":"west"},"east":{"uv":[7.75,5.5,8.25,6],"texture":"#texture","cullface":"west"}}},{"from":[-6.5,10.5,7.5],"to":[-6,11,7.75],"faces":{"down":{"uv":[16,7.75,16,7.5],"texture":"#texture","cullface":"west"},"up":{"uv":[0,7.5,0,7.75],"texture":"#texture","cullface":"west"},"north":{"uv":[16,5,16,5.5],"texture":"#texture","cullface":"west"},"south":{"uv":[0,5,0,5.5],"texture":"#texture","cullface":"west"},"west":{"uv":[7.5,5,7.75,5.5],"texture":"#texture","cullface":"west"},"east":{"uv":[8.25,5,8.5,5.5],"texture":"#texture","cullface":"west"}}},{"from":[-6.5,10.5,8.25],"to":[-6,11,8.5],"faces":{"down":{"uv":[16,8.5,16,8.25],"texture":"#texture","cullface":"west"},"up":{"uv":[0,8.25,0,8.5],"texture":"#texture","cullface":"west"},"north":{"uv":[16,5,16,5.5],"texture":"#texture","cullface":"west"},"south":{"uv":[0,5,0,5.5],"texture":"#texture","cullface":"west"},"west":{"uv":[8.25,5,8.5,5.5],"texture":"#texture","cullface":"west"},"east":{"uv":[7.5,5,7.75,5.5],"texture":"#texture","cullface":"west"}}},{"from":[-6.5,11,7.75],"to":[-6,11.25,8.25],"faces":{"down":{"uv":[16,8.25,16,7.75],"texture":"#texture","cullface":"west"},"up":{"uv":[0,7.75,0,8.25],"texture":"#texture","cullface":"west"},"north":{"uv":[16,4.75,16,5],"texture":"#texture","cullface":"west"},"south":{"uv":[0,4.75,0,5],"texture":"#texture","cullface":"west"},"west":{"uv":[7.75,4.75,8.25,5],"texture":"#texture","cullface":"west"},"east":{"uv":[7.75,4.75,8.25,5],"texture":"#texture","cullface":"west"}}},{"from":[-2.25,8.25,7.5],"to":[-1,9.25,8.5],"faces":{"down":{"uv":[16,8.5,16,7.5],"texture":"#texture","cullface":"west"},"up":{"uv":[0,7.5,0,8.5],"texture":"#texture","cullface":"west"},"north":{"uv":[16,6.75,16,7.75],"texture":"#texture","cullface":"west"},"south":{"uv":[0,6.75,0,7.75],"texture":"#texture","cullface":"west"},"west":{"uv":[7.5,6.75,8.5,7.75],"texture":"#texture","cullface":"west"},"east":{"uv":[7.5,6.75,8.5,7.75],"texture":"#texture","cullface":"west"}}},{"from":[-2,9.25,7.75],"to":[-1,9.5,8.25],"faces":{"up":{"uv":[0,7.75,0,8.25],"texture":"#texture","cullface":"west"},"north":{"uv":[16,6.5,16,6.75],"texture":"#texture","cullface":"west"},"south":{"uv":[0,6.5,0,6.75],"texture":"#texture","cullface":"west"},"west":{"uv":[7.75,6.5,8.25,6.75],"texture":"#texture","cullface":"west"},"east":{"uv":[7.75,6.5,8.25,6.75],"texture":"#texture","cullface":"west"}}},{"from":[-1.75,9.5,7.75],"to":[-1.25,9.75,8.25],"faces":{"up":{"uv":[0,7.75,0,8.25],"texture":"#texture","cullface":"west"},"north":{"uv":[16,6.25,16,6.5],"texture":"#texture","cullface":"west"},"south":{"uv":[0,6.25,0,6.5],"texture":"#texture","cullface":"west"},"west":{"uv":[7.75,6.25,8.25,6.5],"texture":"#texture","cullface":"west"}}},{"from":[-1.25,9.5,7.75],"to":[1.5,10,8.25],"faces":{"down":{"uv":[16,8.25,14.5,7.75],"texture":"#texture","cullface":"west"},"up":{"uv":[0,7.75,1.5,8.25],"texture":"#texture","cullface":"west"},"north":{"uv":[14.5,6,16,6.5],"texture":"#texture","cullface":"west"},"south":{"uv":[0,6,1.5,6.5],"texture":"#texture","cullface":"west"},"west":{"uv":[7.75,6,8.25,6.5],"texture":"#texture","cullface":"west"}}},{"from":[1.5,9.25,7],"to":[1.75,10.25,9],"faces":{"up":{"uv":[1.5,7,1.75,9],"texture":"#texture"},"north":{"uv":[14.25,5.75,14.5,6.75],"texture":"#texture"},"south":{"uv":[1.5,5.75,1.75,6.75],"texture":"#texture"},"west":{"uv":[7,5.75,9,6.75],"texture":"#texture"}}},{"from":[1.5,8.25,6.75],"to":[1.75,9.25,9.25],"faces":{"down":{"uv":[14.5,9.25,14.25,6.75],"texture":"#texture"},"up":{"uv":[1.5,6.75,1.75,9.25],"texture":"#texture"},"north":{"uv":[14.25,6.75,14.5,7.75],"texture":"#texture"},"south":{"uv":[1.5,6.75,1.75,7.75],"texture":"#texture"},"west":{"uv":[6.75,6.75,9.25,7.75],"texture":"#texture"}}},{"from":[1.75,9.5,7],"to":[5.75,10.25,9],"faces":{"down":{"uv":[14.25,9,10.25,7],"texture":"#wood door texture"},"up":{"uv":[1.75,7,5.75,9],"texture":"#wood door texture"},"north":{"uv":[10.25,5.75,14.25,6.5],"texture":"#wood door texture"},"south":{"uv":[1.75,5.75,5.75,6.5],"texture":"#wood door texture"}}},{"from":[1.75,10.25,7.25],"to":[5.75,10.5,8.75],"faces":{"up":{"uv":[1.75,7.25,5.75,8.75],"texture":"#wood door texture"},"north":{"uv":[10.25,5.5,14.25,5.75],"texture":"#wood door texture"},"south":{"uv":[1.75,5.5,5.75,5.75],"texture":"#wood door texture"}}},{"from":[1.5,10.25,7.25],"to":[1.75,10.5,8.75],"faces":{"up":{"uv":[1.5,7.25,1.75,8.75],"texture":"#texture"},"north":{"uv":[14.25,5.5,14.5,5.75],"texture":"#texture"},"south":{"uv":[1.5,5.5,1.75,5.75],"texture":"#texture"},"west":{"uv":[7.25,5.5,8.75,5.75],"texture":"#texture"}}},{"from":[1.75,8.25,6.75],"to":[7.75,9.25,9.25],"faces":{"down":{"uv":[14.25,9.25,8.25,6.75],"texture":"#wood door texture"},"up":{"uv":[1.75,6.75,7.75,9.25],"texture":"#wood door texture"},"north":{"uv":[8.25,6.75,14.25,7.75],"texture":"#wood door texture"},"south":{"uv":[1.75,6.75,7.75,7.75],"texture":"#wood door texture"},"east":{"uv":[6.75,6.75,9.25,7.75],"texture":"#wood door texture"}}},{"from":[1.75,7.75,7],"to":[5.5,8.25,9],"faces":{"down":{"uv":[14.25,9,10.5,7],"texture":"#wood door texture"},"north":{"uv":[10.5,7.75,14.25,8.25],"texture":"#wood door texture"},"south":{"uv":[1.75,7.75,5.5,8.25],"texture":"#wood door texture"}}},{"from":[1.5,7.75,7],"to":[1.75,8.25,9],"faces":{"down":{"uv":[14.5,9,14.25,7],"texture":"#texture"},"north":{"uv":[14.25,7.75,14.5,8.25],"texture":"#texture"},"south":{"uv":[1.5,7.75,1.75,8.25],"texture":"#texture"},"west":{"uv":[7,7.75,9,8.25],"texture":"#texture"}}},{"from":[5.5,7.5,6.75],"to":[7.75,8.25,9.25],"faces":{"down":{"uv":[10.5,9.25,8.25,6.75],"texture":"#wood door texture"},"north":{"uv":[8.25,7.75,10.5,8.5],"texture":"#wood door texture"},"south":{"uv":[5.5,7.75,7.75,8.5],"texture":"#wood door texture"},"west":{"uv":[6.75,7.75,9.25,8.5],"texture":"#wood door texture"},"east":{"uv":[6.75,7.75,9.25,8.5],"texture":"#wood door texture"}}},{"from":[5.75,9.25,7.25],"to":[7.75,10.75,8.75],"faces":{"up":{"uv":[5.75,7.25,7.75,8.75],"texture":"#texture"},"north":{"uv":[8.25,5.25,10.25,6.75],"texture":"#texture"},"south":{"uv":[5.75,5.25,7.75,6.75],"texture":"#texture"},"west":{"uv":[7.25,5.25,8.75,6.75],"texture":"#texture"}}},{"from":[7.75,10.25,7.5],"to":[17.75,10.5,8.5],"faces":{"down":{"uv":[8.25,8.5,0,7.5],"texture":"#texture","cullface":"east"},"up":{"uv":[7.75,7.5,16,8.5],"texture":"#texture","cullface":"east"},"north":{"uv":[0,5.5,8.25,5.75],"texture":"#texture","cullface":"east"},"south":{"uv":[7.75,5.5,16,5.75],"texture":"#texture","cullface":"east"},"east":{"uv":[7.5,5.5,8.5,5.75],"texture":"#texture","cullface":"east"}}},{"from":[7.75,9.5,7.75],"to":[18.5,9.75,8.75],"faces":{"up":{"uv":[7.75,7.75,16,8.75],"texture":"#texture","cullface":"east"},"north":{"uv":[0,6.25,8.25,6.5],"texture":"#texture","cullface":"east"},"south":{"uv":[7.75,6.25,16,6.5],"texture":"#texture","cullface":"east"},"east":{"uv":[7.25,6.25,8.25,6.5],"texture":"#texture","cullface":"east"}}},{"from":[7.75,7.25,7],"to":[19,9.25,9],"faces":{"down":{"uv":[8.25,9,0,7],"texture":"#texture","cullface":"east"},"up":{"uv":[7.75,7,16,9],"texture":"#texture","cullface":"east"},"north":{"uv":[0,6.75,8.25,8.75],"texture":"#texture","cullface":"east"},"south":{"uv":[7.75,6.75,16,8.75],"texture":"#texture","cullface":"east"},"west":{"uv":[7,6.75,9,8.75],"texture":"#texture","cullface":"east"},"east":{"uv":[7,6.75,9,8.75],"texture":"#texture","cullface":"east"}}},{"from":[1.5,7.5,7.25],"to":[5.5,7.75,8.75],"faces":{"down":{"uv":[14.5,8.75,10.5,7.25],"texture":"#wood door texture"},"north":{"uv":[10.5,8.25,14.5,8.5],"texture":"#wood door texture"},"south":{"uv":[1.5,8.25,5.5,8.5],"texture":"#wood door texture"},"west":{"uv":[7.25,8.25,8.75,8.5],"texture":"#wood door texture"}}},{"from":[-7,8.5,7.5],"to":[1.5,9,7.75],"faces":{"down":{"uv":[16,7.75,14.5,7.5],"texture":"#texture","cullface":"west"},"up":{"uv":[0,7.5,1.5,7.75],"texture":"#texture","cullface":"west"},"north":{"uv":[14.5,7,16,7.5],"texture":"#texture","cullface":"west"},"south":{"uv":[0,7,1.5,7.5],"texture":"#texture","cullface":"west"},"west":{"uv":[7.5,7,7.75,7.5],"texture":"#texture","cullface":"west"}}},{"from":[-7,8.5,8.25],"to":[1.5,9,8.5],"faces":{"down":{"uv":[16,8.5,14.5,8.25],"texture":"#texture","cullface":"west"},"up":{"uv":[0,8.25,1.5,8.5],"texture":"#texture","cullface":"west"},"north":{"uv":[14.5,7,16,7.5],"texture":"#texture","cullface":"west"},"south":{"uv":[0,7,1.5,7.5],"texture":"#texture","cullface":"west"},"west":{"uv":[8.25,7,8.5,7.5],"texture":"#texture","cullface":"west"}}},{"from":[-7,8.25,7.75],"to":[1.5,8.5,8.25],"faces":{"down":{"uv":[16,8.25,14.5,7.75],"texture":"#texture","cullface":"west"},"up":{"uv":[0,7.75,1.5,8.25],"texture":"#texture","cullface":"west"},"north":{"uv":[14.5,7.5,16,7.75],"texture":"#texture","cullface":"west"},"south":{"uv":[0,7.5,1.5,7.75],"texture":"#texture","cullface":"west"},"west":{"uv":[7.75,7.5,8.25,7.75],"texture":"#texture","cullface":"west"}}},{"from":[7.75,9.25,7.25],"to":[8,10.75,8.75],"faces":{"up":{"uv":[7.75,7.25,8,8.75],"texture":"#texture"},"north":{"uv":[8,5.25,8.25,6.75],"texture":"#texture"},"south":{"uv":[7.75,5.25,8,6.75],"texture":"#texture"}}},{"from":[8,9.25,7.25],"to":[8.25,10.75,8.75],"faces":{"up":{"uv":[8,7.25,8.25,8.75],"texture":"#texture"},"north":{"uv":[7.75,5.25,8,6.75],"texture":"#texture"},"south":{"uv":[8,5.25,8.25,6.75],"texture":"#texture"},"east":{"uv":[7.25,5.25,8.75,6.75],"texture":"#texture"}}},{"from":[10,5.25,7.25],"to":[12.75,7.5,8.75],"faces":{"down":{"uv":[0,0,2,2],"texture":"#texture"},"north":{"uv":[0,0,2,2],"texture":"#texture"},"south":{"uv":[2,2,0,0],"texture":"#texture"},"west":{"uv":[0,0,2,2],"texture":"#texture"},"east":{"uv":[0,0,2,2],"texture":"#texture"}}},{"from":[10.1875,3.8125,7.25],"to":[12.9375,6.3125,8.75],"rotation":{"origin":[10.1875,6.3125,7.25],"axis":"z","angle":-22.5},"faces":{"down":{"uv":[0,1,2,2],"texture":"#texture"},"up":{"uv":[0,1,2,2],"texture":"#texture"},"north":{"uv":[0,1,2,2],"texture":"#texture"},"south":{"uv":[0,1,2,2],"texture":"#texture"},"west":{"uv":[0,1,2,2],"texture":"#texture"},"east":{"uv":[0,1,2,2],"texture":"#texture"}}},{"from":[9.8125,1.375,7.25],"to":[12.5625,4.875,8.75],"rotation":{"origin":[9.8125,4.875,7.25],"axis":"z","angle":-45},"faces":{"down":{"uv":[0,1,2,4],"texture":"#texture"},"up":{"uv":[0,1,2,4],"texture":"#texture"},"north":{"uv":[0,1,2,4],"texture":"#texture"},"south":{"uv":[0,1,2,4],"texture":"#texture"},"west":{"uv":[0,1,2,4],"texture":"#texture"},"east":{"uv":[0,1,2,4],"texture":"#texture"}}},{"from":[12.75,6.25,7.5],"to":[13.75,7.5,8.5],"faces":{"down":{"uv":[3.25,8.5,2.25,7.5],"texture":"#texture"},"north":{"uv":[2.25,8.5,3.25,9.75],"texture":"#texture"},"south":{"uv":[12.75,8.5,13.75,9.75],"texture":"#texture"},"east":{"uv":[7.5,8.5,8.5,9.75],"texture":"#texture"}}},{"from":[13.5,6.25,7.75],"to":[14.25,6.5,8.25],"rotation":{"origin":[13.5,6.5,7.75],"axis":"z","angle":-22.5},"faces":{"down":{"uv":[2.25,8.5,1.5,7.5],"texture":"#texture"},"up":{"uv":[13.75,7.5,14.5,8.5],"texture":"#texture"},"north":{"uv":[1.5,9.5,2.25,9.75],"texture":"#texture"},"south":{"uv":[13.75,9.5,14.5,9.75],"texture":"#texture"},"east":{"uv":[7.5,9.5,8.5,9.75],"texture":"#texture"}}},{"from":[14,6,7.75],"to":[15.5,6.25,8.25],"faces":{"down":{"uv":[2,8.25,0.5,7.75],"texture":"#texture"},"up":{"uv":[14,7.75,15.5,8.25],"texture":"#texture"},"north":{"uv":[0.5,9.75,2,10],"texture":"#texture"},"south":{"uv":[14,9.75,15.5,10],"texture":"#texture"},"west":{"uv":[7.75,9.75,8.25,10],"texture":"#texture"},"east":{"uv":[7.75,9.75,8.25,10],"texture":"#texture"}}},{"from":[16.25,6,7.5],"to":[18.25,7.5,8.5],"faces":{"down":{"uv":[0,8.5,0,7.5],"texture":"#wood door texture","cullface":"east"},"north":{"uv":[0,8.5,0,10],"texture":"#wood door texture","cullface":"east"},"south":{"uv":[16,8.5,16,10],"texture":"#wood door texture","cullface":"east"},"east":{"uv":[7.5,8.5,8.5,10],"texture":"#wood door texture","cullface":"east"}}},{"from":[17.75,9.75,7.5],"to":[18.25,10.25,8.5],"faces":{"up":{"uv":[16,7.5,16,8.5],"texture":"#texture","cullface":"east"},"north":{"uv":[0,5.75,0,6.25],"texture":"#texture","cullface":"east"},"south":{"uv":[16,5.75,16,6.25],"texture":"#texture","cullface":"east"},"east":{"uv":[7.5,5.75,8.5,6.25],"texture":"#texture","cullface":"east"}}},{"from":[15.5,6.5,7.875],"to":[15.75,8,8.125],"rotation":{"origin":[15.5,8,7.875],"axis":"z","angle":-22.5},"faces":{"down":{"uv":[0.25,8.5,0,7.5],"texture":"#texture"},"up":{"uv":[15.75,7.5,16,8.5],"texture":"#texture"},"north":{"uv":[0,2,0.25,3.5],"texture":"#texture"},"south":{"uv":[15.75,2,16,3.5],"texture":"#texture"},"west":{"uv":[7.5,2,8.5,3.5],"texture":"#texture"},"east":{"uv":[7.5,2,8.5,3.5],"texture":"#texture"}}},{"from":[7.75,9.25,7.75],"to":[18.75,9.5,9],"faces":{"up":{"uv":[7.75,7.75,16,9],"texture":"#texture","cullface":"east"},"north":{"uv":[0,6.5,8.25,6.75],"texture":"#texture","cullface":"east"},"south":{"uv":[7.75,6.5,16,6.75],"texture":"#texture","cullface":"east"},"east":{"uv":[7,6.5,8.25,6.75],"texture":"#texture","cullface":"east"}}},{"from":[17.9375,9.3125,7.75],"to":[18.6875,9.8125,8.25],"rotation":{"origin":[17.9375,9.8125,7.75],"axis":"z","angle":22.5},"faces":{"down":{"uv":[0,8.25,0,7.75],"texture":"#texture","cullface":"east"},"up":{"uv":[16,7.75,16,8.25],"texture":"#texture","cullface":"east"},"north":{"uv":[0,6,0,6.5],"texture":"#texture","cullface":"east"},"south":{"uv":[16,6,16,6.5],"texture":"#texture","cullface":"east"},"west":{"uv":[7.75,6,8.25,6.5],"texture":"#texture","cullface":"east"},"east":{"uv":[7.75,6,8.25,6.5],"texture":"#texture","cullface":"east"}}},{"from":[15.4375,6.0255,7.75],"to":[16.1875,6.2755,8.25],"rotation":{"origin":[15.4375,6.2755,7.75],"axis":"z","angle":22.5},"faces":{"down":{"uv":[0.5,8.5,0,7.5],"texture":"#texture","cullface":"east"},"up":{"uv":[15.5,7.5,16,8.5],"texture":"#texture","cullface":"east"},"north":{"uv":[0,9.5,0.5,9.75],"texture":"#texture","cullface":"east"},"south":{"uv":[15.5,9.5,16,9.75],"texture":"#texture","cullface":"east"},"west":{"uv":[7.5,9.5,8.5,9.75],"texture":"#texture","cullface":"east"},"east":{"uv":[7.5,9.5,8.5,9.75],"texture":"#texture","cullface":"east"}}},{"from":[1.75,9.25,6.75],"to":[2.25,9.5,9.25],"faces":{"up":{"uv":[1.75,6.75,2.25,9.25],"texture":"#wood door texture"},"north":{"uv":[13.75,6.5,14.25,6.75],"texture":"#wood door texture"},"south":{"uv":[1.75,6.5,2.25,6.75],"texture":"#wood door texture"},"west":{"uv":[6.75,6.5,9.25,6.75],"texture":"#wood door texture"},"east":{"uv":[6.75,6.5,9.25,6.75],"texture":"#wood door texture"}}},{"from":[3.5,9.25,6.75],"to":[4.25,9.5,9.25],"faces":{"up":{"uv":[3.5,6.75,4.25,9.25],"texture":"#wood door texture"},"north":{"uv":[11.75,6.5,12.5,6.75],"texture":"#wood door texture"},"south":{"uv":[3.5,6.5,4.25,6.75],"texture":"#wood door texture"},"west":{"uv":[6.75,6.5,9.25,6.75],"texture":"#wood door texture"},"east":{"uv":[6.75,6.5,9.25,6.75],"texture":"#wood door texture"}}},{"from":[5.75,9.5,7],"to":[6.25,10.25,9],"faces":{"down":{"uv":[10.25,9,9.75,7],"texture":"#texture"},"up":{"uv":[5.75,7,6.25,9],"texture":"#texture"},"north":{"uv":[9.75,5.75,10.25,6.5],"texture":"#texture"},"south":{"uv":[5.75,5.75,6.25,6.5],"texture":"#texture"},"east":{"uv":[7,5.75,9,6.5],"texture":"#texture"}}},{"from":[1.75,10.5,7.5],"to":[2,10.75,8.5],"faces":{"up":{"uv":[1.75,7.5,2,8.5],"texture":"#wood door texture"},"north":{"uv":[14,5.25,14.25,5.5],"texture":"#wood door texture"},"south":{"uv":[1.75,5.25,2,5.5],"texture":"#wood door texture"},"west":{"uv":[7.5,5.25,8.5,5.5],"texture":"#wood door texture"},"east":{"uv":[7.5,5.25,8.5,5.5],"texture":"#wood door texture"}}},{"from":[2.25,10.5,7.5],"to":[2.5,10.75,8.5],"faces":{"up":{"uv":[2.25,7.5,2.5,8.5],"texture":"#wood door texture"},"north":{"uv":[13.5,5.25,13.75,5.5],"texture":"#wood door texture"},"south":{"uv":[2.25,5.25,2.5,5.5],"texture":"#wood door texture"},"west":{"uv":[7.5,5.25,8.5,5.5],"texture":"#wood door texture"},"east":{"uv":[7.5,5.25,8.5,5.5],"texture":"#wood door texture"}}},{"from":[2.75,10.5,7.5],"to":[3,10.75,8.5],"faces":{"up":{"uv":[2.75,7.5,3,8.5],"texture":"#wood door texture"},"north":{"uv":[13,5.25,13.25,5.5],"texture":"#wood door texture"},"south":{"uv":[2.75,5.25,3,5.5],"texture":"#wood door texture"},"west":{"uv":[7.5,5.25,8.5,5.5],"texture":"#wood door texture"},"east":{"uv":[7.5,5.25,8.5,5.5],"texture":"#wood door texture"}}},{"from":[3.25,10.5,7.5],"to":[3.5,10.75,8.5],"faces":{"up":{"uv":[3.25,7.5,3.5,8.5],"texture":"#wood door texture"},"north":{"uv":[12.5,5.25,12.75,5.5],"texture":"#wood door texture"},"south":{"uv":[3.25,5.25,3.5,5.5],"texture":"#wood door texture"},"west":{"uv":[7.5,5.25,8.5,5.5],"texture":"#wood door texture"},"east":{"uv":[7.5,5.25,8.5,5.5],"texture":"#wood door texture"}}},{"from":[3.75,10.5,7.5],"to":[4,10.75,8.5],"faces":{"up":{"uv":[3.75,7.5,4,8.5],"texture":"#wood door texture"},"north":{"uv":[12,5.25,12.25,5.5],"texture":"#wood door texture"},"south":{"uv":[3.75,5.25,4,5.5],"texture":"#wood door texture"},"west":{"uv":[7.5,5.25,8.5,5.5],"texture":"#wood door texture"},"east":{"uv":[7.5,5.25,8.5,5.5],"texture":"#wood door texture"}}},{"from":[4.25,10.5,7.5],"to":[4.5,10.75,8.5],"faces":{"up":{"uv":[4.25,7.5,4.5,8.5],"texture":"#wood door texture"},"north":{"uv":[11.5,5.25,11.75,5.5],"texture":"#wood door texture"},"south":{"uv":[4.25,5.25,4.5,5.5],"texture":"#wood door texture"},"west":{"uv":[7.5,5.25,8.5,5.5],"texture":"#wood door texture"},"east":{"uv":[7.5,5.25,8.5,5.5],"texture":"#wood door texture"}}},{"from":[4.75,10.5,7.5],"to":[5,10.75,8.5],"faces":{"up":{"uv":[4.75,7.5,5,8.5],"texture":"#wood door texture"},"north":{"uv":[11,5.25,11.25,5.5],"texture":"#wood door texture"},"south":{"uv":[4.75,5.25,5,5.5],"texture":"#wood door texture"},"west":{"uv":[7.5,5.25,8.5,5.5],"texture":"#wood door texture"},"east":{"uv":[7.5,5.25,8.5,5.5],"texture":"#wood door texture"}}},{"from":[5.25,10.5,7.5],"to":[5.5,10.75,8.5],"faces":{"up":{"uv":[5.25,7.5,5.5,8.5],"texture":"#wood door texture"},"north":{"uv":[10.5,5.25,10.75,5.5],"texture":"#wood door texture"},"south":{"uv":[5.25,5.25,5.5,5.5],"texture":"#wood door texture"},"west":{"uv":[7.5,5.25,8.5,5.5],"texture":"#wood door texture"},"east":{"uv":[7.5,5.25,8.5,5.5],"texture":"#wood door texture"}}},{"from":[5.25,9.25,6.75],"to":[5.75,9.5,9.25],"faces":{"up":{"uv":[5.25,6.75,5.75,9.25],"texture":"#wood door texture"},"north":{"uv":[10.25,6.5,10.75,6.75],"texture":"#wood door texture"},"south":{"uv":[5.25,6.5,5.75,6.75],"texture":"#wood door texture"},"west":{"uv":[6.75,6.5,9.25,6.75],"texture":"#wood door texture"},"east":{"uv":[6.75,6.5,9.25,6.75],"texture":"#wood door texture"}}},{"from":[2.75,8.5,6.5],"to":[3,9,9.5],"faces":{"down":{"uv":[13.25,9.5,13,6.5],"texture":"#wood door texture"},"up":{"uv":[2.75,6.5,3,9.5],"texture":"#wood door texture"},"north":{"uv":[13,7,13.25,7.5],"texture":"#wood door texture"},"south":{"uv":[2.75,7,3,7.5],"texture":"#wood door texture"},"west":{"uv":[6.5,7,9.5,7.5],"texture":"#wood door texture"},"east":{"uv":[6.5,7,9.5,7.5],"texture":"#wood door texture"}}},{"from":[2.25,8.5,6.5],"to":[2.5,9,9.5],"faces":{"down":{"uv":[13.75,9.5,13.5,6.5],"texture":"#wood door texture"},"up":{"uv":[2.25,6.5,2.5,9.5],"texture":"#wood door texture"},"north":{"uv":[13.5,7,13.75,7.5],"texture":"#wood door texture"},"south":{"uv":[2.25,7,2.5,7.5],"texture":"#wood door texture"},"west":{"uv":[6.5,7,9.5,7.5],"texture":"#wood door texture"},"east":{"uv":[6.5,7,9.5,7.5],"texture":"#wood door texture"}}},{"from":[3.25,8.5,6.5],"to":[3.5,9,9.5],"faces":{"down":{"uv":[12.75,9.5,12.5,6.5],"texture":"#wood door texture"},"up":{"uv":[3.25,6.5,3.5,9.5],"texture":"#wood door texture"},"north":{"uv":[12.5,7,12.75,7.5],"texture":"#wood door texture"},"south":{"uv":[3.25,7,3.5,7.5],"texture":"#wood door texture"},"west":{"uv":[6.5,7,9.5,7.5],"texture":"#wood door texture"},"east":{"uv":[6.5,7,9.5,7.5],"texture":"#wood door texture"}}},{"from":[1.75,8.5,6.5],"to":[2,9,9.5],"faces":{"down":{"uv":[14.25,9.5,14,6.5],"texture":"#wood door texture"},"up":{"uv":[1.75,6.5,2,9.5],"texture":"#wood door texture"},"north":{"uv":[14,7,14.25,7.5],"texture":"#wood door texture"},"south":{"uv":[1.75,7,2,7.5],"texture":"#wood door texture"},"west":{"uv":[6.5,7,9.5,7.5],"texture":"#wood door texture"},"east":{"uv":[6.5,7,9.5,7.5],"texture":"#wood door texture"}}},{"from":[4.25,8.5,6.5],"to":[4.5,9,9.5],"faces":{"down":{"uv":[11.75,9.5,11.5,6.5],"texture":"#wood door texture"},"up":{"uv":[4.25,6.5,4.5,9.5],"texture":"#wood door texture"},"north":{"uv":[11.5,7,11.75,7.5],"texture":"#wood door texture"},"south":{"uv":[4.25,7,4.5,7.5],"texture":"#wood door texture"},"west":{"uv":[6.5,7,9.5,7.5],"texture":"#wood door texture"},"east":{"uv":[6.5,7,9.5,7.5],"texture":"#wood door texture"}}},{"from":[3.75,8.5,6.5],"to":[4,9,9.5],"faces":{"down":{"uv":[12.25,9.5,12,6.5],"texture":"#wood door texture"},"up":{"uv":[3.75,6.5,4,9.5],"texture":"#wood door texture"},"north":{"uv":[12,7,12.25,7.5],"texture":"#wood door texture"},"south":{"uv":[3.75,7,4,7.5],"texture":"#wood door texture"},"west":{"uv":[6.5,7,9.5,7.5],"texture":"#wood door texture"},"east":{"uv":[6.5,7,9.5,7.5],"texture":"#wood door texture"}}},{"from":[16,2.25,7.5],"to":[18,6.25,8.5],"rotation":{"origin":[16,6.25,7.5],"axis":"z","angle":22.5},"faces":{"down":{"uv":[0,8.5,0,7.5],"texture":"#wood door texture","cullface":"east"},"up":{"uv":[16,7.5,16,8.5],"texture":"#wood door texture","cullface":"east"},"north":{"uv":[0,9.75,0,13.75],"texture":"#wood door texture","cullface":"east"},"south":{"uv":[16,9.75,16,13.75],"texture":"#wood door texture","cullface":"east"},"west":{"uv":[7.5,9.75,8.5,13.75],"texture":"#wood door texture","cullface":"east"},"east":{"uv":[7.5,9.75,8.5,13.75],"texture":"#wood door texture","cullface":"east"}}},{"from":[16.25,6.25,7.25],"to":[17.75,7.5,8.75],"faces":{"down":{"uv":[0,8.75,0,7.25],"texture":"#wood door texture","cullface":"east"},"up":{"uv":[16,7.25,16,8.75],"texture":"#wood door texture","cullface":"east"},"north":{"uv":[0,8.5,0,9.75],"texture":"#wood door texture","cullface":"east"},"south":{"uv":[16,8.5,16,9.75],"texture":"#wood door texture","cullface":"east"},"west":{"uv":[7.25,8.5,8.75,9.75],"texture":"#wood door texture","cullface":"east"},"east":{"uv":[7.25,8.5,8.75,9.75],"texture":"#wood door texture","cullface":"east"}}},{"from":[16.25,2.375,7.25],"to":[17.75,6.375,8.75],"rotation":{"origin":[16.25,6.375,7.25],"axis":"z","angle":22.5},"faces":{"down":{"uv":[0,8.75,0,7.25],"texture":"#wood door texture","cullface":"east"},"up":{"uv":[16,7.25,16,8.75],"texture":"#wood door texture","cullface":"east"},"north":{"uv":[0,9.75,0,13.75],"texture":"#wood door texture","cullface":"east"},"south":{"uv":[16,9.75,16,13.75],"texture":"#wood door texture","cullface":"east"},"west":{"uv":[7.25,9.75,8.75,13.75],"texture":"#wood door texture","cullface":"east"},"east":{"uv":[7.25,9.75,8.75,13.75],"texture":"#wood door texture","cullface":"east"}}},{"from":[16,6.25,7.75],"to":[16.25,7.5,8.25],"faces":{"up":{"uv":[16,7.75,16,8.25],"texture":"#texture","cullface":"east"},"north":{"uv":[0,8.5,0,9.75],"texture":"#texture","cullface":"east"},"south":{"uv":[16,8.5,16,9.75],"texture":"#texture","cullface":"east"},"west":{"uv":[7.75,8.5,8.25,9.75],"texture":"#texture","cullface":"east"}}},{"from":[8.25,9.75,8.25],"to":[17.75,10,8.75],"faces":{"up":{"uv":[8.25,8.25,16,8.75],"texture":"#texture","cullface":"east"},"north":{"uv":[0,6,7.75,6.25],"texture":"#texture","cullface":"east"},"south":{"uv":[8.25,6,16,6.25],"texture":"#texture","cullface":"east"},"east":{"uv":[7.25,6,7.75,6.25],"texture":"#texture","cullface":"east"}}},{"from":[5.5,7.25,7],"to":[7.75,7.5,9],"faces":{"down":{"uv":[10.5,9,8.25,7],"texture":"#wood door texture"},"north":{"uv":[8.25,8.5,10.5,8.75],"texture":"#wood door texture"},"south":{"uv":[5.5,8.5,7.75,8.75],"texture":"#wood door texture"},"west":{"uv":[7,8.5,9,8.75],"texture":"#wood door texture"}}},{"from":[19,7.25,7.75],"to":[19.5,9,8.25],"faces":{"down":{"uv":[0,8.25,0,7.75],"texture":"#texture","cullface":"east"},"up":{"uv":[16,7.75,16,8.25],"texture":"#texture","cullface":"east"},"north":{"uv":[0,7,0,8.75],"texture":"#texture","cullface":"east"},"south":{"uv":[16,7,16,8.75],"texture":"#texture","cullface":"east"}}},{"from":[24.75,7.25,7.5],"to":[25,8.75,8.5],"faces":{"down":{"uv":[0,8.5,0,7.5],"texture":"#wood door texture","cullface":"east"},"up":{"uv":[16,7.5,16,8.5],"texture":"#wood door texture","cullface":"east"},"north":{"uv":[0,7.25,0,8.75],"texture":"#wood door texture","cullface":"east"},"south":{"uv":[16,7.25,16,8.75],"texture":"#wood door texture","cullface":"east"},"east":{"uv":[7.5,7.25,8.5,8.75],"texture":"#wood door texture","cullface":"east"}}},{"from":[19.5,7.25,7.5],"to":[24.75,9,8.5],"faces":{"down":{"uv":[0,8.5,0,7.5],"texture":"#wood door texture","cullface":"east"},"up":{"uv":[16,7.5,16,8.5],"texture":"#wood door texture","cullface":"east"},"north":{"uv":[0,7,0,8.75],"texture":"#wood door texture","cullface":"east"},"south":{"uv":[16,7,16,8.75],"texture":"#wood door texture","cullface":"east"},"west":{"uv":[7.5,7,8.5,8.75],"texture":"#wood door texture","cullface":"east"},"east":{"uv":[7.5,7,8.5,8.75],"texture":"#wood door texture","cullface":"east"}}},{"from":[25,7.25,7.5],"to":[25.25,8.5,8.5],"faces":{"down":{"uv":[0,8.5,0,7.5],"texture":"#wood door texture","cullface":"east"},"up":{"uv":[16,7.5,16,8.5],"texture":"#wood door texture","cullface":"east"},"north":{"uv":[0,7.5,0,8.75],"texture":"#wood door texture","cullface":"east"},"south":{"uv":[16,7.5,16,8.75],"texture":"#wood door texture","cullface":"east"},"east":{"uv":[7.5,7.5,8.5,8.75],"texture":"#wood door texture","cullface":"east"}}},{"from":[25.25,7.5,7.5],"to":[25.5,8.25,8.5],"faces":{"down":{"uv":[0,8.5,0,7.5],"texture":"#wood door texture","cullface":"east"},"up":{"uv":[16,7.5,16,8.5],"texture":"#wood door texture","cullface":"east"},"north":{"uv":[0,7.75,0,8.5],"texture":"#wood door texture","cullface":"east"},"south":{"uv":[16,7.75,16,8.5],"texture":"#wood door texture","cullface":"east"},"east":{"uv":[7.5,7.75,8.5,8.5],"texture":"#wood door texture","cullface":"east"}}},{"from":[19.5,7.5,7.25],"to":[24.75,8.75,8.75],"faces":{"down":{"uv":[0,8.75,0,7.25],"texture":"#wood door texture","cullface":"east"},"up":{"uv":[16,7.25,16,8.75],"texture":"#wood door texture","cullface":"east"},"north":{"uv":[0,7.25,0,8.5],"texture":"#wood door texture","cullface":"east"},"south":{"uv":[16,7.25,16,8.5],"texture":"#wood door texture","cullface":"east"},"west":{"uv":[7.25,7.25,8.75,8.5],"texture":"#wood door texture","cullface":"east"},"east":{"uv":[7.25,7.25,8.75,8.5],"texture":"#wood door texture","cullface":"east"}}},{"from":[24.75,7.5,7.25],"to":[25,8.5,8.75],"faces":{"down":{"uv":[0,8.75,0,7.25],"texture":"#wood door texture","cullface":"east"},"up":{"uv":[16,7.25,16,8.75],"texture":"#wood door texture","cullface":"east"},"north":{"uv":[0,7.5,0,8.5],"texture":"#wood door texture","cullface":"east"},"south":{"uv":[16,7.5,16,8.5],"texture":"#wood door texture","cullface":"east"},"east":{"uv":[7.25,7.5,8.75,8.5],"texture":"#wood door texture","cullface":"east"}}},{"from":[25,7.5,7.25],"to":[25.25,8.25,8.75],"faces":{"down":{"uv":[0,8.75,0,7.25],"texture":"#wood door texture","cullface":"east"},"up":{"uv":[16,7.25,16,8.75],"texture":"#wood door texture","cullface":"east"},"north":{"uv":[0,7.75,0,8.5],"texture":"#wood door texture","cullface":"east"},"south":{"uv":[16,7.75,16,8.5],"texture":"#wood door texture","cullface":"east"},"east":{"uv":[7.25,7.75,8.75,8.5],"texture":"#wood door texture","cullface":"east"}}},{"from":[24,8.25,7.75],"to":[29,8.75,8.25],"faces":{"down":{"uv":[0,8.25,0,7.75],"texture":"#texture","cullface":"east"},"up":{"uv":[16,7.75,16,8.25],"texture":"#texture","cullface":"east"},"north":{"uv":[0,7.25,0,7.75],"texture":"#texture","cullface":"east"},"south":{"uv":[16,7.25,16,7.75],"texture":"#texture","cullface":"east"},"west":{"uv":[7.75,7.25,8.25,7.75],"texture":"#texture","cullface":"east"}}},{"from":[8.25,9.25,7.75],"to":[13.5,10.25,8],"faces":{"north":{"uv":[2.5,5.75,7.75,6.75],"texture":"#iron block"},"south":{"uv":[8.25,5.75,13.5,6.75],"texture":"#iron block"},"east":{"uv":[8,5.75,8.25,6.75],"texture":"#iron block"}}},{"from":[8.25,9.25,7.5],"to":[13.75,9.75,7.75],"faces":{"up":{"uv":[8.25,7.5,13.75,7.75],"texture":"#iron block"},"north":{"uv":[2.25,6.25,7.75,6.75],"texture":"#iron block"},"south":{"uv":[8.25,6.25,13.75,6.75],"texture":"#iron block"},"east":{"uv":[8.25,6.25,8.5,6.75],"texture":"#iron block"}}},{"from":[8.25,10,8.25],"to":[17.75,10.25,8.5],"faces":{"north":{"uv":[0,5.75,7.75,6],"texture":"#texture","cullface":"east"},"south":{"uv":[8.25,5.75,16,6],"texture":"#texture","cullface":"east"}}},{"from":[13.5,9.75,7.5],"to":[17.75,10.25,7.75],"faces":{"down":{"uv":[2.5,7.75,0,7.5],"texture":"#texture","cullface":"east"},"north":{"uv":[0,5.75,2.5,6.25],"texture":"#texture","cullface":"east"},"south":{"uv":[13.5,5.75,16,6.25],"texture":"#texture","cullface":"east"},"west":{"uv":[7.5,5.75,7.75,6.25],"texture":"#texture","cullface":"east"}}},{"from":[13.75,9.5,7.25],"to":[17.75,10,7.75],"faces":{"down":{"uv":[2.25,7.75,0,7.25],"texture":"#texture","cullface":"east"},"up":{"uv":[13.75,7.25,16,7.75],"texture":"#texture","cullface":"east"},"north":{"uv":[0,6,2.25,6.5],"texture":"#texture","cullface":"east"},"south":{"uv":[13.75,6,16,6.5],"texture":"#texture","cullface":"east"},"west":{"uv":[7.25,6,7.75,6.5],"texture":"#texture","cullface":"east"},"east":{"uv":[8.25,6,8.75,6.5],"texture":"#texture","cullface":"east"}}},{"from":[13.75,9.5,7.25],"to":[18.5,9.75,7.75],"faces":{"down":{"uv":[2.25,7.75,0,7.25],"texture":"#texture","cullface":"east"},"up":{"uv":[13.75,7.25,16,7.75],"texture":"#texture","cullface":"east"},"north":{"uv":[0,6.25,2.25,6.5],"texture":"#texture","cullface":"east"},"west":{"uv":[7.25,6.25,7.75,6.5],"texture":"#texture","cullface":"east"},"east":{"uv":[8.25,6.25,8.75,6.5],"texture":"#texture","cullface":"east"}}},{"from":[16.25,9.25,7],"to":[18.75,9.5,8],"faces":{"up":{"uv":[16,7,16,8],"texture":"#texture","cullface":"east"},"north":{"uv":[0,6.5,0,6.75],"texture":"#texture","cullface":"east"},"south":{"uv":[16,6.5,16,6.75],"texture":"#texture","cullface":"east"},"west":{"uv":[7,6.5,8,6.75],"texture":"#texture","cullface":"east"},"east":{"uv":[8,6.5,9,6.75],"texture":"#texture","cullface":"east"}}},{"from":[13.5,9.75,7.25],"to":[13.75,10,7.5],"faces":{"down":{"uv":[2.5,7.5,2.25,7.25],"texture":"#texture"},"up":{"uv":[13.5,7.25,13.75,7.5],"texture":"#texture"},"north":{"uv":[2.25,6,2.5,6.25],"texture":"#texture"},"west":{"uv":[7.25,6,7.5,6.25],"texture":"#texture"}}},{"from":[13.25,9.25,5.75],"to":[13.75,9.5,7.5],"faces":{"down":{"uv":[2.75,7.5,2.25,5.75],"texture":"#iron block"},"up":{"uv":[13.25,5.75,13.75,7.5],"texture":"#iron block"},"north":{"uv":[2.25,6.5,2.75,6.75],"texture":"#iron block"},"west":{"uv":[5.75,6.5,7.5,6.75],"texture":"#iron block"},"east":{"uv":[8.5,6.5,10.25,6.75],"texture":"#iron block"}}},{"from":[13.25,9,5.75],"to":[14.5,9.75,6.25],"rotation":{"origin":[13.25,9,5.75],"axis":"y","angle":22.5},"faces":{"down":{"uv":[1.75,4.75,0.5,4.25],"texture":"#iron block"},"up":{"uv":[14.25,4.25,15.5,4.75],"texture":"#iron block"},"north":{"uv":[0.5,0,1.75,1],"texture":"#iron block"},"south":{"uv":[14.25,0,15.5,1],"texture":"#iron block"},"west":{"uv":[4.25,0,4.75,1],"texture":"#iron block"},"east":{"uv":[11.25,0,11.75,1],"texture":"#iron block"}}},{"from":[29,4.5,7.75],"to":[29.5,8.75,8.25],"faces":{"down":{"uv":[0,8.25,0,7.75],"texture":"#texture","cullface":"east"},"up":{"uv":[16,7.75,16,8.25],"texture":"#texture","cullface":"east"},"north":{"uv":[0,7.25,0,11.5],"texture":"#texture","cullface":"east"},"south":{"uv":[16,7.25,16,11.5],"texture":"#texture","cullface":"east"},"west":{"uv":[7.75,7.25,8.25,11.5],"texture":"#texture","cullface":"east"},"east":{"uv":[7.75,7.25,8.25,11.5],"texture":"#texture","cullface":"east"}}},{"from":[23,7,7.75],"to":[29.75,7.5,8.25],"rotation":{"origin":[23,7.5,7.75],"axis":"z","angle":-22.5},"faces":{"down":{"uv":[0,8.25,0,7.75],"texture":"#texture","cullface":"east"},"up":{"uv":[16,7.75,16,8.25],"texture":"#texture","cullface":"east"},"north":{"uv":[0,10.75,0,11.25],"texture":"#texture","cullface":"east"},"south":{"uv":[16,10.75,16,11.25],"texture":"#texture","cullface":"east"},"west":{"uv":[7.75,10.75,8.25,11.25],"texture":"#texture","cullface":"east"},"east":{"uv":[7.75,10.75,8.25,11.25],"texture":"#texture","cullface":"east"}}},{"from":[22,7,7.75],"to":[23.5,7.25,8.25],"faces":{"down":{"uv":[0,8.25,0,7.75],"texture":"#texture","cullface":"east"},"north":{"uv":[0,8.75,0,9],"texture":"#texture","cullface":"east"},"south":{"uv":[16,8.75,16,9],"texture":"#texture","cullface":"east"},"west":{"uv":[7.75,8.75,8.25,9],"texture":"#texture","cullface":"east"},"east":{"uv":[7.75,8.75,8.25,9],"texture":"#texture","cullface":"east"}}},{"from":[21.25,7.375,7.75],"to":[22.25,7.625,8.25],"rotation":{"origin":[21.25,7.625,7.75],"axis":"z","angle":-22.5},"faces":{"down":{"uv":[0,8.25,0,7.75],"texture":"#texture","cullface":"east"},"up":{"uv":[16,7.75,16,8.25],"texture":"#texture","cullface":"east"},"north":{"uv":[0,0,0,0.25],"texture":"#texture","cullface":"east"},"south":{"uv":[16,0,16,0.25],"texture":"#texture","cullface":"east"},"west":{"uv":[7.75,0,8.25,0.25],"texture":"#texture","cullface":"east"},"east":{"uv":[7.75,0,8.25,0.25],"texture":"#texture","cullface":"east"}}},{"from":[1.8125,10.5,7.5],"to":[5.8125,10.625,8.5],"faces":{"down":{"uv":[14.1875,8.5,10.1875,7.5],"texture":"#wood door texture"},"up":{"uv":[1.8125,7.5,5.8125,8.5],"texture":"#wood door texture"},"north":{"uv":[10.1875,5.375,14.1875,5.5],"texture":"#wood door texture"},"south":{"uv":[1.8125,5.375,5.8125,5.5],"texture":"#wood door texture"},"west":{"uv":[7.5,5.375,8.5,5.5],"texture":"#wood door texture"},"east":{"uv":[7.5,5.375,8.5,5.5],"texture":"#wood door texture"}}},{"from":[1.75,8.5,6.625],"to":[4.5,9,9.375],"faces":{"down":{"uv":[14.25,9.375,11.5,6.625],"texture":"#wood door texture"},"up":{"uv":[1.75,6.625,4.5,9.375],"texture":"#wood door texture"},"north":{"uv":[11.5,7,14.25,7.5],"texture":"#wood door texture"},"south":{"uv":[1.75,7,4.5,7.5],"texture":"#wood door texture"},"west":{"uv":[6.625,7,9.375,7.5],"texture":"#wood door texture"},"east":{"uv":[6.625,7,9.375,7.5],"texture":"#wood door texture"}}}],"display":{"thirdperson_righthand":{"rotation":[0,-90,0],"translation":[0,0,-3.478],"scale":[0.7217,0.5825,0.7564]},"thirdperson_lefthand":{"rotation":[0,90,0],"translation":[0,0,-4.173],"scale":[0.7217,0.5825,0.7564]},"firstperson_righthand":{"rotation":[-18,-102,-19],"translation":[-0.695,2.7826,-1.391]},"firstperson_lefthand":{"rotation":[0,90,6],"translation":[-0.695,2.7826,-1.391]},"gui":{"rotation":[2,0,-40],"translation":[-1.781,1.3919,0.6966],"scale":[0.5211,0.626,0.682]},"ground":{"rotation":[90,0,0],"translation":[0,-2.478,0],"scale":[0.7217,0.6173,0.6173]},"fixed":{"rotation":[0,180,-28],"translation":[0.2043,-1.591,0.2912],"scale":[1.7824,1.7129,2.0607]}}}