{"textures":{"texture":"inne/camuflage3","crafting_table_front":"inne/diamond_ore"},"elements":[{"from":[7.0625,7.8125,8.0625],"to":[8.9375,9.0625,18.375],"faces":{"north":{"uv":[7.002,11.002,7.998,11.998],"texture":"#texture"},"east":{"uv":[7.002,11.002,7.998,15.998],"texture":"#texture"},"south":{"uv":[7.002,11.002,7.998,11.998],"texture":"#texture"},"west":{"uv":[7.002,11.002,7.998,15.998],"texture":"#texture"},"up":{"uv":[7.002,11.002,9.498,15.998],"texture":"#texture"},"down":{"uv":[9.498,15.998,7.002,11.002],"texture":"#texture"}}},{"from":[2.9375,8.9375,0.375],"to":[8.4375,9.25,1.375],"rotation":{"angle":-22.5,"axis":"y","origin":[2.9375,8.9375,0.375]},"faces":{"north":{"uv":[14.002,1.002,14.998,4.998],"texture":"#texture"},"east":{"uv":[5.002,7.002,5.998,8.998],"texture":"#texture"},"south":{"uv":[14.002,1.002,14.998,4.998],"texture":"#texture"},"west":{"uv":[5.002,7.002,5.998,8.998],"texture":"#texture"},"up":{"uv":[14.002,1.002,14.998,4.998],"texture":"#texture"},"down":{"uv":[14.998,4.998,14.002,1.002],"texture":"#texture"}}},{"from":[-1.9375,9.3125,5],"to":[3.0625,9.6875,5.4375],"rotation":{"angle":45,"axis":"y","origin":[-1.9375,9.3125,5]},"faces":{"north":{"uv":[6.002,11.002,9.998,11.998],"texture":"#texture"},"east":{"uv":[6.002,11.002,6.998,11.998],"texture":"#texture"},"south":{"uv":[6.002,11.002,9.998,11.998],"texture":"#texture"},"west":{"uv":[6.002,11.002,6.998,11.998],"texture":"#texture"},"up":{"uv":[6.002,11.002,9.998,11.998],"texture":"#texture"},"down":{"uv":[9.998,11.998,6.002,11.002],"texture":"#texture"}}},{"from":[3.6875,8.375,0.375],"to":[4.6875,9.875,1.375],"rotation":{"angle":22.5,"axis":"y","origin":[3.6875,8.375,0.375]},"faces":{"north":{"uv":[5.002,7.002,6.998,8.998],"texture":"#texture"},"east":{"uv":[4.002,7.002,5.998,8.998],"texture":"#texture"},"south":{"uv":[4.002,7.002,5.998,8.998],"texture":"#texture"},"west":{"uv":[4.002,7.002,5.998,8.998],"texture":"#texture"},"up":{"uv":[5.002,7.002,6.998,8.998],"texture":"#texture"},"down":{"uv":[5.998,8.998,4.002,7.002],"texture":"#texture"}}},{"from":[1.5,8.4375,1.5],"to":[4,8.9375,2],"rotation":{"angle":22.5,"axis":"y","origin":[1.5,8.4375,1.5]},"faces":{"north":{"uv":[6.002,11.002,8.998,11.998],"texture":"#texture"},"east":{"uv":[6.002,11.002,6.998,11.998],"texture":"#texture"},"south":{"uv":[6.002,11.002,8.998,11.998],"texture":"#texture"},"west":{"uv":[6.002,11.002,6.998,11.998],"texture":"#texture"},"up":{"uv":[6.002,11.002,8.998,11.998],"texture":"#texture"},"down":{"uv":[8.998,11.998,6.002,11.002],"texture":"#texture"}}},{"from":[6.75,7.5,6],"to":[9.1875,8.5,10.0625],"faces":{"north":{"uv":[12.002,2.502,14.998,3.498],"texture":"#texture"},"east":{"uv":[12.002,2.502,14.998,3.498],"texture":"#texture"},"south":{"uv":[12.002,2.502,14.998,3.498],"texture":"#texture"},"west":{"uv":[12.002,2.502,14.998,3.498],"texture":"#texture"},"up":{"uv":[12.002,2.502,14.998,3.498],"texture":"#texture"},"down":{"uv":[14.998,3.498,12.002,2.502],"texture":"#texture"}}},{"from":[7.25,7.375,3.4375],"to":[8.75,8.875,4.9375],"faces":{"north":{"uv":[13.002,5.002,14.998,6.998],"texture":"#texture"},"east":{"uv":[13.002,5.002,14.998,6.998],"texture":"#texture"},"south":{"uv":[13.002,5.002,14.998,6.998],"texture":"#texture"},"west":{"uv":[13.002,5.002,14.998,6.998],"texture":"#texture"},"up":{"uv":[13.002,5.002,14.998,6.998],"texture":"#texture"},"down":{"uv":[14.998,6.998,13.002,5.002],"texture":"#texture"}}},{"from":[3.5625,7.5625,3.875],"to":[7.5,7.875,4.6875],"faces":{"north":{"uv":[4.002,13.002,6.998,14.998],"texture":"#texture"},"east":{"uv":[4.002,13.002,6.998,14.998],"texture":"#texture"},"south":{"uv":[4.002,13.002,6.998,14.998],"texture":"#texture"},"west":{"uv":[4.002,13.002,6.998,14.998],"texture":"#texture"},"up":{"uv":[4.002,13.002,6.998,14.998],"texture":"#texture"},"down":{"uv":[4.002,13.002,6.998,14.998],"texture":"#texture"}}},{"from":[2.5,6.6875,2.9375],"to":[3.6875,8.25,5.4375],"faces":{"north":{"uv":[10.002,12.002,10.998,13.998],"texture":"#texture"},"east":{"uv":[10.002,12.002,10.998,13.998],"texture":"#texture"},"south":{"uv":[10.002,12.002,10.998,13.998],"texture":"#texture"},"west":{"uv":[10.002,12.002,10.998,13.998],"texture":"#texture"},"up":{"uv":[10.002,12.002,10.998,13.998],"texture":"#texture"},"down":{"uv":[10.998,13.998,10.002,12.002],"texture":"#texture"}}},{"from":[3.0625,7.125,3.5],"to":[13.0625,7.3125,3.6875],"faces":{"north":{"uv":[13.002,9.002,13.998,13.998],"texture":"#texture"},"east":{"uv":[13.002,9.002,13.998,13.998],"texture":"#texture"},"south":{"uv":[13.002,9.002,13.998,13.998],"texture":"#texture"},"west":{"uv":[13.002,9.002,13.998,13.998],"texture":"#texture"},"up":{"uv":[13.002,9.002,13.998,13.998],"texture":"#texture"},"down":{"uv":[13.002,9.002,13.998,13.998],"texture":"#texture"}}},{"from":[12.75,7.0625,3.5625],"to":[14.125,7.5625,4.0625],"rotation":{"angle":45,"axis":"x","origin":[12.75,7.5625,3.5625]},"faces":{"north":{"uv":[3.002,13.002,3.998,15.998],"texture":"#texture"},"east":{"uv":[8.002,11.002,8.998,11.998],"texture":"#texture"},"south":{"uv":[3.002,13.002,3.998,15.998],"texture":"#texture"},"west":{"uv":[8.002,11.002,8.998,11.998],"texture":"#texture"},"up":{"uv":[3.002,13.002,3.998,15.998],"texture":"#texture"},"down":{"uv":[3.998,15.998,3.002,13.002],"texture":"#texture"}}},{"from":[7.5,8.375,2.25],"to":[8.5,9.375,11.75],"faces":{"north":{"uv":[7.752,6.627,8.248,7.623],"texture":"#texture"},"east":{"uv":[0.002,0.002,0.998,8.998],"texture":"#texture"},"south":{"uv":[0.002,8.002,0.498,8.998],"texture":"#texture"},"west":{"uv":[0.002,0.002,0.998,8.998],"texture":"#texture"},"up":{"uv":[0.002,0.002,0.998,8.998],"texture":"#texture"},"down":{"uv":[0.998,8.998,0.002,0.002],"texture":"#texture"}}},{"from":[7.6875,9.8125,10.8125],"to":[8.3125,10.5,13],"faces":{"north":{"uv":[0.002,0.002,2.998,0.998],"texture":"#texture"},"east":{"uv":[0.002,0.002,2.998,0.998],"texture":"#texture"},"south":{"uv":[0.002,0.002,2.998,0.998],"texture":"#texture"},"west":{"uv":[0.002,0.002,2.998,0.998],"texture":"#texture"},"up":{"uv":[0.002,0.002,2.998,0.998],"texture":"#texture"},"down":{"uv":[0.002,0.002,3.498,0.998],"texture":"#texture"}}},{"from":[7.4375,9.6875,10.0625],"to":[8.625,10.6875,11.0625],"faces":{"north":{"uv":[9.002,4.002,12.998,7.998],"texture":"#crafting_table_front"},"east":{"uv":[1.002,1.002,2.998,2.998],"texture":"#texture"},"south":{"uv":[1.002,1.002,2.998,2.998],"texture":"#texture"},"west":{"uv":[1.002,1.002,2.998,2.998],"texture":"#texture"},"up":{"uv":[1.002,1.002,2.998,2.998],"texture":"#texture"},"down":{"uv":[1.002,1.002,2.998,2.998],"texture":"#texture"}}},{"from":[7.375,9.125,11.6875],"to":[8.625,9.875,13.375],"rotation":{"angle":22.5,"axis":"x","origin":[7.375,9.875,11.6875]},"faces":{"north":{"uv":[8.002,1.002,8.873,1.748],"texture":"#texture"},"east":{"uv":[5.002,1.002,6.6855,1.748],"texture":"#texture"},"south":{"uv":[8.002,1.002,8.873,1.748],"texture":"#texture"},"west":{"uv":[5.002,1.002,6.6855,1.748],"texture":"#texture"},"up":{"uv":[7.002,1.002,7.873,2.6855],"texture":"#texture"},"down":{"uv":[7.002,1.002,7.873,2.6855],"texture":"#texture"}}},{"from":[7.6875,5.125,15.5625],"to":[8.375,8.0625,16.4375],"rotation":{"angle":-22.5,"axis":"x","origin":[7.6875,8.0625,15.5625]},"faces":{"north":{"uv":[2.002,1.002,2.998,3.998],"texture":"#texture"},"east":{"uv":[2.002,1.002,2.998,3.998],"texture":"#texture"},"south":{"uv":[2.002,1.002,2.998,3.998],"texture":"#texture"},"west":{"uv":[2.002,1.002,2.998,3.998],"texture":"#texture"},"up":{"uv":[1.002,1.002,2.998,2.998],"texture":"#texture"},"down":{"uv":[1.002,1.002,2.998,2.998],"texture":"#texture"}}},{"from":[7.5625,7.5625,16.5],"to":[8.4375,9.1875,20.0625],"faces":{"north":{"uv":[14.002,8.002,14.998,9.998],"texture":"#texture"},"east":{"uv":[10.502,7.002,13.998,8.998],"texture":"#texture"},"south":{"uv":[14.002,8.002,14.998,9.998],"texture":"#texture"},"west":{"uv":[10.502,7.002,13.998,8.998],"texture":"#texture"},"up":{"uv":[14.002,8.002,14.998,11.998],"texture":"#texture"},"down":{"uv":[14.998,11.998,14.002,8.002],"texture":"#texture"}}},{"from":[7.5,6.25,20],"to":[8.5,9.25,23.875],"rotation":{"angle":22.5,"axis":"x","origin":[7.5,9.25,20]},"faces":{"north":{"uv":[1.002,1.002,4.998,3.998],"texture":"#texture"},"east":{"uv":[1.002,1.002,4.998,3.998],"texture":"#texture"},"south":{"uv":[1.002,1.002,4.998,3.998],"texture":"#texture"},"west":{"uv":[1.002,1.002,4.998,3.998],"texture":"#texture"},"up":{"uv":[1.002,1.002,4.998,3.998],"texture":"#texture"},"down":{"uv":[1.002,1.002,4.998,3.998],"texture":"#texture"}}},{"from":[7.625,5.5625,17],"to":[8.4375,6.0625,19.5],"rotation":{"angle":-22.5,"axis":"x","origin":[7.625,6.0625,17]},"faces":{"north":{"uv":[1.002,1.002,3.998,2.998],"texture":"#texture"},"east":{"uv":[1.002,1.002,4.498,2.998],"texture":"#texture"},"south":{"uv":[1.002,1.002,3.998,2.998],"texture":"#texture"},"west":{"uv":[1.002,1.002,3.998,2.998],"texture":"#texture"},"up":{"uv":[1.002,1.002,3.998,2.998],"texture":"#texture"},"down":{"uv":[1.002,1.002,3.998,2.998],"texture":"#texture"}}},{"from":[7.75,6.9375,13.75],"to":[8.25,8.4375,14.25],"faces":{"north":{"uv":[2.002,9.002,2.498,10.498],"texture":"#texture"},"east":{"uv":[2.002,9.002,2.498,10.498],"texture":"#texture"},"south":{"uv":[2.002,9.002,2.498,10.498],"texture":"#texture"},"west":{"uv":[2.002,9.002,2.498,10.498],"texture":"#texture"},"up":{"uv":[2.002,9.002,2.498,9.498],"texture":"#texture"},"down":{"uv":[2.498,9.498,2.002,9.002],"texture":"#texture"}}},{"from":[7.75,6.4375,13.75],"to":[8.25,6.9375,16.25],"faces":{"north":{"uv":[1.002,9.002,1.498,9.498],"texture":"#texture"},"east":{"uv":[12.502,9.002,14.998,9.498],"texture":"#texture"},"south":{"uv":[1.002,9.002,1.498,9.498],"texture":"#texture"},"west":{"uv":[12.502,9.002,14.998,9.498],"texture":"#texture"},"up":{"uv":[1.002,9.002,1.498,11.498],"texture":"#texture"},"down":{"uv":[1.498,11.498,1.002,9.002],"texture":"#texture"}}},{"from":[7.75,7.125,15.4375],"to":[8.25,8.4375,15.9375],"rotation":{"angle":22.5,"axis":"x","origin":[7.75,8.4375,15.4375]},"faces":{"north":{"uv":[11.502,5.002,11.998,5.998],"texture":"#texture"},"east":{"uv":[11.502,5.002,11.998,5.998],"texture":"#texture"},"south":{"uv":[11.502,5.002,11.998,5.998],"texture":"#texture"},"west":{"uv":[11.502,5.002,11.998,5.998],"texture":"#texture"},"up":{"uv":[11.002,5.002,11.498,5.498],"texture":"#texture"},"down":{"uv":[11.502,5.002,11.998,5.498],"texture":"#texture"}}},{"from":[-1.9375,8.5,5],"to":[3.0625,8.875,5.4375],"rotation":{"angle":45,"axis":"y","origin":[-1.9375,8.5,5]},"faces":{"north":{"uv":[6.002,11.002,9.998,11.998],"texture":"#texture"},"east":{"uv":[6.002,11.002,6.998,11.998],"texture":"#texture"},"south":{"uv":[6.002,11.002,9.998,11.998],"texture":"#texture"},"west":{"uv":[6.002,11.002,6.998,11.998],"texture":"#texture"},"up":{"uv":[6.002,11.002,9.998,11.998],"texture":"#texture"},"down":{"uv":[9.998,11.998,6.002,11.002],"texture":"#texture"}}},{"from":[12.75,7.0625,5],"to":[14.125,7.5625,5.5],"rotation":{"angle":45,"axis":"x","origin":[12.75,7.5625,5]},"faces":{"north":{"uv":[3.002,13.002,3.998,15.998],"texture":"#texture"},"east":{"uv":[8.002,11.002,8.998,11.998],"texture":"#texture"},"south":{"uv":[3.002,13.002,3.998,15.998],"texture":"#texture"},"west":{"uv":[8.002,11.002,8.998,11.998],"texture":"#texture"},"up":{"uv":[3.002,13.002,3.998,15.998],"texture":"#texture"},"down":{"uv":[3.998,15.998,3.002,13.002],"texture":"#texture"}}},{"from":[12.75,7.0625,4.25],"to":[14.125,7.5625,4.75],"rotation":{"angle":45,"axis":"x","origin":[12.75,7.5625,4.25]},"faces":{"north":{"uv":[3.002,13.002,3.998,15.998],"texture":"#texture"},"east":{"uv":[8.002,11.002,8.998,11.998],"texture":"#texture"},"south":{"uv":[3.002,13.002,3.998,15.998],"texture":"#texture"},"west":{"uv":[8.002,11.002,8.998,11.998],"texture":"#texture"},"up":{"uv":[3.002,13.002,3.998,15.998],"texture":"#texture"},"down":{"uv":[3.998,15.998,3.002,13.002],"texture":"#texture"}}},{"from":[1.5,9.25,1.5],"to":[4,9.75,2],"rotation":{"angle":22.5,"axis":"y","origin":[1.5,9.25,1.5]},"faces":{"north":{"uv":[6.002,11.002,8.998,11.998],"texture":"#texture"},"east":{"uv":[6.002,11.002,6.998,11.998],"texture":"#texture"},"south":{"uv":[6.002,11.002,8.998,11.998],"texture":"#texture"},"west":{"uv":[6.002,11.002,6.998,11.998],"texture":"#texture"},"up":{"uv":[6.002,11.002,8.998,11.998],"texture":"#texture"},"down":{"uv":[8.998,11.998,6.002,11.002],"texture":"#texture"}}},{"from":[8,8.9375,2.5],"to":[13.5,9.25,3.5],"rotation":{"angle":22.5,"axis":"y","origin":[8,8.9375,2.5]},"faces":{"north":{"uv":[14.002,1.002,14.998,4.998],"texture":"#texture"},"east":{"uv":[5.002,7.002,5.998,8.998],"texture":"#texture"},"south":{"uv":[14.002,1.002,14.998,4.998],"texture":"#texture"},"west":{"uv":[5.002,7.002,5.998,8.998],"texture":"#texture"},"up":{"uv":[14.002,1.002,14.998,4.998],"texture":"#texture"},"down":{"uv":[14.998,4.998,14.002,1.002],"texture":"#texture"}}},{"from":[12.5,9.25,0.5],"to":[15,9.75,1],"rotation":{"angle":-22.5,"axis":"y","origin":[12.5,9.25,0.5]},"faces":{"north":{"uv":[6.002,11.002,8.998,11.998],"texture":"#texture"},"east":{"uv":[6.002,11.002,6.998,11.998],"texture":"#texture"},"south":{"uv":[6.002,11.002,8.998,11.998],"texture":"#texture"},"west":{"uv":[6.002,11.002,6.998,11.998],"texture":"#texture"},"up":{"uv":[6.002,11.002,8.998,11.998],"texture":"#texture"},"down":{"uv":[8.998,11.998,6.002,11.002],"texture":"#texture"}}},{"from":[12.5,8.4375,0.5],"to":[15,8.9375,1],"rotation":{"angle":-22.5,"axis":"y","origin":[12.5,8.4375,0.5]},"faces":{"north":{"uv":[6.002,11.002,8.998,11.998],"texture":"#texture"},"east":{"uv":[6.002,11.002,6.998,11.998],"texture":"#texture"},"south":{"uv":[6.002,11.002,8.998,11.998],"texture":"#texture"},"west":{"uv":[6.002,11.002,6.998,11.998],"texture":"#texture"},"up":{"uv":[6.002,11.002,8.998,11.998],"texture":"#texture"},"down":{"uv":[8.998,11.998,6.002,11.002],"texture":"#texture"}}},{"from":[14.75,9.3125,1.4375],"to":[19.75,9.6875,1.875],"rotation":{"angle":-45,"axis":"y","origin":[14.75,9.3125,1.4375]},"faces":{"north":{"uv":[6.002,11.002,9.998,11.998],"texture":"#texture"},"east":{"uv":[6.002,11.002,6.998,11.998],"texture":"#texture"},"south":{"uv":[6.002,11.002,9.998,11.998],"texture":"#texture"},"west":{"uv":[6.002,11.002,6.998,11.998],"texture":"#texture"},"up":{"uv":[6.002,11.002,9.998,11.998],"texture":"#texture"},"down":{"uv":[9.998,11.998,6.002,11.002],"texture":"#texture"}}},{"from":[14.6875,8.5,1.4375],"to":[19.6875,8.875,1.875],"rotation":{"angle":-45,"axis":"y","origin":[14.6875,8.5,1.4375]},"faces":{"north":{"uv":[6.002,11.002,9.998,11.998],"texture":"#texture"},"east":{"uv":[6.002,11.002,6.998,11.998],"texture":"#texture"},"south":{"uv":[6.002,11.002,9.998,11.998],"texture":"#texture"},"west":{"uv":[6.002,11.002,6.998,11.998],"texture":"#texture"},"up":{"uv":[6.002,11.002,9.998,11.998],"texture":"#texture"},"down":{"uv":[9.998,11.998,6.002,11.002],"texture":"#texture"}}},{"from":[7.5,9.6875,12.75],"to":[8.5,10.6875,13.75],"faces":{"north":{"uv":[1.002,1.002,2.998,2.998],"texture":"#texture"},"east":{"uv":[1.002,1.002,2.998,2.998],"texture":"#texture"},"south":{"uv":[9.002,4.002,12.998,7.998],"rotation":90,"texture":"#crafting_table_front"},"west":{"uv":[1.002,1.002,2.998,2.998],"texture":"#texture"},"up":{"uv":[1.002,1.002,2.998,2.998],"texture":"#texture"},"down":{"uv":[1.002,1.002,2.998,2.998],"texture":"#texture"}}},{"from":[3,7.125,4.1875],"to":[13,7.3125,4.375],"faces":{"north":{"uv":[13.002,9.002,13.998,13.998],"texture":"#texture"},"east":{"uv":[13.002,9.002,13.998,13.998],"texture":"#texture"},"south":{"uv":[13.002,9.002,13.998,13.998],"texture":"#texture"},"west":{"uv":[13.002,9.002,13.998,13.998],"texture":"#texture"},"up":{"uv":[13.002,9.002,13.998,13.998],"texture":"#texture"},"down":{"uv":[13.002,9.002,13.998,13.998],"texture":"#texture"}}},{"from":[3.0625,7.125,4.875],"to":[13.0625,7.3125,5.0625],"faces":{"north":{"uv":[13.002,9.002,13.998,13.998],"texture":"#texture"},"east":{"uv":[13.002,9.002,13.998,13.998],"texture":"#texture"},"south":{"uv":[13.002,9.002,13.998,13.998],"texture":"#texture"},"west":{"uv":[13.002,9.002,13.998,13.998],"texture":"#texture"},"up":{"uv":[13.002,9.002,13.998,13.998],"texture":"#texture"},"down":{"uv":[13.002,9.002,13.998,13.998],"texture":"#texture"}}},{"from":[12,8.375,0.0625],"to":[13,9.875,1.0625],"rotation":{"angle":-22.5,"axis":"y","origin":[12,8.375,0.0625]},"faces":{"north":{"uv":[5.002,7.002,6.998,8.998],"texture":"#texture"},"east":{"uv":[4.002,7.002,5.998,8.998],"texture":"#texture"},"south":{"uv":[4.002,7.002,5.998,8.998],"texture":"#texture"},"west":{"uv":[4.002,7.002,5.998,8.998],"texture":"#texture"},"up":{"uv":[5.002,7.002,6.998,8.998],"texture":"#texture"},"down":{"uv":[5.998,8.998,4.002,7.002],"texture":"#texture"}}}],"display":{"thirdperson_righthand":{"translation":[0,0.5,-4.25],"scale":[0.63,0.63,0.69]},"thirdperson_lefthand":{"translation":[0,0.5,-4.25],"scale":[0.63,0.63,0.69]},"firstperson_righthand":{"translation":[0,1.5,0],"scale":[0.86,0.86,0.9]},"firstperson_lefthand":{"translation":[0,1.5,0],"scale":[0.86,0.86,0.9]},"ground":{"scale":[4,4,4]},"gui":{"rotation":[33,-29,-4],"translation":[-0.75,0.8,-0.2],"scale":[0.78,0.79,0.8]},"head":{"rotation":[90,0,0],"translation":[-2,-8.6,2.2]},"fixed":{"rotation":[90,180,0],"scale":[2,2,2]}}}