{"textures":{"texture":"items/salmon"},"elements":[{"from":[-1.375,8.875,7.625],"to":[0.5,9.625,8.375],"faces":{"north":{"uv":[3.875,13.3125,3.40625,13.5],"texture":"#texture"},"east":{"uv":[3.40625,8.0625,3.21875,8.25],"texture":"#texture"},"south":{"uv":[6.28125,13.625,6.75,13.8125],"texture":"#texture"},"west":{"uv":[6.28125,13.125,6.46875,13.3125],"texture":"#texture"},"up":{"uv":[3.875,13.5,4.34375,13.3125],"texture":"#texture"},"down":{"uv":[4.34375,13.3125,4.8125,13.5],"texture":"#texture"}}},{"from":[-1.25,8.75,7.75],"to":[0.5,8.875,8.25],"faces":{"north":{"uv":[6.84375,10.71875,6.40625,10.75],"texture":"#texture"},"east":{"uv":[6.25,12.78125,6.125,12.8125],"texture":"#texture"},"south":{"uv":[3.5,8.5625,3.9375,8.59375],"texture":"#texture"},"west":{"uv":[6.125,12.75,6.25,12.78125],"texture":"#texture"},"up":{"uv":[2.5,11.9375,2.9375,11.8125],"texture":"#texture"},"down":{"uv":[1.5625,11.8125,2,11.9375],"texture":"#texture"}}},{"from":[-1.25,9,7.5],"to":[0.5,9.5,7.625],"faces":{"north":{"uv":[1.0625,11.8125,0.625,11.9375],"texture":"#texture"},"east":{"uv":[3.5,8,3.46875,8.125],"texture":"#texture"},"south":{"uv":[1.0625,11.8125,1.5,11.9375],"texture":"#texture"},"west":{"uv":[4.34375,9.25,4.375,9.375],"texture":"#texture"},"up":{"uv":[3.5,8.625,3.9375,8.59375],"texture":"#texture"},"down":{"uv":[3.5,8.53125,3.9375,8.5625],"texture":"#texture"}}},{"from":[-1.25,9,8.375],"to":[0.5,9.5,8.5],"faces":{"north":{"uv":[2.4375,11.8125,2,11.9375],"texture":"#texture"},"east":{"uv":[4.375,8.125,4.34375,8.25],"texture":"#texture"},"south":{"uv":[2.9375,11.8125,3.375,11.9375],"texture":"#texture"},"west":{"uv":[3.4375,8,3.46875,8.125],"texture":"#texture"},"up":{"uv":[6.40625,10.625,6.84375,10.59375],"texture":"#texture"},"down":{"uv":[3.5,8.34375,3.9375,8.375],"texture":"#texture"}}},{"from":[-1.25,9.625,7.75],"to":[0.5,9.75,8.25],"faces":{"north":{"uv":[6.84375,10.625,6.40625,10.65625],"texture":"#texture"},"east":{"uv":[3.375,9.53125,3.25,9.5625],"texture":"#texture"},"south":{"uv":[3.5,8.4375,3.9375,8.46875],"texture":"#texture"},"west":{"uv":[6.125,12.8125,6.25,12.84375],"texture":"#texture"},"up":{"uv":[2.625,10.40625,3.0625,10.28125],"texture":"#texture"},"down":{"uv":[2.625,10.40625,3.0625,10.53125],"texture":"#texture"}}},{"from":[0.5,8.875,7.75],"to":[17.25,9.5,8.25],"faces":{"north":{"uv":[11.0625,15.09375,6.875,15.25],"texture":"#texture"},"east":{"uv":[3.8125,10.21875,3.6875,10.375],"texture":"#texture"},"south":{"uv":[11.0625,15.09375,15.25,15.25],"texture":"#texture"},"west":{"uv":[3.8125,10.21875,3.9375,10.375],"texture":"#texture"},"up":{"uv":[6.875,14.96875,11.0625,14.84375],"texture":"#texture"},"down":{"uv":[11.0625,14.96875,15.25,15.09375],"texture":"#texture"}}},{"from":[0.5,9,7.625],"to":[17.25,9.5,7.75],"faces":{"north":{"uv":[15.25,14.84375,11.0625,14.96875],"texture":"#texture"},"east":{"uv":[6.53125,12.15625,6.5,12.28125],"texture":"#texture"},"south":{"uv":[6.875,14.96875,11.0625,15.09375],"texture":"#texture"},"west":{"uv":[6.53125,12.15625,6.5625,12.28125],"texture":"#texture"},"up":{"uv":[6.875,14.0625,11.0625,14.03125],"texture":"#texture"},"down":{"uv":[11.0625,14.03125,15.25,14.0625],"texture":"#texture"}}},{"from":[0.5,9,8.25],"to":[17.25,9.5,8.375],"faces":{"north":{"uv":[15.25,14.71875,11.0625,14.84375],"texture":"#texture"},"east":{"uv":[6.46875,12.15625,6.4375,12.28125],"texture":"#texture"},"south":{"uv":[6.875,14.71875,11.0625,14.84375],"texture":"#texture"},"west":{"uv":[6.46875,12.15625,6.5,12.28125],"texture":"#texture"},"up":{"uv":[6.875,14.09375,11.0625,14.0625],"texture":"#texture"},"down":{"uv":[11.0625,14.0625,15.25,14.09375],"texture":"#texture"}}},{"from":[0.5,9.5,7.75],"to":[0.625,9.625,8.25],"faces":{"north":{"uv":[4.34375,8.34375,4.3125,8.375],"texture":"#texture"},"east":{"uv":[3.375,9.59375,3.25,9.625],"texture":"#texture"},"south":{"uv":[4.3125,8.375,4.34375,8.40625],"texture":"#texture"},"west":{"uv":[3.25,9.5625,3.375,9.59375],"texture":"#texture"},"up":{"uv":[3.375,9.53125,3.40625,9.40625],"texture":"#texture"},"down":{"uv":[6.4375,13,6.46875,13.125],"texture":"#texture"}}},{"from":[2,9.25,7.5],"to":[2.375,10.25,7.625],"faces":{"north":{"uv":[3.6875,10.21875,3.59375,10.46875],"texture":"#texture"},"east":{"uv":[6.875,15.25,6.84375,15.5],"texture":"#texture"},"south":{"uv":[3.9375,10.21875,4.03125,10.46875],"texture":"#texture"},"west":{"uv":[0.84375,8.03125,0.875,8.28125],"texture":"#texture"},"up":{"uv":[5.78125,13.1875,5.875,13.15625],"texture":"#texture"},"down":{"uv":[3.59375,10.15625,3.6875,10.1875],"texture":"#texture"}}},{"from":[2,9.25,8.375],"to":[2.375,10.25,8.5],"faces":{"north":{"uv":[3.40625,13.125,3.3125,13.375],"texture":"#texture"},"east":{"uv":[6.84375,12.28125,6.8125,12.53125],"texture":"#texture"},"south":{"uv":[4.03125,10.21875,4.125,10.46875],"texture":"#texture"},"west":{"uv":[6.84375,15,6.875,15.25],"texture":"#texture"},"up":{"uv":[3.3125,11.125,3.40625,11.09375],"texture":"#texture"},"down":{"uv":[3.3125,9.28125,3.40625,9.3125],"texture":"#texture"}}},{"from":[2,9.5,7.625],"to":[2.375,10.25,8.375],"faces":{"north":{"uv":[4.21875,10.28125,4.125,10.46875],"texture":"#texture"},"east":{"uv":[6.84375,13.3125,6.65625,13.5],"texture":"#texture"},"south":{"uv":[2.125,8,2.21875,8.1875],"texture":"#texture"},"west":{"uv":[6.46875,13.125,6.65625,13.3125],"texture":"#texture"},"up":{"uv":[4.21875,10.46875,4.3125,10.28125],"texture":"#texture"},"down":{"uv":[3.40625,8.78125,3.5,8.96875],"texture":"#texture"}}},{"from":[2.125,10.25,7.5],"to":[3,10.375,8.5],"faces":{"north":{"uv":[6.125,10.15625,5.90625,10.1875],"texture":"#texture"},"east":{"uv":[4.625,8.09375,4.375,8.125],"texture":"#texture"},"south":{"uv":[4.875,10.125,5.09375,10.15625],"texture":"#texture"},"west":{"uv":[4.375,8.125,4.625,8.15625],"texture":"#texture"},"up":{"uv":[0.4375,8.28125,0.65625,8.03125],"texture":"#texture"},"down":{"uv":[3.1875,13.8125,3.40625,14.0625],"texture":"#texture"}}},{"from":[2.125,10.375,7.5],"to":[2.875,10.5,8.5],"faces":{"north":{"uv":[5.59375,10.09375,5.40625,10.125],"texture":"#texture"},"east":{"uv":[4.90625,10.1875,4.65625,10.21875],"texture":"#texture"},"south":{"uv":[5.59375,10.09375,5.78125,10.125],"texture":"#texture"},"west":{"uv":[4.375,8,4.625,8.03125],"texture":"#texture"},"up":{"uv":[1.59375,8.25,1.78125,8],"texture":"#texture"},"down":{"uv":[0.65625,8.03125,0.84375,8.28125],"texture":"#texture"}}},{"from":[2.25,10.5,7.5],"to":[2.75,10.625,8.5],"faces":{"north":{"uv":[6.4375,12.15625,6.3125,12.1875],"texture":"#texture"},"east":{"uv":[5.65625,10.1875,5.40625,10.21875],"texture":"#texture"},"south":{"uv":[5.6875,12.3125,5.8125,12.34375],"texture":"#texture"},"west":{"uv":[5.15625,10.1875,5.40625,10.21875],"texture":"#texture"},"up":{"uv":[6.4375,12.53125,6.5625,12.28125],"texture":"#texture"},"down":{"uv":[6.5625,12.28125,6.6875,12.53125],"texture":"#texture"}}},{"from":[2.625,10.125,7.5],"to":[3.125,10.25,8.5],"faces":{"north":{"uv":[6.25,12.84375,6.125,12.875],"texture":"#texture"},"east":{"uv":[6.65625,10.1875,6.40625,10.21875],"texture":"#texture"},"south":{"uv":[6.75,13.625,6.875,13.65625],"texture":"#texture"},"west":{"uv":[4.90625,10.1875,5.15625,10.21875],"texture":"#texture"},"up":{"uv":[1.78125,8.25,1.90625,8],"texture":"#texture"},"down":{"uv":[6.3125,12.28125,6.4375,12.53125],"texture":"#texture"}}},{"from":[2.75,9.875,7.5],"to":[3.25,10.125,8.5],"faces":{"north":{"uv":[3.375,13.375,3.25,13.4375],"texture":"#texture"},"east":{"uv":[2.25,13.125,2,13.1875],"texture":"#texture"},"south":{"uv":[3.1875,11.09375,3.3125,11.15625],"texture":"#texture"},"west":{"uv":[3.0625,13.125,3.3125,13.1875],"texture":"#texture"},"up":{"uv":[6.5625,12.125,6.6875,11.875],"texture":"#texture"},"down":{"uv":[6.6875,11.875,6.8125,12.125],"texture":"#texture"}}},{"from":[2.875,9.375,7.5],"to":[17.25,9.75,7.625],"faces":{"north":{"uv":[14.0625,14.53125,10.46875,14.625],"texture":"#texture"},"east":{"uv":[3.40625,8.4375,3.375,8.53125],"texture":"#texture"},"south":{"uv":[6.875,14.53125,10.46875,14.625],"texture":"#texture"},"west":{"uv":[4.65625,10,4.6875,10.09375],"texture":"#texture"},"up":{"uv":[10.46875,14,14.0625,13.96875],"texture":"#texture"},"down":{"uv":[6.875,13.96875,10.46875,14],"texture":"#texture"}}},{"from":[2.875,9.375,8.375],"to":[17.25,9.75,8.5],"faces":{"north":{"uv":[14.0625,14.625,10.46875,14.71875],"texture":"#texture"},"east":{"uv":[4.6875,9.53125,4.65625,9.625],"texture":"#texture"},"south":{"uv":[6.875,14.625,10.46875,14.71875],"texture":"#texture"},"west":{"uv":[4.65625,9.4375,4.6875,9.53125],"texture":"#texture"},"up":{"uv":[10.46875,14.03125,14.0625,14],"texture":"#texture"},"down":{"uv":[6.875,14,10.46875,14.03125],"texture":"#texture"}}},{"from":[2.875,9.5,7.625],"to":[17.25,9.75,8.375],"faces":{"north":{"uv":[10.46875,14.28125,6.875,14.34375],"texture":"#texture"},"east":{"uv":[3.375,13.75,3.1875,13.8125],"texture":"#texture"},"south":{"uv":[10.46875,14.28125,14.0625,14.34375],"texture":"#texture"},"west":{"uv":[3.1875,14.0625,3.375,14.125],"texture":"#texture"},"up":{"uv":[6.875,16,10.46875,15.8125],"texture":"#texture"},"down":{"uv":[10.46875,15.8125,14.0625,16],"texture":"#texture"}}},{"from":[2.875,9.75,7.5],"to":[12.375,9.875,8.5],"faces":{"north":{"uv":[6.21875,12.90625,3.84375,12.9375],"texture":"#texture"},"east":{"uv":[4.625,8.5,4.375,8.53125],"texture":"#texture"},"south":{"uv":[3.84375,12.875,6.21875,12.90625],"texture":"#texture"},"west":{"uv":[4.375,8.03125,4.625,8.0625],"texture":"#texture"},"up":{"uv":[0,15.1875,2.375,14.9375],"texture":"#texture"},"down":{"uv":[0,15.1875,2.375,15.4375],"texture":"#texture"}}},{"from":[3.25,8.625,7.5],"to":[17.25,9.375,7.625],"faces":{"north":{"uv":[13.875,15.25,10.375,15.4375],"texture":"#texture"},"east":{"uv":[6.875,12.34375,6.84375,12.53125],"texture":"#texture"},"south":{"uv":[6.875,15.25,10.375,15.4375],"texture":"#texture"},"west":{"uv":[6.84375,13.3125,6.875,13.5],"texture":"#texture"},"up":{"uv":[10.375,13.96875,13.875,13.9375],"texture":"#texture"},"down":{"uv":[6.875,13.9375,10.375,13.96875],"texture":"#texture"}}},{"from":[3.25,8.625,7.625],"to":[17.25,9,7.75],"faces":{"north":{"uv":[10.375,14.34375,6.875,14.4375],"texture":"#texture"},"east":{"uv":[4.6875,9.71875,4.65625,9.8125],"texture":"#texture"},"south":{"uv":[10.375,14.34375,13.875,14.4375],"texture":"#texture"},"west":{"uv":[4.65625,9.625,4.6875,9.71875],"texture":"#texture"},"up":{"uv":[10.375,13.875,13.875,13.84375],"texture":"#texture"},"down":{"uv":[6.875,13.90625,10.375,13.9375],"texture":"#texture"}}},{"from":[3.25,8.625,7.75],"to":[17.25,8.875,8.5],"faces":{"north":{"uv":[10.375,14.21875,6.875,14.28125],"texture":"#texture"},"east":{"uv":[4.125,8.3125,3.9375,8.375],"texture":"#texture"},"south":{"uv":[10.375,14.21875,13.875,14.28125],"texture":"#texture"},"west":{"uv":[3.21875,8,3.40625,8.0625],"texture":"#texture"},"up":{"uv":[6.875,15.625,10.375,15.4375],"texture":"#texture"},"down":{"uv":[10.375,15.625,13.875,15.8125],"texture":"#texture"}}},{"from":[3.25,8.75,7],"to":[7.625,9.375,7.5],"faces":{"north":{"uv":[2.1875,11.28125,1.09375,11.4375],"texture":"#texture"},"east":{"uv":[3.40625,11.28125,3.28125,11.4375],"texture":"#texture"},"south":{"uv":[0,11.28125,1.09375,11.4375],"texture":"#texture"},"west":{"uv":[6.75,13.65625,6.875,13.8125],"texture":"#texture"},"up":{"uv":[0.4375,10.53125,1.53125,10.40625],"texture":"#texture"},"down":{"uv":[2.1875,11.3125,3.28125,11.4375],"texture":"#texture"}}},{"from":[3.25,8.75,8.5],"to":[17.25,9.5,8.75],"faces":{"north":{"uv":[10.375,15.625,6.875,15.8125],"texture":"#texture"},"east":{"uv":[6.875,12.8125,6.8125,13],"texture":"#texture"},"south":{"uv":[10.375,15.4375,13.875,15.625],"texture":"#texture"},"west":{"uv":[0.8125,8.4375,0.875,8.625],"texture":"#texture"},"up":{"uv":[10.375,14.21875,13.875,14.15625],"texture":"#texture"},"down":{"uv":[6.875,14.15625,10.375,14.21875],"texture":"#texture"}}},{"from":[3.25,8.75,8.75],"to":[9.25,8.875,8.875],"faces":{"north":{"uv":[5.03125,12,3.53125,12.03125],"texture":"#texture"},"east":{"uv":[4.34375,9.4375,4.3125,9.46875],"texture":"#texture"},"south":{"uv":[3.53125,12.09375,5.03125,12.125],"texture":"#texture"},"west":{"uv":[4.28125,9.28125,4.3125,9.3125],"texture":"#texture"},"up":{"uv":[3.53125,12.0625,5.03125,12.03125],"texture":"#texture"},"down":{"uv":[3.53125,12.0625,5.03125,12.09375],"texture":"#texture"}}},{"from":[3.25,8.75,8.875],"to":[7.625,9.375,9],"faces":{"north":{"uv":[3.03125,11.65625,1.9375,11.8125],"texture":"#texture"},"east":{"uv":[6.875,11.96875,6.84375,12.125],"texture":"#texture"},"south":{"uv":[1.9375,11.5,3.03125,11.65625],"texture":"#texture"},"west":{"uv":[6.8125,11.96875,6.84375,12.125],"texture":"#texture"},"up":{"uv":[5.78125,11.09375,6.875,11.0625],"texture":"#texture"},"down":{"uv":[5.65625,10.96875,6.75,11],"texture":"#texture"}}},{"from":[3.25,8.875,6.875],"to":[7.625,9.375,7],"faces":{"north":{"uv":[1.96875,10.15625,0.875,10.28125],"texture":"#texture"},"east":{"uv":[6.6875,12.15625,6.65625,12.28125],"texture":"#texture"},"south":{"uv":[1.53125,10.40625,2.625,10.53125],"texture":"#texture"},"west":{"uv":[6.625,12.15625,6.65625,12.28125],"texture":"#texture"},"up":{"uv":[3.40625,10.90625,4.5,10.875],"texture":"#texture"},"down":{"uv":[4.5,10.875,5.59375,10.90625],"texture":"#texture"}}},{"from":[3.25,8.875,8.25],"to":[17.25,9,8.5],"faces":{"north":{"uv":[13.875,13.875,10.375,13.90625],"texture":"#texture"},"east":{"uv":[4.34375,9.59375,4.28125,9.625],"texture":"#texture"},"south":{"uv":[6.875,13.84375,10.375,13.875],"texture":"#texture"},"west":{"uv":[4.28125,9.5625,4.34375,9.59375],"texture":"#texture"},"up":{"uv":[10.375,14.15625,13.875,14.09375],"texture":"#texture"},"down":{"uv":[6.875,14.09375,10.375,14.15625],"texture":"#texture"}}},{"from":[3.25,8.875,8.75],"to":[8.875,9,8.875],"faces":{"north":{"uv":[6.4375,12.03125,5.03125,12.0625],"texture":"#texture"},"east":{"uv":[4.65625,9.0625,4.625,9.09375],"texture":"#texture"},"south":{"uv":[5.03125,12,6.4375,12.03125],"texture":"#texture"},"west":{"uv":[4.625,9.03125,4.65625,9.0625],"texture":"#texture"},"up":{"uv":[5.03125,12.09375,6.4375,12.0625],"texture":"#texture"},"down":{"uv":[5.03125,12.09375,6.4375,12.125],"texture":"#texture"}}},{"from":[3.25,8.875,9],"to":[7.625,9.375,9.125],"faces":{"north":{"uv":[2.625,10.28125,1.53125,10.40625],"texture":"#texture"},"east":{"uv":[3.4375,8,3.40625,8.125],"texture":"#texture"},"south":{"uv":[0.4375,10.28125,1.53125,10.40625],"texture":"#texture"},"west":{"uv":[3.375,11.8125,3.40625,11.9375],"texture":"#texture"},"up":{"uv":[2.1875,11.3125,3.28125,11.28125],"texture":"#texture"},"down":{"uv":[2.21875,9.28125,3.3125,9.3125],"texture":"#texture"}}},{"from":[3.25,9,8.375],"to":[17.25,9.375,8.5],"faces":{"north":{"uv":[10.375,14.4375,6.875,14.53125],"texture":"#texture"},"east":{"uv":[4.6875,9.90625,4.65625,10],"texture":"#texture"},"south":{"uv":[10.375,14.4375,13.875,14.53125],"texture":"#texture"},"west":{"uv":[4.65625,9.8125,4.6875,9.90625],"texture":"#texture"},"up":{"uv":[10.375,13.9375,13.875,13.90625],"texture":"#texture"},"down":{"uv":[6.875,13.875,10.375,13.90625],"texture":"#texture"}}},{"from":[3.25,9,8.75],"to":[8.625,9.125,8.875],"faces":{"north":{"uv":[4.75,11.46875,3.40625,11.5],"texture":"#texture"},"east":{"uv":[4.34375,8.59375,4.3125,8.625],"texture":"#texture"},"south":{"uv":[3.40625,11.5625,4.75,11.59375],"texture":"#texture"},"west":{"uv":[4.3125,8.5625,4.34375,8.59375],"texture":"#texture"},"up":{"uv":[4.75,11.5,6.09375,11.46875],"texture":"#texture"},"down":{"uv":[4.78125,11.59375,6.125,11.625],"texture":"#texture"}}},{"from":[3.25,9.125,8.75],"to":[8.375,9.25,8.875],"faces":{"north":{"uv":[5.96875,11.21875,4.6875,11.25],"texture":"#texture"},"east":{"uv":[5.84375,12.46875,5.8125,12.5],"texture":"#texture"},"south":{"uv":[3.40625,11.21875,4.6875,11.25],"texture":"#texture"},"west":{"uv":[4.25,8.625,4.28125,8.65625],"texture":"#texture"},"up":{"uv":[3.40625,11.21875,4.6875,11.1875],"texture":"#texture"},"down":{"uv":[4.71875,11.25,6,11.28125],"texture":"#texture"}}},{"from":[3.25,9.25,8.75],"to":[8.125,9.375,8.875],"faces":{"north":{"uv":[5.84375,11.09375,4.625,11.125],"texture":"#texture"},"east":{"uv":[5.9375,10.09375,5.90625,10.125],"texture":"#texture"},"south":{"uv":[5.65625,12.53125,6.875,12.5625],"texture":"#texture"},"west":{"uv":[6.78125,10.15625,6.8125,10.1875],"texture":"#texture"},"up":{"uv":[5.65625,12.59375,6.875,12.5625],"texture":"#texture"},"down":{"uv":[3.40625,11.09375,4.625,11.125],"texture":"#texture"}}},{"from":[3.25,9.375,7.125],"to":[7.625,9.75,7.5],"faces":{"north":{"uv":[3.3125,8.53125,2.21875,8.625],"texture":"#texture"},"east":{"uv":[3.40625,9.3125,3.3125,9.40625],"texture":"#texture"},"south":{"uv":[2.21875,8.71875,3.3125,8.8125],"texture":"#texture"},"west":{"uv":[3.3125,11.125,3.40625,11.21875],"texture":"#texture"},"up":{"uv":[2.21875,8.71875,3.3125,8.625],"texture":"#texture"},"down":{"uv":[2.21875,8.34375,3.3125,8.4375],"texture":"#texture"}}},{"from":[3.25,9.375,8.75],"to":[7.625,9.75,8.875],"faces":{"north":{"uv":[3.3125,8.8125,2.21875,8.90625],"texture":"#texture"},"east":{"uv":[4.34375,8.6875,4.3125,8.78125],"texture":"#texture"},"south":{"uv":[2.21875,9.3125,3.3125,9.40625],"texture":"#texture"},"west":{"uv":[4.34375,8.03125,4.375,8.125],"texture":"#texture"},"up":{"uv":[3.40625,10.96875,4.5,10.9375],"texture":"#texture"},"down":{"uv":[3.40625,10.90625,4.5,10.9375],"texture":"#texture"}}},{"from":[3.25,9.5,8.5],"to":[8.5,9.625,8.625],"faces":{"north":{"uv":[4.71875,11.28125,3.40625,11.3125],"texture":"#texture"},"east":{"uv":[3.90625,8.28125,3.875,8.3125],"texture":"#texture"},"south":{"uv":[4.71875,11.3125,6.03125,11.34375],"texture":"#texture"},"west":{"uv":[4.3125,8.46875,4.34375,8.5],"texture":"#texture"},"up":{"uv":[4.71875,11.3125,6.03125,11.28125],"texture":"#texture"},"down":{"uv":[3.40625,11.34375,4.71875,11.375],"texture":"#texture"}}},{"from":[3.25,9.5,8.625],"to":[7.625,9.875,8.75],"faces":{"north":{"uv":[3.3125,8.25,2.21875,8.34375],"texture":"#texture"},"east":{"uv":[4.28125,8.6875,4.25,8.78125],"texture":"#texture"},"south":{"uv":[2.21875,8.4375,3.3125,8.53125],"texture":"#texture"},"west":{"uv":[4.28125,8.6875,4.3125,8.78125],"texture":"#texture"},"up":{"uv":[4.5,10.9375,5.59375,10.90625],"texture":"#texture"},"down":{"uv":[5.59375,10.90625,6.6875,10.9375],"texture":"#texture"}}},{"from":[3.25,9.625,8.5],"to":[8.125,9.75,8.625],"faces":{"north":{"uv":[4.625,11.125,3.40625,11.15625],"texture":"#texture"},"east":{"uv":[3.90625,8.0625,3.875,8.09375],"texture":"#texture"},"south":{"uv":[5.65625,12.59375,6.875,12.625],"texture":"#texture"},"west":{"uv":[3.90625,8.25,3.9375,8.28125],"texture":"#texture"},"up":{"uv":[4.65625,11.1875,5.875,11.15625],"texture":"#texture"},"down":{"uv":[4.625,11.125,5.84375,11.15625],"texture":"#texture"}}},{"from":[3.25,9.75,7.25],"to":[7.625,9.875,7.5],"faces":{"north":{"uv":[6.6875,10.9375,5.59375,10.96875],"texture":"#texture"},"east":{"uv":[4.3125,9.5,4.25,9.53125],"texture":"#texture"},"south":{"uv":[4.5,10.9375,5.59375,10.96875],"texture":"#texture"},"west":{"uv":[4.28125,9.53125,4.34375,9.5625],"texture":"#texture"},"up":{"uv":[4.53125,13.0625,5.625,13],"texture":"#texture"},"down":{"uv":[1.9375,11.4375,3.03125,11.5],"texture":"#texture"}}},{"from":[3.25,9.75,8.5],"to":[7.875,9.875,8.625],"faces":{"north":{"uv":[5.71875,11,4.5625,11.03125],"texture":"#texture"},"east":{"uv":[4.65625,8.75,4.625,8.78125],"texture":"#texture"},"south":{"uv":[3.40625,11,4.5625,11.03125],"texture":"#texture"},"west":{"uv":[4.625,8.78125,4.65625,8.8125],"texture":"#texture"},"up":{"uv":[3.40625,11.0625,4.5625,11.03125],"texture":"#texture"},"down":{"uv":[5.71875,11.03125,6.875,11.0625],"texture":"#texture"}}},{"from":[3.375,8.5,7.5],"to":[17.25,8.625,8.5],"faces":{"north":{"uv":[6.875,14.40625,3.40625,14.4375],"texture":"#texture"},"east":{"uv":[6.875,13.875,6.625,13.90625],"texture":"#texture"},"south":{"uv":[3.40625,14.46875,6.875,14.5],"texture":"#texture"},"west":{"uv":[4.375,8.75,4.625,8.78125],"texture":"#texture"},"up":{"uv":[3.40625,16,6.875,15.75],"texture":"#texture"},"down":{"uv":[3.40625,15.5,6.875,15.75],"texture":"#texture"}}},{"from":[3.375,8.625,7.25],"to":[17.25,8.75,7.5],"faces":{"north":{"uv":[6.875,14.3125,3.40625,14.34375],"texture":"#texture"},"east":{"uv":[4.34375,9.65625,4.28125,9.6875],"texture":"#texture"},"south":{"uv":[3.40625,14.34375,6.875,14.375],"texture":"#texture"},"west":{"uv":[4.21875,9.28125,4.28125,9.3125],"texture":"#texture"},"up":{"uv":[3.40625,15,6.875,14.9375],"texture":"#texture"},"down":{"uv":[3.40625,14.75,6.875,14.8125],"texture":"#texture"}}},{"from":[3.375,8.625,8.5],"to":[17.25,8.75,8.75],"faces":{"north":{"uv":[6.875,14.375,3.40625,14.40625],"texture":"#texture"},"east":{"uv":[3.40625,10.78125,3.34375,10.8125],"texture":"#texture"},"south":{"uv":[3.40625,14.4375,6.875,14.46875],"texture":"#texture"},"west":{"uv":[3.34375,10.8125,3.40625,10.84375],"texture":"#texture"},"up":{"uv":[3.40625,14.875,6.875,14.8125],"texture":"#texture"},"down":{"uv":[3.40625,14.875,6.875,14.9375],"texture":"#texture"}}},{"from":[3.5,8.375,7.5],"to":[17.25,8.5,8.5],"faces":{"north":{"uv":[6.84375,14.28125,3.40625,14.3125],"texture":"#texture"},"east":{"uv":[5.90625,10.15625,5.65625,10.1875],"texture":"#texture"},"south":{"uv":[3.40625,14.125,6.84375,14.15625],"texture":"#texture"},"west":{"uv":[5.40625,10.15625,5.65625,10.1875],"texture":"#texture"},"up":{"uv":[3.40625,15.5,6.84375,15.25],"texture":"#texture"},"down":{"uv":[3.40625,15,6.84375,15.25],"texture":"#texture"}}},{"from":[3.5,8.5,7.125],"to":[12.625,8.75,7.25],"faces":{"north":{"uv":[2.71875,10.90625,0.4375,10.96875],"texture":"#texture"},"east":{"uv":[3.1875,13.75,3.15625,13.8125],"texture":"#texture"},"south":{"uv":[0.4375,11.03125,2.71875,11.09375],"texture":"#texture"},"west":{"uv":[3.375,14.0625,3.40625,14.125],"texture":"#texture"},"up":{"uv":[3.84375,12.75,6.125,12.71875],"texture":"#texture"},"down":{"uv":[3.84375,12.75,6.125,12.78125],"texture":"#texture"}}},{"from":[3.5,8.5,7.25],"to":[17.25,8.625,7.5],"faces":{"north":{"uv":[6.84375,14.15625,3.40625,14.1875],"texture":"#texture"},"east":{"uv":[3.40625,10.09375,3.34375,10.125],"texture":"#texture"},"south":{"uv":[3.40625,14.21875,6.84375,14.25],"texture":"#texture"},"west":{"uv":[3.34375,10.125,3.40625,10.15625],"texture":"#texture"},"up":{"uv":[3.40625,14.6875,6.84375,14.625],"texture":"#texture"},"down":{"uv":[3.40625,14.6875,6.84375,14.75],"texture":"#texture"}}},{"from":[3.5,8.5,8.5],"to":[17.25,8.625,8.75],"faces":{"north":{"uv":[6.84375,14.25,3.40625,14.28125],"texture":"#texture"},"east":{"uv":[6.875,14.0625,6.8125,14.09375],"texture":"#texture"},"south":{"uv":[3.40625,14.1875,6.84375,14.21875],"texture":"#texture"},"west":{"uv":[3.34375,10.0625,3.40625,10.09375],"texture":"#texture"},"up":{"uv":[3.40625,14.5625,6.84375,14.5],"texture":"#texture"},"down":{"uv":[3.40625,14.5625,6.84375,14.625],"texture":"#texture"}}},{"from":[3.5,8.5,8.75],"to":[12.625,8.75,8.875],"faces":{"north":{"uv":[3.1875,11.09375,0.90625,11.15625],"texture":"#texture"},"east":{"uv":[6.84375,12.625,6.8125,12.6875],"texture":"#texture"},"south":{"uv":[0.4375,10.84375,2.71875,10.90625],"texture":"#texture"},"west":{"uv":[5.65625,13,5.6875,13.0625],"texture":"#texture"},"up":{"uv":[3.84375,12.84375,6.125,12.8125],"texture":"#texture"},"down":{"uv":[3.84375,12.84375,6.125,12.875],"texture":"#texture"}}},{"from":[3.625,8.25,7.375],"to":[17.25,8.5,7.5],"faces":{"north":{"uv":[3.40625,12.5625,0,12.625],"texture":"#texture"},"east":{"uv":[3.84375,10.15625,3.8125,10.21875],"texture":"#texture"},"south":{"uv":[0,12.5,3.40625,12.5625],"texture":"#texture"},"west":{"uv":[3.78125,10.15625,3.8125,10.21875],"texture":"#texture"},"up":{"uv":[3.40625,13.96875,6.8125,13.9375],"texture":"#texture"},"down":{"uv":[3.40625,14.09375,6.8125,14.125],"texture":"#texture"}}},{"from":[3.625,8.25,7.5],"to":[17.25,8.375,8.625],"faces":{"north":{"uv":[6.8125,14.0625,3.40625,14.09375],"texture":"#texture"},"east":{"uv":[4.65625,9.65625,4.375,9.6875],"texture":"#texture"},"south":{"uv":[3.40625,14.03125,6.8125,14.0625],"texture":"#texture"},"west":{"uv":[4.375,9.625,4.65625,9.65625],"texture":"#texture"},"up":{"uv":[0,15.71875,3.40625,15.4375],"texture":"#texture"},"down":{"uv":[0,15.71875,3.40625,16],"texture":"#texture"}}},{"from":[3.625,8.375,7],"to":[7.625,8.75,7.125],"faces":{"north":{"uv":[3.21875,8.15625,2.21875,8.25],"texture":"#texture"},"east":{"uv":[6.875,11.875,6.84375,11.96875],"texture":"#texture"},"south":{"uv":[2.21875,8.0625,3.21875,8.15625],"texture":"#texture"},"west":{"uv":[4.3125,10.1875,4.34375,10.28125],"texture":"#texture"},"up":{"uv":[5.28125,13.5625,6.28125,13.53125],"texture":"#texture"},"down":{"uv":[5.28125,13.5625,6.28125,13.59375],"texture":"#texture"}}},{"from":[3.625,8.375,7.125],"to":[12.625,8.5,7.375],"faces":{"north":{"uv":[6.09375,12.625,3.84375,12.65625],"texture":"#texture"},"east":{"uv":[3.40625,10.53125,3.34375,10.5625],"texture":"#texture"},"south":{"uv":[3.84375,12.65625,6.09375,12.6875],"texture":"#texture"},"west":{"uv":[3.34375,10.5625,3.40625,10.59375],"texture":"#texture"},"up":{"uv":[0.4375,10.78125,2.6875,10.71875],"texture":"#texture"},"down":{"uv":[0.4375,10.65625,2.6875,10.71875],"texture":"#texture"}}},{"from":[3.625,8.375,8.5],"to":[17.25,8.5,8.75],"faces":{"north":{"uv":[6.8125,14,3.40625,14.03125],"texture":"#texture"},"east":{"uv":[6.875,13.96875,6.8125,14],"texture":"#texture"},"south":{"uv":[3.40625,13.96875,6.8125,14],"texture":"#texture"},"west":{"uv":[6.8125,14,6.875,14.03125],"texture":"#texture"},"up":{"uv":[0,12.6875,3.40625,12.625],"texture":"#texture"},"down":{"uv":[0,12.6875,3.40625,12.75],"texture":"#texture"}}},{"from":[3.625,8.375,8.75],"to":[12.625,8.5,8.875],"faces":{"north":{"uv":[5.65625,12.5625,3.40625,12.59375],"texture":"#texture"},"east":{"uv":[4.65625,8.21875,4.625,8.25],"texture":"#texture"},"south":{"uv":[3.40625,12.59375,5.65625,12.625],"texture":"#texture"},"west":{"uv":[4.625,8.3125,4.65625,8.34375],"texture":"#texture"},"up":{"uv":[3.40625,12.5625,5.65625,12.53125],"texture":"#texture"},"down":{"uv":[3.59375,12.5,5.84375,12.53125],"texture":"#texture"}}},{"from":[3.625,8.375,8.875],"to":[7.625,8.75,9],"faces":{"north":{"uv":[6.28125,13.71875,5.28125,13.8125],"texture":"#texture"},"east":{"uv":[6.875,13.53125,6.84375,13.625],"texture":"#texture"},"south":{"uv":[5.28125,13.625,6.28125,13.71875],"texture":"#texture"},"west":{"uv":[6.8125,11.875,6.84375,11.96875],"texture":"#texture"},"up":{"uv":[5.875,11.1875,6.875,11.15625],"texture":"#texture"},"down":{"uv":[5.28125,13.5,6.28125,13.53125],"texture":"#texture"}}},{"from":[3.625,9.375,7],"to":[7.625,9.5,7.125],"faces":{"north":{"uv":[5.40625,10.78125,4.40625,10.8125],"texture":"#texture"},"east":{"uv":[6.875,14.25,6.84375,14.28125],"texture":"#texture"},"south":{"uv":[5.40625,10.78125,6.40625,10.8125],"texture":"#texture"},"west":{"uv":[6.84375,14.28125,6.875,14.3125],"texture":"#texture"},"up":{"uv":[3.40625,10.8125,4.40625,10.78125],"texture":"#texture"},"down":{"uv":[5.46875,10.8125,6.46875,10.84375],"texture":"#texture"}}},{"from":[3.625,9.375,8.875],"to":[7.625,9.5,9],"faces":{"north":{"uv":[6.40625,10.75,5.40625,10.78125],"texture":"#texture"},"east":{"uv":[5.84375,12.34375,5.8125,12.375],"texture":"#texture"},"south":{"uv":[3.40625,10.71875,4.40625,10.75],"texture":"#texture"},"west":{"uv":[5.8125,12.4375,5.84375,12.46875],"texture":"#texture"},"up":{"uv":[4.40625,10.78125,5.40625,10.75],"texture":"#texture"},"down":{"uv":[3.40625,10.75,4.40625,10.78125],"texture":"#texture"}}},{"from":[3.625,9.75,7.125],"to":[7.625,9.875,7.25],"faces":{"north":{"uv":[5.40625,10.6875,4.40625,10.71875],"texture":"#texture"},"east":{"uv":[6.875,12.125,6.84375,12.15625],"texture":"#texture"},"south":{"uv":[5.40625,10.6875,6.40625,10.71875],"texture":"#texture"},"west":{"uv":[5.8125,12.3125,5.84375,12.34375],"texture":"#texture"},"up":{"uv":[3.40625,10.71875,4.40625,10.6875],"texture":"#texture"},"down":{"uv":[5.40625,10.71875,6.40625,10.75],"texture":"#texture"}}},{"from":[3.625,9.75,8.75],"to":[7.625,9.875,8.875],"faces":{"north":{"uv":[5.40625,10.625,4.40625,10.65625],"texture":"#texture"},"east":{"uv":[6.875,11.5625,6.84375,11.59375],"texture":"#texture"},"south":{"uv":[5.40625,10.625,6.40625,10.65625],"texture":"#texture"},"west":{"uv":[6.40625,11.6875,6.4375,11.71875],"texture":"#texture"},"up":{"uv":[3.40625,10.65625,4.40625,10.625],"texture":"#texture"},"down":{"uv":[5.40625,10.65625,6.40625,10.6875],"texture":"#texture"}}},{"from":[3.625,9.875,7.375],"to":[7.625,10,8.625],"faces":{"north":{"uv":[6.40625,10.59375,5.40625,10.625],"texture":"#texture"},"east":{"uv":[6.25,10.375,5.9375,10.40625],"texture":"#texture"},"south":{"uv":[3.40625,10.5625,4.40625,10.59375],"texture":"#texture"},"west":{"uv":[6.25,10.375,6.5625,10.40625],"texture":"#texture"},"up":{"uv":[0,14.0625,1,13.75],"texture":"#texture"},"down":{"uv":[1,13.75,2,14.0625],"texture":"#texture"}}},{"from":[3.75,8.375,6.875],"to":[7.625,8.875,7],"faces":{"north":{"uv":[2.21875,9.40625,1.25,9.53125],"texture":"#texture"},"east":{"uv":[6.625,12.15625,6.59375,12.28125],"texture":"#texture"},"south":{"uv":[2.28125,9.65625,3.25,9.78125],"texture":"#texture"},"west":{"uv":[6.5625,12.15625,6.59375,12.28125],"texture":"#texture"},"up":{"uv":[3.40625,10.53125,4.375,10.5],"texture":"#texture"},"down":{"uv":[5.40625,10.53125,6.375,10.5625],"texture":"#texture"}}},{"from":[3.75,8.375,9],"to":[7.625,8.875,9.125],"faces":{"north":{"uv":[3.1875,9.40625,2.21875,9.53125],"texture":"#texture"},"east":{"uv":[4.375,8.875,4.34375,9],"texture":"#texture"},"south":{"uv":[1.25,9.28125,2.21875,9.40625],"texture":"#texture"},"west":{"uv":[4.34375,9.125,4.375,9.25],"texture":"#texture"},"up":{"uv":[5.34375,10.53125,6.3125,10.5],"texture":"#texture"},"down":{"uv":[4.375,10.5,5.34375,10.53125],"texture":"#texture"}}},{"from":[4.375,8.125,7.125],"to":[7.625,8.375,7.375],"faces":{"north":{"uv":[3.0625,13.125,2.25,13.1875],"texture":"#texture"},"east":{"uv":[3.40625,10.90625,3.34375,10.96875],"texture":"#texture"},"south":{"uv":[1.90625,14.0625,2.71875,14.125],"texture":"#texture"},"west":{"uv":[3.34375,10.96875,3.40625,11.03125],"texture":"#texture"},"up":{"uv":[1,14.125,1.8125,14.0625],"texture":"#texture"},"down":{"uv":[1.1875,13.125,2,13.1875],"texture":"#texture"}}},{"from":[4.375,8.125,7.375],"to":[7.625,8.25,8.875],"faces":{"north":{"uv":[4.21875,9.34375,3.40625,9.375],"texture":"#texture"},"east":{"uv":[4.3125,8.1875,3.9375,8.21875],"texture":"#texture"},"south":{"uv":[6.0625,11.375,6.875,11.40625],"texture":"#texture"},"west":{"uv":[3.9375,8.21875,4.3125,8.25],"texture":"#texture"},"up":{"uv":[0.8125,13.75,1.625,13.375],"texture":"#texture"},"down":{"uv":[2.4375,13.375,3.25,13.75],"texture":"#texture"}}},{"from":[4.375,8.25,8.625],"to":[17.25,8.375,8.75],"faces":{"north":{"uv":[6.625,13.875,3.40625,13.90625],"texture":"#texture"},"east":{"uv":[6.875,10.75,6.84375,10.78125],"texture":"#texture"},"south":{"uv":[3.40625,13.90625,6.625,13.9375],"texture":"#texture"},"west":{"uv":[6.84375,10.78125,6.875,10.8125],"texture":"#texture"},"up":{"uv":[3.40625,13.875,6.625,13.84375],"texture":"#texture"},"down":{"uv":[3.40625,13.8125,6.625,13.84375],"texture":"#texture"}}},{"from":[4.375,8.25,8.75],"to":[12.625,8.375,8.875],"faces":{"north":{"uv":[5.65625,12.25,3.59375,12.28125],"texture":"#texture"},"east":{"uv":[6.875,10.6875,6.84375,10.71875],"texture":"#texture"},"south":{"uv":[3.59375,12.21875,5.65625,12.25],"texture":"#texture"},"west":{"uv":[6.84375,10.71875,6.875,10.75],"texture":"#texture"},"up":{"uv":[3.59375,12.21875,5.65625,12.1875],"texture":"#texture"},"down":{"uv":[3.59375,12.28125,5.65625,12.3125],"texture":"#texture"}}},{"from":[5.125,8.125,7],"to":[7.625,8.375,7.125],"faces":{"north":{"uv":[3.0625,12.125,2.4375,12.1875],"texture":"#texture"},"east":{"uv":[3.9375,10.15625,3.90625,10.21875],"texture":"#texture"},"south":{"uv":[2.71875,11.03125,3.34375,11.09375],"texture":"#texture"},"west":{"uv":[3.875,10.15625,3.90625,10.21875],"texture":"#texture"},"up":{"uv":[6.09375,11.59375,6.71875,11.5625],"texture":"#texture"},"down":{"uv":[6.125,11.59375,6.75,11.625],"texture":"#texture"}}},{"from":[5.125,8.125,8.875],"to":[7.625,8.375,9],"faces":{"north":{"uv":[3.34375,10.90625,2.71875,10.96875],"texture":"#texture"},"east":{"uv":[4,10.15625,3.96875,10.21875],"texture":"#texture"},"south":{"uv":[2.71875,10.84375,3.34375,10.90625],"texture":"#texture"},"west":{"uv":[3.9375,10.15625,3.96875,10.21875],"texture":"#texture"},"up":{"uv":[6.09375,11.53125,6.71875,11.5],"texture":"#texture"},"down":{"uv":[6.09375,11.53125,6.71875,11.5625],"texture":"#texture"}}},{"from":[7.625,8.25,7.125],"to":[12.625,8.375,7.375],"faces":{"north":{"uv":[4.65625,11.15625,3.40625,11.1875],"texture":"#texture"},"east":{"uv":[5.03125,11.8125,4.96875,11.84375],"texture":"#texture"},"south":{"uv":[4.6875,11.1875,5.9375,11.21875],"texture":"#texture"},"west":{"uv":[4.96875,11.84375,5.03125,11.875],"texture":"#texture"},"up":{"uv":[4.53125,13.25,5.78125,13.1875],"texture":"#texture"},"down":{"uv":[4.53125,13.125,5.78125,13.1875],"texture":"#texture"}}},{"from":[7.625,8.75,7.125],"to":[9.25,8.875,7.5],"faces":{"north":{"uv":[3.34375,9.78125,2.9375,9.8125],"texture":"#texture"},"east":{"uv":[6.84375,10.96875,6.75,11],"texture":"#texture"},"south":{"uv":[3,10.15625,3.40625,10.1875],"texture":"#texture"},"west":{"uv":[3.59375,10.1875,3.6875,10.21875],"texture":"#texture"},"up":{"uv":[2.9375,9.90625,3.34375,9.8125],"texture":"#texture"},"down":{"uv":[3,10.1875,3.40625,10.28125],"texture":"#texture"}}},{"from":[7.625,8.875,7.125],"to":[8.875,9,7.5],"faces":{"north":{"uv":[5,10.375,4.6875,10.40625],"texture":"#texture"},"east":{"uv":[6.8125,11.53125,6.71875,11.5625],"texture":"#texture"},"south":{"uv":[6.28125,13.5,6.59375,13.53125],"texture":"#texture"},"west":{"uv":[6.71875,11.5,6.8125,11.53125],"texture":"#texture"},"up":{"uv":[6.5625,11.875,6.875,11.78125],"texture":"#texture"},"down":{"uv":[0.875,8,1.1875,8.09375],"texture":"#texture"}}},{"from":[7.625,9,7.125],"to":[8.625,9.125,7.5],"faces":{"north":{"uv":[4.625,8.28125,4.375,8.3125],"texture":"#texture"},"east":{"uv":[5.03125,11.71875,4.9375,11.75],"texture":"#texture"},"south":{"uv":[4.375,8.3125,4.625,8.34375],"texture":"#texture"},"west":{"uv":[4.9375,11.6875,5.03125,11.71875],"texture":"#texture"},"up":{"uv":[6.59375,13.625,6.84375,13.53125],"texture":"#texture"},"down":{"uv":[3.6875,10.375,3.9375,10.46875],"texture":"#texture"}}},{"from":[7.625,9.125,7.125],"to":[8.375,9.25,7.5],"faces":{"north":{"uv":[5.40625,10.09375,5.21875,10.125],"texture":"#texture"},"east":{"uv":[5.84375,12.375,5.75,12.40625],"texture":"#texture"},"south":{"uv":[5.03125,10.09375,5.21875,10.125],"texture":"#texture"},"west":{"uv":[4.9375,11.75,5.03125,11.78125],"texture":"#texture"},"up":{"uv":[6.6875,12.28125,6.875,12.1875],"texture":"#texture"},"down":{"uv":[6.46875,13.03125,6.65625,13.125],"texture":"#texture"}}},{"from":[7.625,9.25,7.125],"to":[8.125,9.375,7.5],"faces":{"north":{"uv":[6.25,12.625,6.125,12.65625],"texture":"#texture"},"east":{"uv":[5.875,13.125,5.78125,13.15625],"texture":"#texture"},"south":{"uv":[5.6875,12.34375,5.8125,12.375],"texture":"#texture"},"west":{"uv":[5.75,12.40625,5.84375,12.4375],"texture":"#texture"},"up":{"uv":[6.3125,12.28125,6.4375,12.1875],"texture":"#texture"},"down":{"uv":[6.125,12.65625,6.25,12.75],"texture":"#texture"}}},{"from":[7.625,9.375,7.25],"to":[17.25,9.5,7.5],"faces":{"north":{"uv":[6.25,12.96875,3.84375,13],"texture":"#texture"},"east":{"uv":[6.875,11.65625,6.8125,11.6875],"texture":"#texture"},"south":{"uv":[3.84375,12.9375,6.25,12.96875],"texture":"#texture"},"west":{"uv":[4.96875,11.78125,5.03125,11.8125],"texture":"#texture"},"up":{"uv":[0.90625,11.21875,3.3125,11.15625],"texture":"#texture"},"down":{"uv":[0.90625,11.21875,3.3125,11.28125],"texture":"#texture"}}},{"from":[7.625,9.5,7.375],"to":[8.5,9.625,7.5],"faces":{"north":{"uv":[6.875,11.40625,6.65625,11.4375],"texture":"#texture"},"east":{"uv":[3.9375,8.03125,3.90625,8.0625],"texture":"#texture"},"south":{"uv":[6.09375,12.15625,6.3125,12.1875],"texture":"#texture"},"west":{"uv":[3.875,8.03125,3.90625,8.0625],"texture":"#texture"},"up":{"uv":[6.65625,10.90625,6.875,10.875],"texture":"#texture"},"down":{"uv":[4.125,10.15625,4.34375,10.1875],"texture":"#texture"}}},{"from":[7.625,9.625,7.375],"to":[8.125,9.75,7.5],"faces":{"north":{"uv":[3.40625,9.90625,3.28125,9.9375],"texture":"#texture"},"east":{"uv":[3.9375,8,3.90625,8.03125],"texture":"#texture"},"south":{"uv":[3.25,9.625,3.375,9.65625],"texture":"#texture"},"west":{"uv":[3.875,8,3.90625,8.03125],"texture":"#texture"},"up":{"uv":[3.28125,9.96875,3.40625,9.9375],"texture":"#texture"},"down":{"uv":[3.28125,9.96875,3.40625,10],"texture":"#texture"}}},{"from":[7.625,9.75,7.375],"to":[7.875,9.875,7.5],"faces":{"north":{"uv":[4.34375,9.71875,4.28125,9.75],"texture":"#texture"},"east":{"uv":[4.34375,8.0625,4.3125,8.09375],"texture":"#texture"},"south":{"uv":[4.28125,9.6875,4.34375,9.71875],"texture":"#texture"},"west":{"uv":[4.625,8.5,4.65625,8.53125],"texture":"#texture"},"up":{"uv":[6.8125,11.53125,6.875,11.5],"texture":"#texture"},"down":{"uv":[6.8125,11.625,6.875,11.65625],"texture":"#texture"}}},{"from":[7.625,9.875,7.5],"to":[12.375,10,8.5],"faces":{"north":{"uv":[5.78125,11.0625,4.59375,11.09375],"texture":"#texture"},"east":{"uv":[4.625,8.25,4.375,8.28125],"texture":"#texture"},"south":{"uv":[3.40625,11.0625,4.59375,11.09375],"texture":"#texture"},"west":{"uv":[4.375,8.15625,4.625,8.1875],"texture":"#texture"},"up":{"uv":[0,13.375,1.1875,13.125],"texture":"#texture"},"down":{"uv":[2,13.8125,3.1875,14.0625],"texture":"#texture"}}},{"from":[8,8.125,7.125],"to":[12.5,8.25,8.875],"faces":{"north":{"uv":[5.65625,10.96875,4.53125,11],"texture":"#texture"},"east":{"uv":[0.4375,8,0,8.03125],"texture":"#texture"},"south":{"uv":[3.40625,10.96875,4.53125,11],"texture":"#texture"},"west":{"uv":[6.40625,10.5625,6.84375,10.59375],"texture":"#texture"},"up":{"uv":[0,14.9375,1.125,14.5],"texture":"#texture"},"down":{"uv":[1.125,14.5,2.25,14.9375],"texture":"#texture"}}},{"from":[8.125,9.25,7.25],"to":[17.25,9.375,7.5],"faces":{"north":{"uv":[6.125,12.78125,3.84375,12.8125],"texture":"#texture"},"east":{"uv":[4.28125,9.34375,4.21875,9.375],"texture":"#texture"},"south":{"uv":[3.84375,12.6875,6.125,12.71875],"texture":"#texture"},"west":{"uv":[4.28125,9.34375,4.34375,9.375],"texture":"#texture"},"up":{"uv":[0.4375,10.84375,2.71875,10.78125],"texture":"#texture"},"down":{"uv":[0.4375,10.96875,2.71875,11.03125],"texture":"#texture"}}},{"from":[8.125,10,7.5],"to":[8.625,10.625,8.5],"faces":{"north":{"uv":[5.78125,12.15625,5.65625,12.3125],"texture":"#texture"},"east":{"uv":[6.65625,13.34375,6.40625,13.5],"texture":"#texture"},"south":{"uv":[6.4375,11.71875,6.5625,11.875],"texture":"#texture"},"west":{"uv":[6.03125,13.15625,6.28125,13.3125],"texture":"#texture"},"up":{"uv":[6.6875,12.53125,6.8125,12.28125],"texture":"#texture"},"down":{"uv":[6.4375,11.875,6.5625,12.125],"texture":"#texture"}}},{"from":[8.125,10.625,7.625],"to":[12.375,10.75,8.375],"faces":{"north":{"uv":[4.46875,10.84375,3.40625,10.875],"texture":"#texture"},"east":{"uv":[4.84375,10.09375,4.65625,10.125],"texture":"#texture"},"south":{"uv":[5.59375,10.875,6.65625,10.90625],"texture":"#texture"},"west":{"uv":[4.84375,10.09375,5.03125,10.125],"texture":"#texture"},"up":{"uv":[2.25,13.375,3.3125,13.1875],"texture":"#texture"},"down":{"uv":[1.1875,13.1875,2.25,13.375],"texture":"#texture"}}},{"from":[8.25,10.625,7.5],"to":[12.25,10.75,7.625],"faces":{"north":{"uv":[5.40625,10.71875,4.40625,10.75],"texture":"#texture"},"east":{"uv":[4.65625,8.4375,4.625,8.46875],"texture":"#texture"},"south":{"uv":[3.40625,10.65625,4.40625,10.6875],"texture":"#texture"},"west":{"uv":[4.625,8.40625,4.65625,8.4375],"texture":"#texture"},"up":{"uv":[5.28125,13.625,6.28125,13.59375],"texture":"#texture"},"down":{"uv":[2.21875,8,3.21875,8.03125],"texture":"#texture"}}},{"from":[8.25,10.625,8.375],"to":[12.25,10.75,8.5],"faces":{"north":{"uv":[5.40625,10.59375,4.40625,10.625],"texture":"#texture"},"east":{"uv":[4.65625,8.5625,4.625,8.59375],"texture":"#texture"},"south":{"uv":[4.40625,10.5625,5.40625,10.59375],"texture":"#texture"},"west":{"uv":[4.625,8.53125,4.65625,8.5625],"texture":"#texture"},"up":{"uv":[3.40625,10.625,4.40625,10.59375],"texture":"#texture"},"down":{"uv":[4.40625,10.65625,5.40625,10.6875],"texture":"#texture"}}},{"from":[8.25,10.75,7.625],"to":[12.25,10.875,8.375],"faces":{"north":{"uv":[6.40625,10.5625,5.40625,10.59375],"texture":"#texture"},"east":{"uv":[6.875,10.4375,6.6875,10.46875],"texture":"#texture"},"south":{"uv":[2.21875,8.03125,3.21875,8.0625],"texture":"#texture"},"west":{"uv":[6.6875,10.40625,6.875,10.4375],"texture":"#texture"},"up":{"uv":[2.375,15.4375,3.375,15.25],"texture":"#texture"},"down":{"uv":[2.375,15,3.375,15.1875],"texture":"#texture"}}},{"from":[8.375,8,7.125],"to":[12.375,8.125,8.875],"faces":{"north":{"uv":[5.40625,10.53125,4.40625,10.5625],"texture":"#texture"},"east":{"uv":[3.9375,8.375,3.5,8.40625],"texture":"#texture"},"south":{"uv":[3.40625,10.53125,4.40625,10.5625],"texture":"#texture"},"west":{"uv":[3.5,8.40625,3.9375,8.4375],"texture":"#texture"},"up":{"uv":[2.25,14.9375,3.25,14.5],"texture":"#texture"},"down":{"uv":[0,14.0625,1,14.5],"texture":"#texture"}}},{"from":[8.375,9.125,7.25],"to":[17.25,9.25,7.5],"faces":{"north":{"uv":[5.8125,12.4375,3.59375,12.46875],"texture":"#texture"},"east":{"uv":[4.3125,9.46875,4.25,9.5],"texture":"#texture"},"south":{"uv":[3.59375,12.46875,5.8125,12.5],"texture":"#texture"},"west":{"uv":[4.25,9.4375,4.3125,9.46875],"texture":"#texture"},"up":{"uv":[0.4375,10.65625,2.65625,10.59375],"texture":"#texture"},"down":{"uv":[0.4375,10.53125,2.65625,10.59375],"texture":"#texture"}}},{"from":[8.375,10.75,7.5],"to":[12.125,10.875,7.625],"faces":{"north":{"uv":[4.34375,9.96875,3.40625,10],"texture":"#texture"},"east":{"uv":[6.875,10.3125,6.84375,10.34375],"texture":"#texture"},"south":{"uv":[3.40625,9.84375,4.34375,9.875],"texture":"#texture"},"west":{"uv":[4.625,8.96875,4.65625,9],"texture":"#texture"},"up":{"uv":[3.40625,10.03125,4.34375,10],"texture":"#texture"},"down":{"uv":[3.40625,10.03125,4.34375,10.0625],"texture":"#texture"}}},{"from":[8.375,10.75,8.375],"to":[12.125,10.875,8.5],"faces":{"north":{"uv":[6.875,11.1875,5.9375,11.21875],"texture":"#texture"},"east":{"uv":[4.34375,8.09375,4.3125,8.125],"texture":"#texture"},"south":{"uv":[3.40625,10.46875,4.34375,10.5],"texture":"#texture"},"west":{"uv":[6.84375,10.34375,6.875,10.375],"texture":"#texture"},"up":{"uv":[3.40625,9.9375,4.34375,9.90625],"texture":"#texture"},"down":{"uv":[3.40625,9.9375,4.34375,9.96875],"texture":"#texture"}}},{"from":[8.375,10.875,7.625],"to":[12.125,11,8.375],"faces":{"north":{"uv":[4.34375,10.09375,3.40625,10.125],"texture":"#texture"},"east":{"uv":[6.875,11.46875,6.6875,11.5],"texture":"#texture"},"south":{"uv":[3.40625,10.125,4.34375,10.15625],"texture":"#texture"},"west":{"uv":[6.6875,12.15625,6.875,12.1875],"texture":"#texture"},"up":{"uv":[1,11.8125,1.9375,11.625],"texture":"#texture"},"down":{"uv":[0.625,11.9375,1.5625,12.125],"texture":"#texture"}}},{"from":[8.5,6.625,7.375],"to":[10.25,8,8.625],"faces":{"north":{"uv":[0.4375,9.65625,0,10],"texture":"#texture"},"east":{"uv":[1.90625,8.9375,1.59375,9.28125],"texture":"#texture"},"south":{"uv":[0,10,0.4375,10.34375],"texture":"#texture"},"west":{"uv":[1.90625,8.9375,2.21875,9.28125],"texture":"#texture"},"up":{"uv":[0,8.96875,0.4375,8.65625],"texture":"#texture"},"down":{"uv":[0.4375,9.65625,0.875,9.96875],"texture":"#texture"}}},{"from":[8.5,6.75,7.25],"to":[10.25,8,7.375],"faces":{"north":{"uv":[0.4375,8.96875,0,9.28125],"texture":"#texture"},"east":{"uv":[4.375,9.6875,4.34375,10],"texture":"#texture"},"south":{"uv":[0,8.34375,0.4375,8.65625],"texture":"#texture"},"west":{"uv":[3.40625,8.125,3.4375,8.4375],"texture":"#texture"},"up":{"uv":[6.40625,10.78125,6.84375,10.75],"texture":"#texture"},"down":{"uv":[6.40625,10.78125,6.84375,10.8125],"texture":"#texture"}}},{"from":[8.5,6.75,8.625],"to":[10.25,8,8.75],"faces":{"north":{"uv":[0.875,9.96875,0.4375,10.28125],"texture":"#texture"},"east":{"uv":[3.46875,8.125,3.4375,8.4375],"texture":"#texture"},"south":{"uv":[0,8.03125,0.4375,8.34375],"texture":"#texture"},"west":{"uv":[3.46875,8.46875,3.5,8.78125],"texture":"#texture"},"up":{"uv":[6.40625,10.6875,6.84375,10.65625],"texture":"#texture"},"down":{"uv":[6.40625,10.6875,6.84375,10.71875],"texture":"#texture"}}},{"from":[8.5,10.875,7.5],"to":[12,11,7.625],"faces":{"north":{"uv":[4.28125,9.59375,3.40625,9.625],"texture":"#texture"},"east":{"uv":[2.21875,8.5625,2.1875,8.59375],"texture":"#texture"},"south":{"uv":[3.40625,9.625,4.28125,9.65625],"texture":"#texture"},"west":{"uv":[2.1875,8.1875,2.21875,8.21875],"texture":"#texture"},"up":{"uv":[3.40625,9.5625,4.28125,9.53125],"texture":"#texture"},"down":{"uv":[3.40625,9.5625,4.28125,9.59375],"texture":"#texture"}}},{"from":[8.5,10.875,8.375],"to":[12,11,8.5],"faces":{"north":{"uv":[6.875,11.25,6,11.28125],"texture":"#texture"},"east":{"uv":[4.34375,8.5,4.3125,8.53125],"texture":"#texture"},"south":{"uv":[3.40625,9.65625,4.28125,9.6875],"texture":"#texture"},"west":{"uv":[4.625,8.1875,4.65625,8.21875],"texture":"#texture"},"up":{"uv":[3.40625,9.75,4.28125,9.71875],"texture":"#texture"},"down":{"uv":[3.40625,9.6875,4.28125,9.71875],"texture":"#texture"}}},{"from":[8.625,5.25,7.375],"to":[10.125,6.625,8.625],"faces":{"north":{"uv":[0.8125,9.3125,0.4375,9.65625],"texture":"#texture"},"east":{"uv":[1.90625,8.25,1.59375,8.59375],"texture":"#texture"},"south":{"uv":[0.4375,8.96875,0.8125,9.3125],"texture":"#texture"},"west":{"uv":[1.59375,8.59375,1.90625,8.9375],"texture":"#texture"},"up":{"uv":[0.875,9.09375,1.25,8.78125],"texture":"#texture"},"down":{"uv":[0.875,8.46875,1.25,8.78125],"texture":"#texture"}}},{"from":[8.625,5.375,7.25],"to":[10.125,6.75,7.375],"faces":{"north":{"uv":[1.25,9.09375,0.875,9.4375],"texture":"#texture"},"east":{"uv":[3.4375,8.4375,3.40625,8.78125],"texture":"#texture"},"south":{"uv":[0.4375,8.28125,0.8125,8.625],"texture":"#texture"},"west":{"uv":[3.4375,8.4375,3.46875,8.78125],"texture":"#texture"},"up":{"uv":[4.71875,10.5,5.09375,10.46875],"texture":"#texture"},"down":{"uv":[3.9375,8.03125,4.3125,8.0625],"texture":"#texture"}}},{"from":[8.625,5.375,8.625],"to":[10.125,6.75,8.75],"faces":{"north":{"uv":[1.25,9.4375,0.875,9.78125],"texture":"#texture"},"east":{"uv":[2.21875,8.59375,2.1875,8.9375],"texture":"#texture"},"south":{"uv":[0.4375,8.625,0.8125,8.96875],"texture":"#texture"},"west":{"uv":[2.1875,8.21875,2.21875,8.5625],"texture":"#texture"},"up":{"uv":[6.21875,10.5,6.59375,10.46875],"texture":"#texture"},"down":{"uv":[5.09375,10.46875,5.46875,10.5],"texture":"#texture"}}},{"from":[8.625,7.875,7.125],"to":[12,8,7.25],"faces":{"north":{"uv":[4.25,9.40625,3.40625,9.4375],"texture":"#texture"},"east":{"uv":[3.40625,9.59375,3.375,9.625],"texture":"#texture"},"south":{"uv":[3.40625,9.4375,4.25,9.46875],"texture":"#texture"},"west":{"uv":[3.375,9.625,3.40625,9.65625],"texture":"#texture"},"up":{"uv":[6.03125,11.34375,6.875,11.3125],"texture":"#texture"},"down":{"uv":[3.40625,9.46875,4.25,9.5],"texture":"#texture"}}},{"from":[8.625,7.875,8.75],"to":[12,8,8.875],"faces":{"north":{"uv":[4.25,9.5,3.40625,9.53125],"texture":"#texture"},"east":{"uv":[6.125,12.625,6.09375,12.65625],"texture":"#texture"},"south":{"uv":[6.03125,11.28125,6.875,11.3125],"texture":"#texture"},"west":{"uv":[6.21875,12.90625,6.25,12.9375],"texture":"#texture"},"up":{"uv":[3.40625,9.40625,4.25,9.375],"texture":"#texture"},"down":{"uv":[6.03125,11.34375,6.875,11.375],"texture":"#texture"}}},{"from":[8.625,9,7.25],"to":[17.25,9.125,7.5],"faces":{"north":{"uv":[5.75,12.40625,3.59375,12.4375],"texture":"#texture"},"east":{"uv":[4.34375,9.625,4.28125,9.65625],"texture":"#texture"},"south":{"uv":[3.59375,12.375,5.75,12.40625],"texture":"#texture"},"west":{"uv":[6.8125,11.53125,6.875,11.5625],"texture":"#texture"},"up":{"uv":[0.875,10.15625,3.03125,10.09375],"texture":"#texture"},"down":{"uv":[0.875,10.03125,3.03125,10.09375],"texture":"#texture"}}},{"from":[8.625,10,7.625],"to":[12.375,10.125,8.375],"faces":{"north":{"uv":[4.34375,10.0625,3.40625,10.09375],"texture":"#texture"},"east":{"uv":[6.875,10.90625,6.6875,10.9375],"texture":"#texture"},"south":{"uv":[3.40625,9.875,4.34375,9.90625],"texture":"#texture"},"west":{"uv":[6.46875,13,6.65625,13.03125],"texture":"#texture"},"up":{"uv":[1.5625,12.125,2.5,11.9375],"texture":"#texture"},"down":{"uv":[1,11.4375,1.9375,11.625],"texture":"#texture"}}},{"from":[8.625,10.125,7.625],"to":[8.75,10.625,8.375],"faces":{"north":{"uv":[4.375,8.75,4.34375,8.875],"texture":"#texture"},"east":{"uv":[3.375,9.40625,3.1875,9.53125],"texture":"#texture"},"south":{"uv":[4.34375,8.625,4.375,8.75],"texture":"#texture"},"west":{"uv":[5.6875,13,5.875,13.125],"texture":"#texture"},"up":{"uv":[3.375,15.1875,3.40625,15],"texture":"#texture"},"down":{"uv":[3.375,15.25,3.40625,15.4375],"texture":"#texture"}}},{"from":[8.75,10.5,7.625],"to":[12.375,10.625,8.375],"faces":{"north":{"uv":[4.3125,9.78125,3.40625,9.8125],"texture":"#texture"},"east":{"uv":[6.8125,10.125,6.625,10.15625],"texture":"#texture"},"south":{"uv":[3.40625,9.75,4.3125,9.78125],"texture":"#texture"},"west":{"uv":[6.6875,10.25,6.875,10.28125],"texture":"#texture"},"up":{"uv":[2.5,12.125,3.40625,11.9375],"texture":"#texture"},"down":{"uv":[0,11.09375,0.90625,11.28125],"texture":"#texture"}}},{"from":[8.875,8.875,7.25],"to":[17.25,9,7.5],"faces":{"north":{"uv":[5.6875,12.34375,3.59375,12.375],"texture":"#texture"},"east":{"uv":[4.3125,9.375,4.25,9.40625],"texture":"#texture"},"south":{"uv":[3.59375,12.3125,5.6875,12.34375],"texture":"#texture"},"west":{"uv":[4.25,9.40625,4.3125,9.4375],"texture":"#texture"},"up":{"uv":[0.875,9.96875,2.96875,9.90625],"texture":"#texture"},"down":{"uv":[0.875,9.96875,2.96875,10.03125],"texture":"#texture"}}},{"from":[9.25,8.75,7.25],"to":[17.25,8.875,7.5],"faces":{"north":{"uv":[5.59375,12.15625,3.59375,12.1875],"texture":"#texture"},"east":{"uv":[4.34375,9.3125,4.28125,9.34375],"texture":"#texture"},"south":{"uv":[3.40625,12.125,5.40625,12.15625],"texture":"#texture"},"west":{"uv":[4.21875,9.3125,4.28125,9.34375],"texture":"#texture"},"up":{"uv":[1.25,9.65625,3.25,9.59375],"texture":"#texture"},"down":{"uv":[1.25,9.53125,3.25,9.59375],"texture":"#texture"}}},{"from":[10.125,6.625,7.25],"to":[10.25,6.75,7.375],"faces":{"north":{"uv":[6.84375,10.125,6.8125,10.15625],"texture":"#texture"},"east":{"uv":[5.84375,10.09375,5.8125,10.125],"texture":"#texture"},"south":{"uv":[6.84375,10.125,6.875,10.15625],"texture":"#texture"},"west":{"uv":[5.78125,10.09375,5.8125,10.125],"texture":"#texture"},"up":{"uv":[6.84375,10.1875,6.875,10.15625],"texture":"#texture"},"down":{"uv":[6.8125,10.15625,6.84375,10.1875],"texture":"#texture"}}},{"from":[10.125,6.625,8.625],"to":[10.25,6.75,8.75],"faces":{"north":{"uv":[3.9375,8.0625,3.90625,8.09375],"texture":"#texture"},"east":{"uv":[4.34375,8.03125,4.3125,8.0625],"texture":"#texture"},"south":{"uv":[5.625,10.40625,5.65625,10.4375],"texture":"#texture"},"west":{"uv":[4.3125,8,4.34375,8.03125],"texture":"#texture"},"up":{"uv":[5.9375,10.125,5.96875,10.09375],"texture":"#texture"},"down":{"uv":[5.84375,10.09375,5.875,10.125],"texture":"#texture"}}},{"from":[10.25,6.875,7.375],"to":[12.875,7.125,8.625],"faces":{"north":{"uv":[2.4375,12.125,1.78125,12.1875],"texture":"#texture"},"east":{"uv":[3.34375,10.53125,3.03125,10.59375],"texture":"#texture"},"south":{"uv":[1.125,12.125,1.78125,12.1875],"texture":"#texture"},"west":{"uv":[3.03125,10.09375,3.34375,10.15625],"texture":"#texture"},"up":{"uv":[1.125,12.5,1.78125,12.1875],"texture":"#texture"},"down":{"uv":[1.78125,12.1875,2.4375,12.5],"texture":"#texture"}}},{"from":[10.25,7.125,7.375],"to":[12.75,7.375,8.625],"faces":{"north":{"uv":[3.34375,10.78125,2.71875,10.84375],"texture":"#texture"},"east":{"uv":[4.34375,9.09375,4.03125,9.15625],"texture":"#texture"},"south":{"uv":[2.71875,10.96875,3.34375,11.03125],"texture":"#texture"},"west":{"uv":[3.40625,9.03125,3.71875,9.09375],"texture":"#texture"},"up":{"uv":[2.4375,12.5,3.0625,12.1875],"texture":"#texture"},"down":{"uv":[0,11.8125,0.625,12.125],"texture":"#texture"}}},{"from":[10.25,7.875,7.25],"to":[12.5,8,8.75],"faces":{"north":{"uv":[6.65625,11.40625,6.09375,11.4375],"texture":"#texture"},"east":{"uv":[4.90625,10.40625,4.53125,10.4375],"texture":"#texture"},"south":{"uv":[6.3125,10.5,6.875,10.53125],"texture":"#texture"},"west":{"uv":[4.53125,10.4375,4.90625,10.46875],"texture":"#texture"},"up":{"uv":[0.5625,12.5,1.125,12.125],"texture":"#texture"},"down":{"uv":[0,12.125,0.5625,12.5],"texture":"#texture"}}},{"from":[11.25,7.75,7.125],"to":[11.75,7.875,8.875],"faces":{"north":{"uv":[3.40625,10,3.28125,10.03125],"texture":"#texture"},"east":{"uv":[3.9375,8.46875,3.5,8.5],"texture":"#texture"},"south":{"uv":[6.4375,11.6875,6.5625,11.71875],"texture":"#texture"},"west":{"uv":[3.5,8.3125,3.9375,8.34375],"texture":"#texture"},"up":{"uv":[3.25,14.9375,3.375,14.5],"texture":"#texture"},"down":{"uv":[3.40625,11.6875,3.53125,12.125],"texture":"#texture"}}},{"from":[11.25,8.75,7.125],"to":[12.625,8.875,7.25],"faces":{"north":{"uv":[6,10.4375,5.65625,10.46875],"texture":"#texture"},"east":{"uv":[3.90625,8.125,3.875,8.15625],"texture":"#texture"},"south":{"uv":[5.65625,10.40625,6,10.4375],"texture":"#texture"},"west":{"uv":[3.90625,8.125,3.9375,8.15625],"texture":"#texture"},"up":{"uv":[5.28125,10.4375,5.625,10.40625],"texture":"#texture"},"down":{"uv":[6.53125,10.84375,6.875,10.875],"texture":"#texture"}}},{"from":[11.25,8.75,8.75],"to":[12.625,8.875,8.875],"faces":{"north":{"uv":[6.34375,10.40625,6,10.4375],"texture":"#texture"},"east":{"uv":[3.90625,8.1875,3.875,8.21875],"texture":"#texture"},"south":{"uv":[6.34375,10.4375,6.6875,10.46875],"texture":"#texture"},"west":{"uv":[3.90625,8.1875,3.9375,8.21875],"texture":"#texture"},"up":{"uv":[1.25,8.03125,1.59375,8],"texture":"#texture"},"down":{"uv":[6,10.4375,6.34375,10.46875],"texture":"#texture"}}},{"from":[11.375,7.625,7.25],"to":[12.625,7.75,8.75],"faces":{"north":{"uv":[6.84375,10.3125,6.53125,10.34375],"texture":"#texture"},"east":{"uv":[5.28125,10.40625,4.90625,10.4375],"texture":"#texture"},"south":{"uv":[4.375,10.28125,4.6875,10.3125],"texture":"#texture"},"west":{"uv":[4.90625,10.4375,5.28125,10.46875],"texture":"#texture"},"up":{"uv":[0.875,8.46875,1.1875,8.09375],"texture":"#texture"},"down":{"uv":[3.0625,12.125,3.375,12.5],"texture":"#texture"}}},{"from":[11.375,8.875,7.125],"to":[12.625,9.125,7.25],"faces":{"north":{"uv":[3.09375,8.90625,2.78125,8.96875],"texture":"#texture"},"east":{"uv":[4.28125,8.96875,4.25,9.03125],"texture":"#texture"},"south":{"uv":[2.96875,9.90625,3.28125,9.96875],"texture":"#texture"},"west":{"uv":[4.28125,8.96875,4.3125,9.03125],"texture":"#texture"},"up":{"uv":[5.3125,10.3125,5.625,10.28125],"texture":"#texture"},"down":{"uv":[5,10.28125,5.3125,10.3125],"texture":"#texture"}}},{"from":[11.375,8.875,8.75],"to":[16.875,9.125,8.875],"faces":{"north":{"uv":[6.1875,13.4375,4.8125,13.5],"texture":"#texture"},"east":{"uv":[4.125,10.15625,4.09375,10.21875],"texture":"#texture"},"south":{"uv":[4.8125,13.375,6.1875,13.4375],"texture":"#texture"},"west":{"uv":[4.3125,9.03125,4.34375,9.09375],"texture":"#texture"},"up":{"uv":[3.40625,11.625,4.78125,11.59375],"texture":"#texture"},"down":{"uv":[4.78125,11.625,6.15625,11.65625],"texture":"#texture"}}},{"from":[11.5,7.375,7.25],"to":[12.625,7.625,8.75],"faces":{"north":{"uv":[4.34375,8.90625,4.0625,8.96875],"texture":"#texture"},"east":{"uv":[3.0625,10.71875,2.6875,10.78125],"texture":"#texture"},"south":{"uv":[3.96875,8.71875,4.25,8.78125],"texture":"#texture"},"west":{"uv":[2.8125,14.0625,3.1875,14.125],"texture":"#texture"},"up":{"uv":[2.21875,9.28125,2.5,8.90625],"texture":"#texture"},"down":{"uv":[1.90625,8.1875,2.1875,8.5625],"texture":"#texture"}}},{"from":[11.5,9.125,7.125],"to":[12.625,9.375,7.25],"faces":{"north":{"uv":[3.78125,8.78125,3.5,8.84375],"texture":"#texture"},"east":{"uv":[4.09375,10.15625,4.0625,10.21875],"texture":"#texture"},"south":{"uv":[4.0625,8.84375,4.34375,8.90625],"texture":"#texture"},"west":{"uv":[4.3125,8.625,4.34375,8.6875],"texture":"#texture"},"up":{"uv":[4.375,9.46875,4.65625,9.4375],"texture":"#texture"},"down":{"uv":[4.375,9.46875,4.65625,9.5],"texture":"#texture"}}},{"from":[11.5,9.125,8.75],"to":[16.875,9.375,8.875],"faces":{"north":{"uv":[5.875,13.25,4.53125,13.3125],"texture":"#texture"},"east":{"uv":[4.03125,10.15625,4,10.21875],"texture":"#texture"},"south":{"uv":[4.8125,13.3125,6.15625,13.375],"texture":"#texture"},"west":{"uv":[4.03125,10.15625,4.0625,10.21875],"texture":"#texture"},"up":{"uv":[4.75,11.59375,6.09375,11.5625],"texture":"#texture"},"down":{"uv":[3.40625,11.53125,4.75,11.5625],"texture":"#texture"}}},{"from":[11.5,9.5,7.375],"to":[17.25,9.625,7.5],"faces":{"north":{"uv":[4.96875,11.8125,3.53125,11.84375],"texture":"#texture"},"east":{"uv":[6.875,10.65625,6.84375,10.6875],"texture":"#texture"},"south":{"uv":[3.53125,11.78125,4.96875,11.8125],"texture":"#texture"},"west":{"uv":[6.84375,10.625,6.875,10.65625],"texture":"#texture"},"up":{"uv":[3.53125,11.96875,4.96875,11.9375],"texture":"#texture"},"down":{"uv":[3.53125,11.96875,4.96875,12],"texture":"#texture"}}},{"from":[11.5,9.5,8.5],"to":[17.25,9.625,8.625],"faces":{"north":{"uv":[6.84375,12.125,5.40625,12.15625],"texture":"#texture"},"east":{"uv":[6.875,10.96875,6.84375,11],"texture":"#texture"},"south":{"uv":[3.53125,11.875,4.96875,11.90625],"texture":"#texture"},"west":{"uv":[6.84375,10.8125,6.875,10.84375],"texture":"#texture"},"up":{"uv":[3.53125,11.875,4.96875,11.84375],"texture":"#texture"},"down":{"uv":[3.53125,11.90625,4.96875,11.9375],"texture":"#texture"}}},{"from":[11.5,10,7.5],"to":[12.375,10.625,7.625],"faces":{"north":{"uv":[6.3125,12.375,6.09375,12.53125],"texture":"#texture"},"east":{"uv":[4.375,9.53125,4.34375,9.6875],"texture":"#texture"},"south":{"uv":[6.03125,13,6.25,13.15625],"texture":"#texture"},"west":{"uv":[4.34375,9.375,4.375,9.53125],"texture":"#texture"},"up":{"uv":[6.125,10.1875,6.34375,10.15625],"texture":"#texture"},"down":{"uv":[5.3125,10.125,5.53125,10.15625],"texture":"#texture"}}},{"from":[11.5,10,8.375],"to":[12.375,10.625,8.5],"faces":{"north":{"uv":[6.875,13,6.65625,13.15625],"texture":"#texture"},"east":{"uv":[6.28125,13,6.25,13.15625],"texture":"#texture"},"south":{"uv":[6.65625,13.15625,6.875,13.3125],"texture":"#texture"},"west":{"uv":[4.3125,10.3125,4.34375,10.46875],"texture":"#texture"},"up":{"uv":[5.75,10.15625,5.96875,10.125],"texture":"#texture"},"down":{"uv":[6.5625,10.15625,6.78125,10.1875],"texture":"#texture"}}},{"from":[11.5,10.125,7.625],"to":[12.375,10.5,8.375],"faces":{"north":{"uv":[6.3125,12.28125,6.09375,12.375],"texture":"#texture"},"east":{"uv":[3.6875,8.6875,3.5,8.78125],"texture":"#texture"},"south":{"uv":[6.09375,12.1875,6.3125,12.28125],"texture":"#texture"},"west":{"uv":[4.125,10.1875,4.3125,10.28125],"texture":"#texture"},"up":{"uv":[1.90625,8.1875,2.125,8],"texture":"#texture"},"down":{"uv":[6.1875,13.3125,6.40625,13.5],"texture":"#texture"}}},{"from":[11.625,7,7.25],"to":[12.875,7.125,7.375],"faces":{"north":{"uv":[5.59375,10.34375,5.28125,10.375],"texture":"#texture"},"east":{"uv":[6.4375,11.75,6.40625,11.78125],"texture":"#texture"},"south":{"uv":[4.96875,10.3125,5.28125,10.34375],"texture":"#texture"},"west":{"uv":[6.40625,11.71875,6.4375,11.75],"texture":"#texture"},"up":{"uv":[4.96875,10.375,5.28125,10.34375],"texture":"#texture"},"down":{"uv":[4.65625,10.34375,4.96875,10.375],"texture":"#texture"}}},{"from":[11.625,7,8.625],"to":[12.875,7.125,8.75],"faces":{"north":{"uv":[6.5625,10.28125,6.25,10.3125],"texture":"#texture"},"east":{"uv":[6.4375,11.8125,6.40625,11.84375],"texture":"#texture"},"south":{"uv":[6.5625,10.28125,6.875,10.3125],"texture":"#texture"},"west":{"uv":[6.40625,11.78125,6.4375,11.8125],"texture":"#texture"},"up":{"uv":[5.9375,10.3125,6.25,10.28125],"texture":"#texture"},"down":{"uv":[5.625,10.28125,5.9375,10.3125],"texture":"#texture"}}},{"from":[11.625,7.125,7.25],"to":[12.75,7.375,7.375],"faces":{"north":{"uv":[4.0625,8.78125,3.78125,8.84375],"texture":"#texture"},"east":{"uv":[3.40625,14.5,3.375,14.5625],"texture":"#texture"},"south":{"uv":[3.5,8.625,3.78125,8.6875],"texture":"#texture"},"west":{"uv":[6.84375,14.5625,6.875,14.625],"texture":"#texture"},"up":{"uv":[4.375,9.96875,4.65625,9.9375],"texture":"#texture"},"down":{"uv":[4.375,9.96875,4.65625,10],"texture":"#texture"}}},{"from":[11.625,7.125,8.625],"to":[12.75,7.375,8.75],"faces":{"north":{"uv":[4.34375,8.78125,4.0625,8.84375],"texture":"#texture"},"east":{"uv":[5.65625,13,5.625,13.0625],"texture":"#texture"},"south":{"uv":[3.6875,8.71875,3.96875,8.78125],"texture":"#texture"},"west":{"uv":[3.75,10.15625,3.78125,10.21875],"texture":"#texture"},"up":{"uv":[4.375,9.90625,4.65625,9.875],"texture":"#texture"},"down":{"uv":[4.375,9.90625,4.65625,9.9375],"texture":"#texture"}}},{"from":[11.625,9.375,7.125],"to":[12.625,9.5,7.25],"faces":{"north":{"uv":[5.90625,10.1875,5.65625,10.21875],"texture":"#texture"},"east":{"uv":[6.875,14.21875,6.84375,14.25],"texture":"#texture"},"south":{"uv":[4.375,8.375,4.625,8.40625],"texture":"#texture"},"west":{"uv":[6.84375,14.1875,6.875,14.21875],"texture":"#texture"},"up":{"uv":[4.375,8.8125,4.625,8.78125],"texture":"#texture"},"down":{"uv":[4.375,9,4.625,9.03125],"texture":"#texture"}}},{"from":[11.625,9.375,8.75],"to":[16.875,9.5,8.875],"faces":{"north":{"uv":[6.0625,11.375,4.75,11.40625],"texture":"#texture"},"east":{"uv":[4.65625,8.15625,4.625,8.1875],"texture":"#texture"},"south":{"uv":[4.71875,11.34375,6.03125,11.375],"texture":"#texture"},"west":{"uv":[4.625,8,4.65625,8.03125],"texture":"#texture"},"up":{"uv":[3.40625,11.34375,4.71875,11.3125],"texture":"#texture"},"down":{"uv":[3.40625,11.25,4.71875,11.28125],"texture":"#texture"}}},{"from":[11.625,9.5,7.25],"to":[17.25,9.625,7.375],"faces":{"north":{"uv":[6.4375,11.9375,5.03125,11.96875],"texture":"#texture"},"east":{"uv":[4.65625,8.90625,4.625,8.9375],"texture":"#texture"},"south":{"uv":[5.03125,11.96875,6.4375,12],"texture":"#texture"},"west":{"uv":[4.625,8.875,4.65625,8.90625],"texture":"#texture"},"up":{"uv":[3.53125,11.71875,4.9375,11.6875],"texture":"#texture"},"down":{"uv":[5.03125,11.90625,6.4375,11.9375],"texture":"#texture"}}},{"from":[11.625,9.5,8.625],"to":[17.25,9.625,8.75],"faces":{"north":{"uv":[6.4375,11.84375,5.03125,11.875],"texture":"#texture"},"east":{"uv":[4.34375,8.125,4.3125,8.15625],"texture":"#texture"},"south":{"uv":[5.03125,11.875,6.4375,11.90625],"texture":"#texture"},"west":{"uv":[4.34375,8,4.375,8.03125],"texture":"#texture"},"up":{"uv":[3.53125,11.78125,4.9375,11.75],"texture":"#texture"},"down":{"uv":[3.53125,11.71875,4.9375,11.75],"texture":"#texture"}}},{"from":[11.75,6.625,7.375],"to":[13,6.75,8.625],"faces":{"north":{"uv":[6.21875,10.3125,5.90625,10.34375],"texture":"#texture"},"east":{"uv":[4.65625,10.34375,4.34375,10.375],"texture":"#texture"},"south":{"uv":[5.59375,10.3125,5.90625,10.34375],"texture":"#texture"},"west":{"uv":[5.59375,10.34375,5.90625,10.375],"texture":"#texture"},"up":{"uv":[4.03125,13.8125,4.34375,13.5],"texture":"#texture"},"down":{"uv":[4.96875,13.5,5.28125,13.8125],"texture":"#texture"}}},{"from":[11.75,6.75,7.375],"to":[12.875,6.875,8.625],"faces":{"north":{"uv":[4.65625,9.5625,4.375,9.59375],"texture":"#texture"},"east":{"uv":[5.9375,10.375,5.625,10.40625],"texture":"#texture"},"south":{"uv":[4.375,9.53125,4.65625,9.5625],"texture":"#texture"},"west":{"uv":[6.5625,10.375,6.875,10.40625],"texture":"#texture"},"up":{"uv":[3.96875,13.3125,4.25,13],"texture":"#texture"},"down":{"uv":[4.25,13,4.53125,13.3125],"texture":"#texture"}}},{"from":[11.75,6.875,7.25],"to":[12.875,7,7.375],"faces":{"north":{"uv":[4.65625,9.34375,4.375,9.375],"texture":"#texture"},"east":{"uv":[4.34375,8.25,4.3125,8.28125],"texture":"#texture"},"south":{"uv":[4.375,9.3125,4.65625,9.34375],"texture":"#texture"},"west":{"uv":[4.3125,8.21875,4.34375,8.25],"texture":"#texture"},"up":{"uv":[4.375,9.40625,4.65625,9.375],"texture":"#texture"},"down":{"uv":[4.375,9.40625,4.65625,9.4375],"texture":"#texture"}}},{"from":[11.75,6.875,8.625],"to":[12.875,7,8.75],"faces":{"north":{"uv":[4.65625,9.15625,4.375,9.1875],"texture":"#texture"},"east":{"uv":[4.34375,8.3125,4.3125,8.34375],"texture":"#texture"},"south":{"uv":[4.375,9.125,4.65625,9.15625],"texture":"#texture"},"west":{"uv":[4.3125,8.28125,4.34375,8.3125],"texture":"#texture"},"up":{"uv":[4.375,9.21875,4.65625,9.1875],"texture":"#texture"},"down":{"uv":[4.375,9.21875,4.65625,9.25],"texture":"#texture"}}},{"from":[11.75,7.75,7.25],"to":[12.5,7.875,8.75],"faces":{"north":{"uv":[6.875,11.4375,6.6875,11.46875],"texture":"#texture"},"east":{"uv":[4.3125,8.59375,3.9375,8.625],"texture":"#texture"},"south":{"uv":[6.6875,10.9375,6.875,10.96875],"texture":"#texture"},"west":{"uv":[6.46875,10.8125,6.84375,10.84375],"texture":"#texture"},"up":{"uv":[3.40625,12.53125,3.59375,12.15625],"texture":"#texture"},"down":{"uv":[6.4375,12.625,6.625,13],"texture":"#texture"}}},{"from":[11.75,9.5,7.125],"to":[12.625,9.625,7.25],"faces":{"north":{"uv":[0.65625,8,0.4375,8.03125],"texture":"#texture"},"east":{"uv":[4.25,8.625,4.21875,8.65625],"texture":"#texture"},"south":{"uv":[0.65625,8,0.875,8.03125],"texture":"#texture"},"west":{"uv":[4.3125,8.53125,4.34375,8.5625],"texture":"#texture"},"up":{"uv":[6.40625,10.15625,6.625,10.125],"texture":"#texture"},"down":{"uv":[5.53125,10.125,5.75,10.15625],"texture":"#texture"}}},{"from":[11.75,9.5,8.75],"to":[12.625,9.625,8.875],"faces":{"north":{"uv":[4.875,10.125,4.65625,10.15625],"texture":"#texture"},"east":{"uv":[4.34375,9.5,4.3125,9.53125],"texture":"#texture"},"south":{"uv":[5.09375,10.125,5.3125,10.15625],"texture":"#texture"},"west":{"uv":[4.3125,9.46875,4.34375,9.5],"texture":"#texture"},"up":{"uv":[6.34375,10.1875,6.5625,10.15625],"texture":"#texture"},"down":{"uv":[6.65625,10.1875,6.875,10.21875],"texture":"#texture"}}},{"from":[11.75,9.625,7.375],"to":[17.25,9.75,7.5],"faces":{"north":{"uv":[6.40625,11.75,5.03125,11.78125],"texture":"#texture"},"east":{"uv":[4.34375,9.8125,4.3125,9.84375],"texture":"#texture"},"south":{"uv":[5.03125,11.71875,6.40625,11.75],"texture":"#texture"},"west":{"uv":[4.3125,9.78125,4.34375,9.8125],"texture":"#texture"},"up":{"uv":[5.03125,11.84375,6.40625,11.8125],"texture":"#texture"},"down":{"uv":[5.03125,11.78125,6.40625,11.8125],"texture":"#texture"}}},{"from":[11.75,9.625,8.5],"to":[17.25,9.75,8.625],"faces":{"north":{"uv":[6.15625,11.65625,4.78125,11.6875],"texture":"#texture"},"east":{"uv":[4.34375,9.75,4.3125,9.78125],"texture":"#texture"},"south":{"uv":[3.40625,11.625,4.78125,11.65625],"texture":"#texture"},"west":{"uv":[4.3125,10.28125,4.34375,10.3125],"texture":"#texture"},"up":{"uv":[3.40625,11.6875,4.78125,11.65625],"texture":"#texture"},"down":{"uv":[5.03125,11.6875,6.40625,11.71875],"texture":"#texture"}}},{"from":[11.875,6.375,7.375],"to":[13.125,6.5,8.625],"faces":{"north":{"uv":[5,10.28125,4.6875,10.3125],"texture":"#texture"},"east":{"uv":[4.96875,10.3125,4.65625,10.34375],"texture":"#texture"},"south":{"uv":[6.21875,10.3125,6.53125,10.34375],"texture":"#texture"},"west":{"uv":[5.28125,10.3125,5.59375,10.34375],"texture":"#texture"},"up":{"uv":[3.40625,13.8125,3.71875,13.5],"texture":"#texture"},"down":{"uv":[3.71875,13.5,4.03125,13.8125],"texture":"#texture"}}},{"from":[11.875,6.5,7.375],"to":[13,6.625,8.625],"faces":{"north":{"uv":[5.5625,10.25,5.28125,10.28125],"texture":"#texture"},"east":{"uv":[6.21875,10.34375,5.90625,10.375],"texture":"#texture"},"south":{"uv":[5.5625,10.25,5.84375,10.28125],"texture":"#texture"},"west":{"uv":[6.21875,10.34375,6.53125,10.375],"texture":"#texture"},"up":{"uv":[3.40625,13.3125,3.6875,13],"texture":"#texture"},"down":{"uv":[3.6875,13,3.96875,13.3125],"texture":"#texture"}}},{"from":[11.875,6.625,7.25],"to":[13,6.75,7.375],"faces":{"north":{"uv":[6.6875,10.25,6.40625,10.28125],"texture":"#texture"},"east":{"uv":[4.65625,8.09375,4.625,8.125],"texture":"#texture"},"south":{"uv":[4.375,10.21875,4.65625,10.25],"texture":"#texture"},"west":{"uv":[4.625,8.0625,4.65625,8.09375],"texture":"#texture"},"up":{"uv":[6.125,10.28125,6.40625,10.25],"texture":"#texture"},"down":{"uv":[5.84375,10.25,6.125,10.28125],"texture":"#texture"}}},{"from":[11.875,6.625,8.625],"to":[13,6.75,8.75],"faces":{"north":{"uv":[5.5,10.21875,5.21875,10.25],"texture":"#texture"},"east":{"uv":[4.65625,8.25,4.625,8.28125],"texture":"#texture"},"south":{"uv":[5.5,10.21875,5.78125,10.25],"texture":"#texture"},"west":{"uv":[4.625,8.125,4.65625,8.15625],"texture":"#texture"},"up":{"uv":[4.9375,10.25,5.21875,10.21875],"texture":"#texture"},"down":{"uv":[4.65625,10.21875,4.9375,10.25],"texture":"#texture"}}},{"from":[11.875,6.75,7.25],"to":[12.875,6.875,7.375],"faces":{"north":{"uv":[4.625,8.9375,4.375,8.96875],"texture":"#texture"},"east":{"uv":[4.65625,8.46875,4.625,8.5],"texture":"#texture"},"south":{"uv":[4.375,8.96875,4.625,9],"texture":"#texture"},"west":{"uv":[4.625,8.375,4.65625,8.40625],"texture":"#texture"},"up":{"uv":[4.375,8.9375,4.625,8.90625],"texture":"#texture"},"down":{"uv":[4.375,8.875,4.625,8.90625],"texture":"#texture"}}},{"from":[11.875,6.75,8.625],"to":[12.875,6.875,8.75],"faces":{"north":{"uv":[6.875,10.21875,6.625,10.25],"texture":"#texture"},"east":{"uv":[4.65625,8.59375,4.625,8.625],"texture":"#texture"},"south":{"uv":[6.40625,13.3125,6.65625,13.34375],"texture":"#texture"},"west":{"uv":[5.96875,10.09375,6,10.125],"texture":"#texture"},"up":{"uv":[4.375,9.09375,4.625,9.0625],"texture":"#texture"},"down":{"uv":[4.375,9.03125,4.625,9.0625],"texture":"#texture"}}},{"from":[11.875,9.625,7.25],"to":[17.25,9.75,7.375],"faces":{"north":{"uv":[4.75,11.4375,3.40625,11.46875],"texture":"#texture"},"east":{"uv":[4.65625,8.84375,4.625,8.875],"texture":"#texture"},"south":{"uv":[4.75,11.4375,6.09375,11.46875],"texture":"#texture"},"west":{"uv":[4.625,8.8125,4.65625,8.84375],"texture":"#texture"},"up":{"uv":[4.75,11.53125,6.09375,11.5],"texture":"#texture"},"down":{"uv":[3.40625,11.5,4.75,11.53125],"texture":"#texture"}}},{"from":[11.875,9.625,8.625],"to":[17.25,9.75,8.75],"faces":{"north":{"uv":[4.75,11.375,3.40625,11.40625],"texture":"#texture"},"east":{"uv":[3.9375,8.28125,3.90625,8.3125],"texture":"#texture"},"south":{"uv":[4.75,11.53125,6.09375,11.5625],"texture":"#texture"},"west":{"uv":[3.875,8.25,3.90625,8.28125],"texture":"#texture"},"up":{"uv":[4.75,11.4375,6.09375,11.40625],"texture":"#texture"},"down":{"uv":[3.40625,11.40625,4.75,11.4375],"texture":"#texture"}}},{"from":[12,6.125,7.375],"to":[13.25,6.375,8.625],"faces":{"north":{"uv":[4.03125,9.21875,3.71875,9.28125],"texture":"#texture"},"east":{"uv":[3.71875,9.15625,3.40625,9.21875],"texture":"#texture"},"south":{"uv":[3.40625,9.21875,3.71875,9.28125],"texture":"#texture"},"west":{"uv":[4.03125,9.21875,4.34375,9.28125],"texture":"#texture"},"up":{"uv":[4.65625,13.8125,4.96875,13.5],"texture":"#texture"},"down":{"uv":[4.34375,13.5,4.65625,13.8125],"texture":"#texture"}}},{"from":[12,6.25,7.25],"to":[13.125,6.5,7.375],"faces":{"north":{"uv":[4.0625,8.84375,3.78125,8.90625],"texture":"#texture"},"east":{"uv":[3.40625,13.75,3.375,13.8125],"texture":"#texture"},"south":{"uv":[3.5,8.84375,3.78125,8.90625],"texture":"#texture"},"west":{"uv":[3.375,13.375,3.40625,13.4375],"texture":"#texture"},"up":{"uv":[4.375,9.53125,4.65625,9.5],"texture":"#texture"},"down":{"uv":[4.375,9.59375,4.65625,9.625],"texture":"#texture"}}},{"from":[12,6.25,8.625],"to":[13.125,6.5,8.75],"faces":{"north":{"uv":[3.78125,8.90625,3.5,8.96875],"texture":"#texture"},"east":{"uv":[4.34375,8.96875,4.3125,9.03125],"texture":"#texture"},"south":{"uv":[4.03125,9.03125,4.3125,9.09375],"texture":"#texture"},"west":{"uv":[4.28125,8.625,4.3125,8.6875],"texture":"#texture"},"up":{"uv":[4.375,9.71875,4.65625,9.6875],"texture":"#texture"},"down":{"uv":[4.375,9.84375,4.65625,9.875],"texture":"#texture"}}},{"from":[12,6.5,7.25],"to":[13,6.625,7.375],"faces":{"north":{"uv":[4.625,8.40625,4.375,8.4375],"texture":"#texture"},"east":{"uv":[3.5,8.4375,3.46875,8.46875],"texture":"#texture"},"south":{"uv":[4.375,8.5625,4.625,8.59375],"texture":"#texture"},"west":{"uv":[4.3125,9.28125,4.34375,9.3125],"texture":"#texture"},"up":{"uv":[5.15625,10.1875,5.40625,10.15625],"texture":"#texture"},"down":{"uv":[4.375,8.34375,4.625,8.375],"texture":"#texture"}}},{"from":[12,6.5,8.625],"to":[13,6.625,8.75],"faces":{"north":{"uv":[4.625,8.625,4.375,8.65625],"texture":"#texture"},"east":{"uv":[6.875,14.125,6.84375,14.15625],"texture":"#texture"},"south":{"uv":[6.625,13.90625,6.875,13.9375],"texture":"#texture"},"west":{"uv":[6.84375,14.15625,6.875,14.1875],"texture":"#texture"},"up":{"uv":[4.375,8.09375,4.625,8.0625],"texture":"#texture"},"down":{"uv":[4.375,8.65625,4.625,8.6875],"texture":"#texture"}}},{"from":[12.125,5,7.375],"to":[12.75,5.5,8.625],"faces":{"north":{"uv":[6.4375,13,6.28125,13.125],"texture":"#texture"},"east":{"uv":[3.375,10.28125,3.0625,10.40625],"texture":"#texture"},"south":{"uv":[3.25,9.65625,3.40625,9.78125],"texture":"#texture"},"west":{"uv":[3.0625,10.40625,3.375,10.53125],"texture":"#texture"},"up":{"uv":[3.25,13.75,3.40625,13.4375],"texture":"#texture"},"down":{"uv":[5.875,13,6.03125,13.3125],"texture":"#texture"}}},{"from":[12.125,5.75,7.375],"to":[13.5,5.875,8.625],"faces":{"north":{"uv":[6.6875,10.40625,6.34375,10.4375],"texture":"#texture"},"east":{"uv":[5,10.25,4.6875,10.28125],"texture":"#texture"},"south":{"uv":[4.34375,10.375,4.6875,10.40625],"texture":"#texture"},"west":{"uv":[4.375,10.25,4.6875,10.28125],"texture":"#texture"},"up":{"uv":[1.25,8.34375,1.59375,8.03125],"texture":"#texture"},"down":{"uv":[1.25,8.96875,1.59375,9.28125],"texture":"#texture"}}},{"from":[12.125,5.875,7.375],"to":[13.375,6.125,8.625],"faces":{"north":{"uv":[4.03125,9.15625,3.71875,9.21875],"texture":"#texture"},"east":{"uv":[4.03125,9.09375,3.71875,9.15625],"texture":"#texture"},"south":{"uv":[4.03125,9.15625,4.34375,9.21875],"texture":"#texture"},"west":{"uv":[3.40625,9.09375,3.71875,9.15625],"texture":"#texture"},"up":{"uv":[3.09375,9.28125,3.40625,8.96875],"texture":"#texture"},"down":{"uv":[2.78125,8.96875,3.09375,9.28125],"texture":"#texture"}}},{"from":[12.125,6,7.25],"to":[13.25,6.125,7.375],"faces":{"north":{"uv":[4.65625,10.125,4.375,10.15625],"texture":"#texture"},"east":{"uv":[4.65625,8.625,4.625,8.65625],"texture":"#texture"},"south":{"uv":[4.375,10.15625,4.65625,10.1875],"texture":"#texture"},"west":{"uv":[4.625,8.71875,4.65625,8.75],"texture":"#texture"},"up":{"uv":[4.375,10.125,4.65625,10.09375],"texture":"#texture"},"down":{"uv":[4.375,10.0625,4.65625,10.09375],"texture":"#texture"}}},{"from":[12.125,6,8.625],"to":[13.25,6.125,8.75],"faces":{"north":{"uv":[6.34375,10.21875,6.0625,10.25],"texture":"#texture"},"east":{"uv":[4.65625,8.28125,4.625,8.3125],"texture":"#texture"},"south":{"uv":[5.78125,10.21875,6.0625,10.25],"texture":"#texture"},"west":{"uv":[4.625,8.34375,4.65625,8.375],"texture":"#texture"},"up":{"uv":[6.34375,10.25,6.625,10.21875],"texture":"#texture"},"down":{"uv":[4.375,10.1875,4.65625,10.21875],"texture":"#texture"}}},{"from":[12.125,6.125,7.25],"to":[13.125,6.25,7.375],"faces":{"north":{"uv":[4.625,8.46875,4.375,8.5],"texture":"#texture"},"east":{"uv":[5.90625,10.09375,5.875,10.125],"texture":"#texture"},"south":{"uv":[4.375,8.4375,4.625,8.46875],"texture":"#texture"},"west":{"uv":[4.625,8.03125,4.65625,8.0625],"texture":"#texture"},"up":{"uv":[4.375,8.84375,4.625,8.8125],"texture":"#texture"},"down":{"uv":[4.375,8.84375,4.625,8.875],"texture":"#texture"}}},{"from":[12.125,6.125,8.625],"to":[13.125,6.25,8.75],"faces":{"north":{"uv":[4.90625,10.15625,4.65625,10.1875],"texture":"#texture"},"east":{"uv":[6.875,10.5625,6.84375,10.59375],"texture":"#texture"},"south":{"uv":[4.90625,10.15625,5.15625,10.1875],"texture":"#texture"},"west":{"uv":[6.84375,10.59375,6.875,10.625],"texture":"#texture"},"up":{"uv":[6.15625,10.21875,6.40625,10.1875],"texture":"#texture"},"down":{"uv":[5.90625,10.1875,6.15625,10.21875],"texture":"#texture"}}},{"from":[12.25,4.875,7.375],"to":[12.5,5,8.625],"faces":{"north":{"uv":[0.875,9.3125,0.8125,9.34375],"texture":"#texture"},"east":{"uv":[5.625,10.375,5.3125,10.40625],"texture":"#texture"},"south":{"uv":[0.8125,8.96875,0.875,9],"texture":"#texture"},"west":{"uv":[5,10.375,5.3125,10.40625],"texture":"#texture"},"up":{"uv":[0.8125,9.65625,0.875,9.34375],"texture":"#texture"},"down":{"uv":[0.375,9.34375,0.4375,9.65625],"texture":"#texture"}}},{"from":[12.25,5,7.25],"to":[12.5,5.5,7.375],"faces":{"north":{"uv":[1.5625,11.8125,1.5,11.9375],"texture":"#texture"},"east":{"uv":[4.375,9,4.34375,9.125],"texture":"#texture"},"south":{"uv":[2.4375,11.8125,2.5,11.9375],"texture":"#texture"},"west":{"uv":[4.34375,8.5,4.375,8.625],"texture":"#texture"},"up":{"uv":[0.8125,8.3125,0.875,8.28125],"texture":"#texture"},"down":{"uv":[0.8125,8.625,0.875,8.65625],"texture":"#texture"}}},{"from":[12.25,5,8.625],"to":[12.5,5.5,8.75],"faces":{"north":{"uv":[5.84375,12.1875,5.78125,12.3125],"texture":"#texture"},"east":{"uv":[3.40625,10.28125,3.375,10.40625],"texture":"#texture"},"south":{"uv":[3.34375,9.78125,3.40625,9.90625],"texture":"#texture"},"west":{"uv":[3.375,10.40625,3.40625,10.53125],"texture":"#texture"},"up":{"uv":[6.8125,14.125,6.875,14.09375],"texture":"#texture"},"down":{"uv":[3.34375,10.03125,3.40625,10.0625],"texture":"#texture"}}},{"from":[12.25,5.5,7.375],"to":[13.625,5.75,8.625],"faces":{"north":{"uv":[3.40625,10.71875,3.0625,10.78125],"texture":"#texture"},"east":{"uv":[3.34375,10.03125,3.03125,10.09375],"texture":"#texture"},"south":{"uv":[3.0625,10.65625,3.40625,10.71875],"texture":"#texture"},"west":{"uv":[2.96875,9.96875,3.28125,10.03125],"texture":"#texture"},"up":{"uv":[1.25,8.96875,1.59375,8.65625],"texture":"#texture"},"down":{"uv":[1.25,8.34375,1.59375,8.65625],"texture":"#texture"}}},{"from":[12.25,5.75,7.25],"to":[13.375,5.875,7.375],"faces":{"north":{"uv":[4.25,8.6875,3.96875,8.71875],"texture":"#texture"},"east":{"uv":[3.9375,8.09375,3.90625,8.125],"texture":"#texture"},"south":{"uv":[3.6875,8.6875,3.96875,8.71875],"texture":"#texture"},"west":{"uv":[3.875,8.09375,3.90625,8.125],"texture":"#texture"},"up":{"uv":[6.59375,10.5,6.875,10.46875],"texture":"#texture"},"down":{"uv":[5,10.25,5.28125,10.28125],"texture":"#texture"}}},{"from":[12.25,5.75,8.625],"to":[13.375,5.875,8.75],"faces":{"north":{"uv":[4.65625,9.25,4.375,9.28125],"texture":"#texture"},"east":{"uv":[4.34375,8.15625,4.3125,8.1875],"texture":"#texture"},"south":{"uv":[4.375,9.28125,4.65625,9.3125],"texture":"#texture"},"west":{"uv":[4.3125,8.1875,4.34375,8.21875],"texture":"#texture"},"up":{"uv":[4.375,9.125,4.65625,9.09375],"texture":"#texture"},"down":{"uv":[6.59375,13.5,6.875,13.53125],"texture":"#texture"}}},{"from":[12.25,5.875,7.25],"to":[13.25,6,7.375],"faces":{"north":{"uv":[4.625,8.21875,4.375,8.25],"texture":"#texture"},"east":{"uv":[4.65625,8.9375,4.625,8.96875],"texture":"#texture"},"south":{"uv":[4.375,8.1875,4.625,8.21875],"texture":"#texture"},"west":{"uv":[4.625,9,4.65625,9.03125],"texture":"#texture"},"up":{"uv":[6.625,13.84375,6.875,13.8125],"texture":"#texture"},"down":{"uv":[6.625,13.84375,6.875,13.875],"texture":"#texture"}}},{"from":[12.25,5.875,8.625],"to":[13.25,6,8.75],"faces":{"north":{"uv":[4.625,8.71875,4.375,8.75],"texture":"#texture"},"east":{"uv":[4.65625,8.65625,4.625,8.6875],"texture":"#texture"},"south":{"uv":[4.375,8.53125,4.625,8.5625],"texture":"#texture"},"west":{"uv":[4.625,8.6875,4.65625,8.71875],"texture":"#texture"},"up":{"uv":[4.375,8.71875,4.625,8.6875],"texture":"#texture"},"down":{"uv":[4.375,8.59375,4.625,8.625],"texture":"#texture"}}},{"from":[12.375,5.5,7.25],"to":[13.5,5.75,7.375],"faces":{"north":{"uv":[3.96875,8.96875,3.6875,9.03125],"texture":"#texture"},"east":{"uv":[6.875,14.625,6.84375,14.6875],"texture":"#texture"},"south":{"uv":[3.96875,8.96875,4.25,9.03125],"texture":"#texture"},"west":{"uv":[6.15625,13.3125,6.1875,13.375],"texture":"#texture"},"up":{"uv":[4.375,9.78125,4.65625,9.75],"texture":"#texture"},"down":{"uv":[4.375,9.71875,4.65625,9.75],"texture":"#texture"}}},{"from":[12.375,5.5,8.625],"to":[13.5,5.75,8.75],"faces":{"north":{"uv":[3.6875,8.96875,3.40625,9.03125],"texture":"#texture"},"east":{"uv":[3.71875,10.15625,3.6875,10.21875],"texture":"#texture"},"south":{"uv":[3.78125,8.90625,4.0625,8.96875],"texture":"#texture"},"west":{"uv":[6.84375,12.28125,6.875,12.34375],"texture":"#texture"},"up":{"uv":[4.375,9.84375,4.65625,9.8125],"texture":"#texture"},"down":{"uv":[4.375,9.78125,4.65625,9.8125],"texture":"#texture"}}},{"from":[12.375,8,7.25],"to":[12.5,8.125,8.75],"faces":{"north":{"uv":[3.40625,9.5625,3.375,9.59375],"texture":"#texture"},"east":{"uv":[4.3125,8.53125,3.9375,8.5625],"texture":"#texture"},"south":{"uv":[3.375,9.53125,3.40625,9.5625],"texture":"#texture"},"west":{"uv":[3.9375,8.5625,4.3125,8.59375],"texture":"#texture"},"up":{"uv":[3.375,12.5,3.40625,12.125],"texture":"#texture"},"down":{"uv":[3.375,14.5625,3.40625,14.9375],"texture":"#texture"}}},{"from":[12.5,5.125,7.25],"to":[12.75,5.5,7.375],"faces":{"north":{"uv":[3.375,8.71875,3.3125,8.8125],"texture":"#texture"},"east":{"uv":[3.40625,8.71875,3.375,8.8125],"texture":"#texture"},"south":{"uv":[1.1875,8,1.25,8.09375],"texture":"#texture"},"west":{"uv":[3.375,8.8125,3.40625,8.90625],"texture":"#texture"},"up":{"uv":[4.96875,11.90625,5.03125,11.875],"texture":"#texture"},"down":{"uv":[4.96875,11.90625,5.03125,11.9375],"texture":"#texture"}}},{"from":[12.5,5.125,8.625],"to":[12.75,5.5,8.75],"faces":{"north":{"uv":[3.375,8.625,3.3125,8.71875],"texture":"#texture"},"east":{"uv":[3.40625,8.53125,3.375,8.625],"texture":"#texture"},"south":{"uv":[3.3125,8.53125,3.375,8.625],"texture":"#texture"},"west":{"uv":[3.375,8.625,3.40625,8.71875],"texture":"#texture"},"up":{"uv":[6.8125,13.96875,6.875,13.9375],"texture":"#texture"},"down":{"uv":[6.8125,14.03125,6.875,14.0625],"texture":"#texture"}}},{"from":[12.5,8.125,7.25],"to":[12.625,8.25,8.75],"faces":{"north":{"uv":[6.25,12.875,6.21875,12.90625],"texture":"#texture"},"east":{"uv":[4.3125,8.4375,3.9375,8.46875],"texture":"#texture"},"south":{"uv":[6.09375,12.65625,6.125,12.6875],"texture":"#texture"},"west":{"uv":[3.9375,8.46875,4.3125,8.5],"texture":"#texture"},"up":{"uv":[1.21875,8.46875,1.25,8.09375],"texture":"#texture"},"down":{"uv":[1.1875,8.09375,1.21875,8.46875],"texture":"#texture"}}},{"from":[12.625,8.25,7.25],"to":[17.25,8.5,7.375],"faces":{"north":{"uv":[3.15625,13.75,2,13.8125],"texture":"#texture"},"east":{"uv":[6.875,14.6875,6.84375,14.75],"texture":"#texture"},"south":{"uv":[4.53125,13.0625,5.6875,13.125],"texture":"#texture"},"west":{"uv":[3.375,11.21875,3.40625,11.28125],"texture":"#texture"},"up":{"uv":[4.5625,11.0625,5.71875,11.03125],"texture":"#texture"},"down":{"uv":[5.71875,11,6.875,11.03125],"texture":"#texture"}}},{"from":[12.75,5.125,7.375],"to":[13,5.5,8.625],"faces":{"north":{"uv":[3.375,8.8125,3.3125,8.90625],"texture":"#texture"},"east":{"uv":[6.875,11.6875,6.5625,11.78125],"texture":"#texture"},"south":{"uv":[3.3125,8.4375,3.375,8.53125],"texture":"#texture"},"west":{"uv":[6.28125,13.53125,6.59375,13.625],"texture":"#texture"},"up":{"uv":[0.8125,8.96875,0.875,8.65625],"texture":"#texture"},"down":{"uv":[0.8125,9,0.875,9.3125],"texture":"#texture"}}},{"from":[12.75,5.25,7.25],"to":[13,5.5,7.375],"faces":{"north":{"uv":[3.40625,11.03125,3.34375,11.09375],"texture":"#texture"},"east":{"uv":[3.75,10.15625,3.71875,10.21875],"texture":"#texture"},"south":{"uv":[3.3125,11.21875,3.375,11.28125],"texture":"#texture"},"west":{"uv":[6.84375,12.625,6.875,12.6875],"texture":"#texture"},"up":{"uv":[4.96875,11.96875,5.03125,11.9375],"texture":"#texture"},"down":{"uv":[4.96875,11.96875,5.03125,12],"texture":"#texture"}}},{"from":[12.75,5.25,8.625],"to":[13,5.5,8.75],"faces":{"north":{"uv":[0.4375,9.28125,0.375,9.34375],"texture":"#texture"},"east":{"uv":[6.875,14.5,6.84375,14.5625],"texture":"#texture"},"south":{"uv":[3.34375,10.84375,3.40625,10.90625],"texture":"#texture"},"west":{"uv":[3.84375,10.15625,3.875,10.21875],"texture":"#texture"},"up":{"uv":[5.78125,12.1875,5.84375,12.15625],"texture":"#texture"},"down":{"uv":[5.59375,12.15625,5.65625,12.1875],"texture":"#texture"}}},{"from":[12.75,8.875,7],"to":[16.875,9.375,7.25],"faces":{"north":{"uv":[3,10.15625,1.96875,10.28125],"texture":"#texture"},"east":{"uv":[6.875,12.6875,6.8125,12.8125],"texture":"#texture"},"south":{"uv":[0.875,9.78125,1.90625,9.90625],"texture":"#texture"},"west":{"uv":[0.8125,8.3125,0.875,8.4375],"texture":"#texture"},"up":{"uv":[2.375,15.25,3.40625,15.1875],"texture":"#texture"},"down":{"uv":[2.375,14.9375,3.40625,15],"texture":"#texture"}}},{"from":[12.75,8.875,8.875],"to":[16.875,9.375,9],"faces":{"north":{"uv":[2.9375,9.78125,1.90625,9.90625],"texture":"#texture"},"east":{"uv":[4.375,8.25,4.34375,8.375],"texture":"#texture"},"south":{"uv":[1.25,9.65625,2.28125,9.78125],"texture":"#texture"},"west":{"uv":[4.34375,8.375,4.375,8.5],"texture":"#texture"},"up":{"uv":[4.4375,10.84375,5.46875,10.8125],"texture":"#texture"},"down":{"uv":[5.84375,11.125,6.875,11.15625],"texture":"#texture"}}},{"from":[12.75,9.375,7.125],"to":[16.875,9.5,7.25],"faces":{"north":{"uv":[5.5,10.84375,4.46875,10.875],"texture":"#texture"},"east":{"uv":[4.34375,9.375,4.3125,9.40625],"texture":"#texture"},"south":{"uv":[5.84375,11.09375,6.875,11.125],"texture":"#texture"},"west":{"uv":[4.3125,9.40625,4.34375,9.4375],"texture":"#texture"},"up":{"uv":[5.5,10.875,6.53125,10.84375],"texture":"#texture"},"down":{"uv":[3.40625,10.8125,4.4375,10.84375],"texture":"#texture"}}},{"from":[13,5.25,7.375],"to":[13.375,5.5,8.625],"faces":{"north":{"uv":[2.8125,14.0625,2.71875,14.125],"texture":"#texture"},"east":{"uv":[3.40625,8.90625,3.09375,8.96875],"texture":"#texture"},"south":{"uv":[1.8125,14.0625,1.90625,14.125],"texture":"#texture"},"west":{"uv":[3.71875,9.03125,4.03125,9.09375],"texture":"#texture"},"up":{"uv":[3.40625,10.46875,3.5,10.15625],"texture":"#texture"},"down":{"uv":[3.5,10.15625,3.59375,10.46875],"texture":"#texture"}}},{"from":[13,5.375,7.25],"to":[13.375,5.5,7.375],"faces":{"north":{"uv":[3.40625,8.34375,3.3125,8.375],"texture":"#texture"},"east":{"uv":[4.34375,8.40625,4.3125,8.4375],"texture":"#texture"},"south":{"uv":[3.3125,8.3125,3.40625,8.34375],"texture":"#texture"},"west":{"uv":[4.3125,8.4375,4.34375,8.46875],"texture":"#texture"},"up":{"uv":[3.3125,8.40625,3.40625,8.375],"texture":"#texture"},"down":{"uv":[3.3125,8.40625,3.40625,8.4375],"texture":"#texture"}}},{"from":[13,5.375,8.625],"to":[13.375,5.5,8.75],"faces":{"north":{"uv":[5.875,13.21875,5.78125,13.25],"texture":"#texture"},"east":{"uv":[3.9375,8.21875,3.90625,8.25],"texture":"#texture"},"south":{"uv":[5.78125,13.1875,5.875,13.21875],"texture":"#texture"},"west":{"uv":[3.875,8.21875,3.90625,8.25],"texture":"#texture"},"up":{"uv":[3.3125,8.28125,3.40625,8.25],"texture":"#texture"},"down":{"uv":[3.3125,8.28125,3.40625,8.3125],"texture":"#texture"}}},{"from":[13.375,5.375,7.375],"to":[13.5,5.5,8.625],"faces":{"north":{"uv":[3.90625,8.15625,3.875,8.1875],"texture":"#texture"},"east":{"uv":[6.84375,10.34375,6.53125,10.375],"texture":"#texture"},"south":{"uv":[3.90625,8.15625,3.9375,8.1875],"texture":"#texture"},"west":{"uv":[4.34375,10.3125,4.65625,10.34375],"texture":"#texture"},"up":{"uv":[3.46875,8.4375,3.5,8.125],"texture":"#texture"},"down":{"uv":[4.34375,10,4.375,10.3125],"texture":"#texture"}}},{"from":[13.625,8.125,7.25],"to":[17.25,8.25,8.75],"faces":{"north":{"uv":[6.875,11.21875,5.96875,11.25],"texture":"#texture"},"east":{"uv":[3.875,8.28125,3.5,8.3125],"texture":"#texture"},"south":{"uv":[3.40625,9.8125,4.3125,9.84375],"texture":"#texture"},"west":{"uv":[3.9375,8.40625,4.3125,8.4375],"texture":"#texture"},"up":{"uv":[1,14.5,1.90625,14.125],"texture":"#texture"},"down":{"uv":[1.90625,14.125,2.8125,14.5],"texture":"#texture"}}},{"from":[14,8,7.25],"to":[17.25,8.125,8.75],"faces":{"north":{"uv":[4.21875,9.3125,3.40625,9.34375],"texture":"#texture"},"east":{"uv":[3.875,8.21875,3.5,8.25],"texture":"#texture"},"south":{"uv":[3.40625,9.28125,4.21875,9.3125],"texture":"#texture"},"west":{"uv":[3.5,8.25,3.875,8.28125],"texture":"#texture"},"up":{"uv":[0,13.75,0.8125,13.375],"texture":"#texture"},"down":{"uv":[1.625,13.375,2.4375,13.75],"texture":"#texture"}}},{"from":[14.25,7.875,7.25],"to":[17.25,8,8.75],"faces":{"north":{"uv":[3.40625,10.625,2.65625,10.65625],"texture":"#texture"},"east":{"uv":[3.875,8.15625,3.5,8.1875],"texture":"#texture"},"south":{"uv":[2.65625,10.59375,3.40625,10.625],"texture":"#texture"},"west":{"uv":[3.5,8.1875,3.875,8.21875],"texture":"#texture"},"up":{"uv":[0.75,13.125,1.5,12.75],"texture":"#texture"},"down":{"uv":[0,12.75,0.75,13.125],"texture":"#texture"}}},{"from":[14.625,7.75,7.25],"to":[17.25,7.875,8.75],"faces":{"north":{"uv":[6.8125,11.65625,6.15625,11.6875],"texture":"#texture"},"east":{"uv":[3.875,8.09375,3.5,8.125],"texture":"#texture"},"south":{"uv":[6.15625,11.625,6.8125,11.65625],"texture":"#texture"},"west":{"uv":[3.5,8.125,3.875,8.15625],"texture":"#texture"},"up":{"uv":[1.5,13.125,2.15625,12.75],"texture":"#texture"},"down":{"uv":[2.15625,12.75,2.8125,13.125],"texture":"#texture"}}},{"from":[14.875,7.625,7.25],"to":[17.25,7.75,8.75],"faces":{"north":{"uv":[6.6875,11.4375,6.09375,11.46875],"texture":"#texture"},"east":{"uv":[3.875,8.03125,3.5,8.0625],"texture":"#texture"},"south":{"uv":[6.09375,11.46875,6.6875,11.5],"texture":"#texture"},"west":{"uv":[3.5,8.0625,3.875,8.09375],"texture":"#texture"},"up":{"uv":[2.8125,13.125,3.40625,12.75],"texture":"#texture"},"down":{"uv":[2.8125,14.125,3.40625,14.5],"texture":"#texture"}}},{"from":[15.25,7.5,7.25],"to":[17.25,7.625,8.75],"faces":{"north":{"uv":[6.875,10.53125,6.375,10.5625],"texture":"#texture"},"east":{"uv":[4.3125,8.375,3.9375,8.40625],"texture":"#texture"},"south":{"uv":[3.78125,8.65625,4.28125,8.6875],"texture":"#texture"},"west":{"uv":[3.5,8,3.875,8.03125],"texture":"#texture"},"up":{"uv":[0,11.8125,0.5,11.4375],"texture":"#texture"},"down":{"uv":[0.5,11.4375,1,11.8125],"texture":"#texture"}}},{"from":[15.5,7.375,7.25],"to":[17.25,7.5,8.75],"faces":{"north":{"uv":[4.21875,8.625,3.78125,8.65625],"texture":"#texture"},"east":{"uv":[4.3125,8.25,3.9375,8.28125],"texture":"#texture"},"south":{"uv":[3.5,8.5,3.9375,8.53125],"texture":"#texture"},"west":{"uv":[3.9375,8.28125,4.3125,8.3125],"texture":"#texture"},"up":{"uv":[0,11.09375,0.4375,10.71875],"texture":"#texture"},"down":{"uv":[0,10.34375,0.4375,10.71875],"texture":"#texture"}}},{"from":[15.75,7.25,7.25],"to":[17.25,7.375,8.75],"faces":{"north":{"uv":[4.3125,8.15625,3.9375,8.1875],"texture":"#texture"},"east":{"uv":[4.3125,8.0625,3.9375,8.09375],"texture":"#texture"},"south":{"uv":[3.9375,8.125,4.3125,8.15625],"texture":"#texture"},"west":{"uv":[3.9375,8.09375,4.3125,8.125],"texture":"#texture"},"up":{"uv":[0,9.65625,0.375,9.28125],"texture":"#texture"},"down":{"uv":[3.03125,11.4375,3.40625,11.8125],"texture":"#texture"}}},{"from":[16.125,7.125,7.25],"to":[17.25,7.25,8.75],"faces":{"north":{"uv":[4.65625,10.03125,4.375,10.0625],"texture":"#texture"},"east":{"uv":[4.71875,10.46875,4.34375,10.5],"texture":"#texture"},"south":{"uv":[4.375,10,4.65625,10.03125],"texture":"#texture"},"west":{"uv":[3.9375,8,4.3125,8.03125],"texture":"#texture"},"up":{"uv":[2.5,9.28125,2.78125,8.90625],"texture":"#texture"},"down":{"uv":[1.90625,8.5625,2.1875,8.9375],"texture":"#texture"}}},{"from":[16.375,7,7.25],"to":[17.25,7.125,8.75],"faces":{"north":{"uv":[6.1875,10.125,5.96875,10.15625],"texture":"#texture"},"east":{"uv":[6.21875,10.46875,5.84375,10.5],"texture":"#texture"},"south":{"uv":[6.1875,10.125,6.40625,10.15625],"texture":"#texture"},"west":{"uv":[5.46875,10.46875,5.84375,10.5],"texture":"#texture"},"up":{"uv":[3.625,13,3.84375,12.625],"texture":"#texture"},"down":{"uv":[3.40625,12.625,3.625,13],"texture":"#texture"}}},{"from":[16.5,6.75,7.25],"to":[17.25,7,8.75],"faces":{"north":{"uv":[4.3125,8.3125,4.125,8.375],"texture":"#texture"},"east":{"uv":[3.03125,10.53125,2.65625,10.59375],"texture":"#texture"},"south":{"uv":[4.34375,10.40625,4.53125,10.46875],"texture":"#texture"},"west":{"uv":[2.6875,10.65625,3.0625,10.71875],"texture":"#texture"},"up":{"uv":[6.625,13,6.8125,12.625],"texture":"#texture"},"down":{"uv":[6.25,12.625,6.4375,13],"texture":"#texture"}}},{"from":[16.625,9.75,7.25],"to":[17.125,9.875,8.75],"faces":{"north":{"uv":[6.875,11.59375,6.75,11.625],"texture":"#texture"},"east":{"uv":[4.3125,8.5,3.9375,8.53125],"texture":"#texture"},"south":{"uv":[6.71875,11.5625,6.84375,11.59375],"texture":"#texture"},"west":{"uv":[5.28125,10.4375,5.65625,10.46875],"texture":"#texture"},"up":{"uv":[5.84375,12.53125,5.96875,12.15625],"texture":"#texture"},"down":{"uv":[5.96875,12.15625,6.09375,12.53125],"texture":"#texture"}}}],"display":{"thirdperson_righthand":{"rotation":[0,-90,0],"translation":[0,0.75,-3]},"thirdperson_lefthand":{"rotation":[0,90,0],"translation":[0,0.75,-3]},"firstperson_righthand":{"rotation":[0,-90,0],"translation":[0,2,-1]},"firstperson_lefthand":{"rotation":[0,90,0],"translation":[0,2,-1]},"ground":{"rotation":[90,0,0],"translation":[0,-40,0],"scale":[5,5,5]},"gui":{"rotation":[0,-180,-29],"translation":[0.9,-0.9,0.4],"scale":[0.85,0.85,0.87]},"fixed":{"translation":[0,-0.5,0],"scale":[1.25,1.25,1.25]}}}