{"textures":{"texture":"items/cooked_porkchop"},"elements":[{"from":[6.625,3.875,13],"to":[9.125,4,13.5],"faces":{"north":{"uv":[8.96,0.96,11.04,3.04],"texture":"#texture"},"east":{"uv":[8.96,0.96,11.04,3.04],"texture":"#texture"},"south":{"uv":[8.96,0.96,11.04,3.04],"texture":"#texture","cullface":"south"},"west":{"uv":[8.96,0.96,11.04,3.04],"texture":"#texture"},"up":{"uv":[8.96,0.96,11.04,3.04],"texture":"#texture"},"down":{"uv":[8.96,0.96,11.04,3.04],"texture":"#texture"}}},{"from":[6.75,4,13],"to":[6.875,4.5,13.5],"faces":{"north":{"uv":[0.96,8.96,3.04,11.04],"texture":"#texture"},"east":{"uv":[0.96,8.96,3.04,11.04],"texture":"#texture"},"south":{"uv":[0.96,8.96,3.04,11.04],"texture":"#texture","cullface":"south"},"west":{"uv":[0.96,8.96,3.04,11.04],"texture":"#texture"},"up":{"uv":[0.96,8.96,3.04,11.04],"texture":"#texture"}}},{"from":[6.75,4.75,14.25],"to":[6.875,5.25,14.375],"faces":{"north":{"uv":[8.96,0.96,11.04,3.04],"texture":"#texture","cullface":"south"},"south":{"uv":[8.96,0.96,11.04,3.04],"texture":"#texture","cullface":"south"},"west":{"uv":[8.96,0.96,11.04,3.04],"texture":"#texture","cullface":"south"},"up":{"uv":[8.96,0.96,11.04,3.04],"texture":"#texture","cullface":"south"},"down":{"uv":[8.96,0.96,11.04,3.04],"texture":"#texture","cullface":"south"}}},{"from":[6.75,4.75,14.375],"to":[6.875,5.125,14.625],"faces":{"east":{"uv":[8.96,0.96,11.04,3.04],"texture":"#texture","cullface":"south"},"south":{"uv":[8.96,0.96,11.04,3.04],"texture":"#texture","cullface":"south"},"west":{"uv":[8.96,0.96,11.04,3.04],"texture":"#texture","cullface":"south"},"up":{"uv":[8.96,0.96,11.04,3.04],"texture":"#texture","cullface":"south"},"down":{"uv":[8.96,0.96,11.04,3.04],"texture":"#texture","cullface":"south"}}},{"from":[6.75,5,14.125],"to":[6.875,5.25,14.25],"faces":{"north":{"uv":[8.96,0.96,11.04,3.04],"texture":"#texture","cullface":"south"},"east":{"uv":[8.96,0.96,11.04,3.04],"texture":"#texture","cullface":"south"},"west":{"uv":[8.96,0.96,11.04,3.04],"texture":"#texture","cullface":"south"},"up":{"uv":[8.96,0.96,11.04,3.04],"texture":"#texture","cullface":"south"},"down":{"uv":[8.96,0.96,11.04,3.04],"texture":"#texture","cullface":"south"}}},{"from":[6.875,3.625,9.25],"to":[8.875,4.375,10.75],"faces":{"north":{"uv":[12.96,0.96,15.04,3.04],"texture":"#texture"},"east":{"uv":[12.96,0.96,15.04,3.04],"texture":"#texture"},"south":{"uv":[12.96,0.96,15.04,3.04],"texture":"#texture"},"west":{"uv":[12.96,0.96,15.04,3.04],"texture":"#texture"},"up":{"uv":[12.96,0.96,15.04,3.04],"texture":"#texture"},"down":{"uv":[12.96,0.96,15.04,3.04],"texture":"#texture"}}},{"from":[6.875,3.625,10.75],"to":[8.875,3.75,14.875],"faces":{"east":{"uv":[12.96,0.96,15.04,3.04],"texture":"#texture","cullface":"south"},"south":{"uv":[12.96,0.96,15.04,3.04],"texture":"#texture","cullface":"south"},"west":{"uv":[12.96,0.96,15.04,3.04],"texture":"#texture","cullface":"south"},"up":{"uv":[12.96,0.96,15.04,3.04],"texture":"#texture","cullface":"south"},"down":{"uv":[12.96,0.96,15.04,3.04],"texture":"#texture","cullface":"south"}}},{"from":[6.875,3.75,10.75],"to":[8.625,3.875,15],"faces":{"east":{"uv":[12.96,0.96,15.04,3.04],"texture":"#texture","cullface":"south"},"south":{"uv":[12.96,0.96,15.04,3.04],"texture":"#texture","cullface":"south"},"west":{"uv":[12.96,0.96,15.04,3.04],"texture":"#texture","cullface":"south"},"up":{"uv":[12.96,0.96,15.04,3.04],"texture":"#texture","cullface":"south"},"down":{"uv":[12.96,0.96,15.04,3.04],"texture":"#texture","cullface":"south"}}},{"from":[6.875,3.875,11.5],"to":[8.875,4.375,13],"faces":{"north":{"uv":[12.96,0.96,15.04,3.04],"texture":"#texture"},"east":{"uv":[12.96,0.96,15.04,3.04],"texture":"#texture"},"south":{"uv":[12.96,0.96,15.04,3.04],"texture":"#texture"},"west":{"uv":[12.96,0.96,15.04,3.04],"texture":"#texture"},"up":{"uv":[12.96,0.96,15.04,3.04],"texture":"#texture"},"down":{"uv":[12.96,0.96,15.04,3.04],"texture":"#texture"}}},{"from":[6.875,3.875,13.5],"to":[8.875,4.375,15],"faces":{"north":{"uv":[12.96,0.96,15.04,3.04],"texture":"#texture","cullface":"south"},"east":{"uv":[12.96,0.96,15.04,3.04],"texture":"#texture","cullface":"south"},"south":{"uv":[12.96,0.96,15.04,3.04],"texture":"#texture","cullface":"south"},"west":{"uv":[12.96,0.96,15.04,3.04],"texture":"#texture","cullface":"south"},"up":{"uv":[12.96,0.96,15.04,3.04],"texture":"#texture","cullface":"south"},"down":{"uv":[12.96,0.96,15.04,3.04],"texture":"#texture","cullface":"south"}}},{"from":[6.875,4,10.875],"to":[8.625,4.125,11],"faces":{"north":{"uv":[0.96,8.96,3.04,11.04],"texture":"#texture"},"south":{"uv":[0.96,8.96,3.04,11.04],"texture":"#texture"},"west":{"uv":[0.96,8.96,3.04,11.04],"texture":"#texture"},"up":{"uv":[0.96,8.96,3.04,11.04],"texture":"#texture"},"down":{"uv":[0.96,8.96,3.04,11.04],"texture":"#texture"}}},{"from":[6.875,4,11],"to":[7,4.125,11.25],"faces":{"west":{"uv":[8.96,0.96,11.04,3.04],"texture":"#texture"},"up":{"uv":[8.96,0.96,11.04,3.04],"texture":"#texture"},"down":{"uv":[8.96,0.96,11.04,3.04],"texture":"#texture"}}},{"from":[6.875,4,11.25],"to":[8.625,4.125,11.375],"faces":{"north":{"uv":[0.96,8.96,3.04,11.04],"texture":"#texture"},"south":{"uv":[0.96,8.96,3.04,11.04],"texture":"#texture"},"west":{"uv":[0.96,8.96,3.04,11.04],"texture":"#texture"},"up":{"uv":[0.96,8.96,3.04,11.04],"texture":"#texture"},"down":{"uv":[0.96,8.96,3.04,11.04],"texture":"#texture"}}},{"from":[6.875,4,13],"to":[8.875,4.375,13.5],"faces":{"up":{"uv":[12.96,0.96,15.04,3.04],"texture":"#texture"}}},{"from":[6.875,4.25,10.75],"to":[8.875,4.375,11.5],"faces":{"east":{"uv":[12.96,0.96,15.04,3.04],"texture":"#texture"},"west":{"uv":[12.96,0.96,15.04,3.04],"texture":"#texture"},"up":{"uv":[12.96,0.96,15.04,3.04],"texture":"#texture"},"down":{"uv":[12.96,0.96,15.04,3.04],"texture":"#texture"}}},{"from":[6.875,4.375,13],"to":[7,4.5,13.5],"faces":{"north":{"uv":[0.96,8.96,3.04,11.04],"texture":"#texture"},"east":{"uv":[0.96,8.96,3.04,11.04],"texture":"#texture"},"south":{"uv":[0.96,8.96,3.04,11.04],"texture":"#texture","cullface":"south"},"up":{"uv":[0.96,8.96,3.04,11.04],"texture":"#texture"}}},{"from":[6.875,4.625,7],"to":[7.5,5.375,10.875],"faces":{"north":{"uv":[4.96,0.96,7.04,3.04],"texture":"#texture"},"east":{"uv":[4.96,0.96,7.04,3.04],"texture":"#texture"},"south":{"uv":[4.96,0.96,7.04,3.04],"texture":"#texture"},"west":{"uv":[4.96,0.96,7.04,3.04],"texture":"#texture"},"up":{"uv":[4.96,0.96,7.04,3.04],"texture":"#texture"},"down":{"uv":[4.96,0.96,7.04,3.04],"texture":"#texture"}}},{"from":[6.875,4.625,10.875],"to":[8.875,4.875,13.125],"faces":{"north":{"uv":[4.96,0.96,7.04,3.04],"texture":"#texture"},"east":{"uv":[4.96,0.96,7.04,3.04],"texture":"#texture"},"south":{"uv":[4.96,0.96,7.04,3.04],"texture":"#texture"},"west":{"uv":[4.96,0.96,7.04,3.04],"texture":"#texture"},"up":{"uv":[4.96,0.96,7.04,3.04],"texture":"#texture"},"down":{"uv":[4.96,0.96,7.04,3.04],"texture":"#texture"}}},{"from":[6.875,4.625,13.25],"to":[8.875,5.375,13.375],"faces":{"north":{"uv":[4.96,0.96,7.04,3.04],"texture":"#texture"},"east":{"uv":[4.96,0.96,7.04,3.04],"texture":"#texture"},"south":{"uv":[4.96,0.96,7.04,3.04],"texture":"#texture"},"west":{"uv":[4.96,0.96,7.04,3.04],"texture":"#texture"},"up":{"uv":[4.96,0.96,7.04,3.04],"texture":"#texture"},"down":{"uv":[4.96,0.96,7.04,3.04],"texture":"#texture"}}},{"from":[6.875,4.625,13.5],"to":[8.875,5.375,13.625],"faces":{"north":{"uv":[4.96,0.96,7.04,3.04],"texture":"#texture","cullface":"south"},"east":{"uv":[4.96,0.96,7.04,3.04],"texture":"#texture","cullface":"south"},"south":{"uv":[4.96,0.96,7.04,3.04],"texture":"#texture","cullface":"south"},"west":{"uv":[4.96,0.96,7.04,3.04],"texture":"#texture","cullface":"south"},"up":{"uv":[4.96,0.96,7.04,3.04],"texture":"#texture","cullface":"south"},"down":{"uv":[4.96,0.96,7.04,3.04],"texture":"#texture","cullface":"south"}}},{"from":[6.875,4.625,13.75],"to":[8.875,5.375,13.875],"faces":{"north":{"uv":[4.96,0.96,7.04,3.04],"texture":"#texture","cullface":"south"},"east":{"uv":[4.96,0.96,7.04,3.04],"texture":"#texture","cullface":"south"},"south":{"uv":[4.96,0.96,7.04,3.04],"texture":"#texture","cullface":"south"},"west":{"uv":[4.96,0.96,7.04,3.04],"texture":"#texture","cullface":"south"},"up":{"uv":[4.96,0.96,7.04,3.04],"texture":"#texture","cullface":"south"},"down":{"uv":[4.96,0.96,7.04,3.04],"texture":"#texture","cullface":"south"}}},{"from":[6.875,4.625,13.875],"to":[8.75,5.375,14.125],"faces":{"east":{"uv":[4.96,0.96,7.04,3.04],"texture":"#texture","cullface":"south"},"south":{"uv":[4.96,0.96,7.04,3.04],"texture":"#texture","cullface":"south"},"west":{"uv":[4.96,0.96,7.04,3.04],"texture":"#texture","cullface":"south"},"up":{"uv":[4.96,0.96,7.04,3.04],"texture":"#texture","cullface":"south"},"down":{"uv":[4.96,0.96,7.04,3.04],"texture":"#texture","cullface":"south"}}},{"from":[6.875,4.625,14.25],"to":[8.875,5.375,14.375],"faces":{"north":{"uv":[4.96,0.96,7.04,3.04],"texture":"#texture","cullface":"south"},"east":{"uv":[4.96,0.96,7.04,3.04],"texture":"#texture","cullface":"south"},"south":{"uv":[4.96,0.96,7.04,3.04],"texture":"#texture","cullface":"south"},"west":{"uv":[4.96,0.96,7.04,3.04],"texture":"#texture","cullface":"south"},"up":{"uv":[4.96,0.96,7.04,3.04],"texture":"#texture","cullface":"south"},"down":{"uv":[4.96,0.96,7.04,3.04],"texture":"#texture","cullface":"south"}}},{"from":[6.875,4.625,14.5],"to":[8.875,5.375,14.625],"faces":{"north":{"uv":[4.96,0.96,7.04,3.04],"texture":"#texture","cullface":"south"},"east":{"uv":[4.96,0.96,7.04,3.04],"texture":"#texture","cullface":"south"},"south":{"uv":[4.96,0.96,7.04,3.04],"texture":"#texture","cullface":"south"},"west":{"uv":[4.96,0.96,7.04,3.04],"texture":"#texture","cullface":"south"},"up":{"uv":[4.96,0.96,7.04,3.04],"texture":"#texture","cullface":"south"},"down":{"uv":[4.96,0.96,7.04,3.04],"texture":"#texture","cullface":"south"}}},{"from":[6.875,4.625,14.75],"to":[8.875,5.375,15],"faces":{"north":{"uv":[4.96,0.96,7.04,3.04],"texture":"#texture","cullface":"south"},"east":{"uv":[4.96,0.96,7.04,3.04],"texture":"#texture","cullface":"south"},"south":{"uv":[4.96,0.96,7.04,3.04],"texture":"#texture","cullface":"south"},"west":{"uv":[4.96,0.96,7.04,3.04],"texture":"#texture","cullface":"south"},"up":{"uv":[4.96,0.96,7.04,3.04],"texture":"#texture","cullface":"south"},"down":{"uv":[4.96,0.96,7.04,3.04],"texture":"#texture","cullface":"south"}}},{"from":[6.875,4.875,10.875],"to":[8.375,5.125,13.125],"faces":{"north":{"uv":[4.96,0.96,7.04,3.04],"texture":"#texture"},"east":{"uv":[4.96,0.96,7.04,3.04],"texture":"#texture"},"south":{"uv":[4.96,0.96,7.04,3.04],"texture":"#texture"},"west":{"uv":[4.96,0.96,7.04,3.04],"texture":"#texture"},"up":{"uv":[4.96,0.96,7.04,3.04],"texture":"#texture"}}},{"from":[6.875,5.125,10.875],"to":[7,5.375,13.125],"faces":{"east":{"uv":[4.96,0.96,7.04,3.04],"texture":"#texture"},"south":{"uv":[4.96,0.96,7.04,3.04],"texture":"#texture"},"west":{"uv":[4.96,0.96,7.04,3.04],"texture":"#texture"},"up":{"uv":[4.96,0.96,7.04,3.04],"texture":"#texture"}}},{"from":[7,0.5,13.25],"to":[8.75,2.5,14.625],"faces":{"north":{"uv":[12.96,0.96,15.04,3.04],"texture":"#texture","cullface":"south"},"east":{"uv":[12.96,0.96,15.04,3.04],"texture":"#texture","cullface":"south"},"south":{"uv":[12.96,0.96,15.04,3.04],"texture":"#texture","cullface":"south"},"west":{"uv":[12.96,0.96,15.04,3.04],"texture":"#texture","cullface":"south"},"up":{"uv":[12.96,0.96,15.04,3.04],"texture":"#texture","cullface":"south"},"down":{"uv":[12.96,0.96,15.04,3.04],"texture":"#texture","cullface":"south"}}},{"from":[7,0.5,14.625],"to":[8.75,2.25,14.75],"faces":{"east":{"uv":[12.96,0.96,15.04,3.04],"texture":"#texture","cullface":"south"},"south":{"uv":[12.96,0.96,15.04,3.04],"texture":"#texture","cullface":"south"},"west":{"uv":[12.96,0.96,15.04,3.04],"texture":"#texture","cullface":"south"},"up":{"uv":[12.96,0.96,15.04,3.04],"texture":"#texture","cullface":"south"},"down":{"uv":[12.96,0.96,15.04,3.04],"texture":"#texture","cullface":"south"}}},{"from":[7,0.5,14.75],"to":[8.75,1.875,14.875],"faces":{"east":{"uv":[12.96,0.96,15.04,3.04],"texture":"#texture","cullface":"south"},"south":{"uv":[12.96,0.96,15.04,3.04],"texture":"#texture","cullface":"south"},"west":{"uv":[12.96,0.96,15.04,3.04],"texture":"#texture","cullface":"south"},"up":{"uv":[12.96,0.96,15.04,3.04],"texture":"#texture","cullface":"south"},"down":{"uv":[12.96,0.96,15.04,3.04],"texture":"#texture","cullface":"south"}}},{"from":[7,0.5,14.875],"to":[8.75,1.375,15],"faces":{"east":{"uv":[12.96,0.96,15.04,3.04],"texture":"#texture","cullface":"south"},"south":{"uv":[12.96,0.96,15.04,3.04],"texture":"#texture","cullface":"south"},"west":{"uv":[12.96,0.96,15.04,3.04],"texture":"#texture","cullface":"south"},"up":{"uv":[12.96,0.96,15.04,3.04],"texture":"#texture","cullface":"south"},"down":{"uv":[12.96,0.96,15.04,3.04],"texture":"#texture","cullface":"south"}}},{"from":[7,0.625,13.125],"to":[8.75,2.5,13.25],"faces":{"north":{"uv":[12.96,0.96,15.04,3.04],"texture":"#texture"},"east":{"uv":[12.96,0.96,15.04,3.04],"texture":"#texture"},"west":{"uv":[12.96,0.96,15.04,3.04],"texture":"#texture"},"up":{"uv":[12.96,0.96,15.04,3.04],"texture":"#texture"},"down":{"uv":[12.96,0.96,15.04,3.04],"texture":"#texture"}}},{"from":[7,1,13],"to":[8.75,2.5,13.125],"faces":{"north":{"uv":[12.96,0.96,15.04,3.04],"texture":"#texture"},"east":{"uv":[12.96,0.96,15.04,3.04],"texture":"#texture"},"west":{"uv":[12.96,0.96,15.04,3.04],"texture":"#texture"},"up":{"uv":[12.96,0.96,15.04,3.04],"texture":"#texture"},"down":{"uv":[12.96,0.96,15.04,3.04],"texture":"#texture"}}},{"from":[7,1.375,12.875],"to":[8.75,3.625,13],"faces":{"north":{"uv":[12.96,0.96,15.04,3.04],"texture":"#texture"},"east":{"uv":[12.96,0.96,15.04,3.04],"texture":"#texture"},"south":{"uv":[12.96,0.96,15.04,3.04],"texture":"#texture"},"west":{"uv":[12.96,0.96,15.04,3.04],"texture":"#texture"},"down":{"uv":[12.96,0.96,15.04,3.04],"texture":"#texture"}}},{"from":[7,1.875,12.75],"to":[8.75,3.625,12.875],"faces":{"north":{"uv":[12.96,0.96,15.04,3.04],"texture":"#texture"},"east":{"uv":[12.96,0.96,15.04,3.04],"texture":"#texture"},"west":{"uv":[12.96,0.96,15.04,3.04],"texture":"#texture"},"down":{"uv":[12.96,0.96,15.04,3.04],"texture":"#texture"}}},{"from":[7,2.5,14.25],"to":[8.75,3.625,14.5],"faces":{"north":{"uv":[12.96,0.96,15.04,3.04],"texture":"#texture","cullface":"south"},"east":{"uv":[12.96,0.96,15.04,3.04],"texture":"#texture","cullface":"south"},"south":{"uv":[12.96,0.96,15.04,3.04],"texture":"#texture","cullface":"south"},"west":{"uv":[12.96,0.96,15.04,3.04],"texture":"#texture","cullface":"south"}}},{"from":[7,2.5,14.5],"to":[8.75,3,14.625],"faces":{"east":{"uv":[12.96,0.96,15.04,3.04],"texture":"#texture","cullface":"south"},"south":{"uv":[12.96,0.96,15.04,3.04],"texture":"#texture","cullface":"south"},"west":{"uv":[12.96,0.96,15.04,3.04],"texture":"#texture","cullface":"south"},"up":{"uv":[12.96,0.96,15.04,3.04],"texture":"#texture","cullface":"south"}}},{"from":[7,2.625,13.125],"to":[8.75,2.875,14.125],"faces":{"north":{"uv":[12.96,0.96,15.04,3.04],"texture":"#texture","cullface":"south"},"east":{"uv":[12.96,0.96,15.04,3.04],"texture":"#texture","cullface":"south"},"south":{"uv":[12.96,0.96,15.04,3.04],"texture":"#texture","cullface":"south"},"west":{"uv":[12.96,0.96,15.04,3.04],"texture":"#texture","cullface":"south"},"up":{"uv":[12.96,0.96,15.04,3.04],"texture":"#texture","cullface":"south"},"down":{"uv":[12.96,0.96,15.04,3.04],"texture":"#texture","cullface":"south"}}},{"from":[7,3,12.625],"to":[8.75,3.625,12.75],"faces":{"north":{"uv":[12.96,0.96,15.04,3.04],"texture":"#texture"},"east":{"uv":[12.96,0.96,15.04,3.04],"texture":"#texture"},"west":{"uv":[12.96,0.96,15.04,3.04],"texture":"#texture"},"down":{"uv":[12.96,0.96,15.04,3.04],"texture":"#texture"}}},{"from":[7,3.125,12.5],"to":[8.75,3.625,12.625],"faces":{"north":{"uv":[12.96,0.96,15.04,3.04],"texture":"#texture"},"east":{"uv":[12.96,0.96,15.04,3.04],"texture":"#texture"},"west":{"uv":[12.96,0.96,15.04,3.04],"texture":"#texture"},"down":{"uv":[12.96,0.96,15.04,3.04],"texture":"#texture"}}},{"from":[7,3.25,14.5],"to":[8.75,3.625,14.625],"faces":{"east":{"uv":[12.96,0.96,15.04,3.04],"texture":"#texture","cullface":"south"},"south":{"uv":[12.96,0.96,15.04,3.04],"texture":"#texture","cullface":"south"},"west":{"uv":[12.96,0.96,15.04,3.04],"texture":"#texture","cullface":"south"},"down":{"uv":[12.96,0.96,15.04,3.04],"texture":"#texture","cullface":"south"}}},{"from":[7,3.375,12.25],"to":[8.75,3.625,12.5],"faces":{"north":{"uv":[12.96,0.96,15.04,3.04],"texture":"#texture"},"east":{"uv":[12.96,0.96,15.04,3.04],"texture":"#texture"},"west":{"uv":[12.96,0.96,15.04,3.04],"texture":"#texture"},"down":{"uv":[12.96,0.96,15.04,3.04],"texture":"#texture"}}},{"from":[7,3.375,13],"to":[8.75,3.625,14.25],"faces":{"east":{"uv":[12.96,0.96,15.04,3.04],"texture":"#texture","cullface":"south"},"west":{"uv":[12.96,0.96,15.04,3.04],"texture":"#texture","cullface":"south"},"down":{"uv":[12.96,0.96,15.04,3.04],"texture":"#texture","cullface":"south"}}},{"from":[7,3.375,14.625],"to":[8.75,3.625,14.75],"faces":{"east":{"uv":[12.96,0.96,15.04,3.04],"texture":"#texture","cullface":"south"},"south":{"uv":[12.96,0.96,15.04,3.04],"texture":"#texture","cullface":"south"},"west":{"uv":[12.96,0.96,15.04,3.04],"texture":"#texture","cullface":"south"},"down":{"uv":[12.96,0.96,15.04,3.04],"texture":"#texture","cullface":"south"}}},{"from":[7,3.5,11.875],"to":[8.875,3.625,12],"faces":{"north":{"uv":[12.96,0.96,15.04,3.04],"texture":"#texture"},"east":{"uv":[12.96,0.96,15.04,3.04],"texture":"#texture"},"south":{"uv":[12.96,0.96,15.04,3.04],"texture":"#texture"},"west":{"uv":[12.96,0.96,15.04,3.04],"texture":"#texture"},"down":{"uv":[12.96,0.96,15.04,3.04],"texture":"#texture"}}},{"from":[7,3.5,12],"to":[8.75,3.625,12.25],"faces":{"east":{"uv":[12.96,0.96,15.04,3.04],"texture":"#texture"},"west":{"uv":[12.96,0.96,15.04,3.04],"texture":"#texture"},"down":{"uv":[12.96,0.96,15.04,3.04],"texture":"#texture"}}},{"from":[7,3.875,10.75],"to":[7.125,4.25,10.875],"faces":{"south":{"uv":[4.96,4.96,7.04,7.04],"texture":"#texture"},"west":{"uv":[4.96,4.96,7.04,7.04],"texture":"#texture"}}},{"from":[7,3.875,10.875],"to":[7.125,4,11.5],"faces":{"east":{"uv":[4.96,4.96,7.04,7.04],"texture":"#texture"},"west":{"uv":[4.96,4.96,7.04,7.04],"texture":"#texture"},"up":{"uv":[4.96,4.96,7.04,7.04],"texture":"#texture"}}},{"from":[7,4,7],"to":[8.75,4.375,9.125],"faces":{"north":{"uv":[4.96,0.96,7.04,3.04],"texture":"#texture"},"east":{"uv":[4.96,0.96,7.04,3.04],"texture":"#texture"},"south":{"uv":[4.96,0.96,7.04,3.04],"texture":"#texture"},"west":{"uv":[4.96,0.96,7.04,3.04],"texture":"#texture"},"up":{"uv":[4.96,0.96,7.04,3.04],"texture":"#texture"},"down":{"uv":[4.96,0.96,7.04,3.04],"texture":"#texture"}}},{"from":[7,4,9.125],"to":[7.125,4.375,9.25],"faces":{"west":{"uv":[4.96,0.96,7.04,3.04],"texture":"#texture"},"up":{"uv":[4.96,0.96,7.04,3.04],"texture":"#texture"},"down":{"uv":[4.96,0.96,7.04,3.04],"texture":"#texture"}}},{"from":[7,4,11],"to":[7.125,4.25,11.25],"faces":{"north":{"uv":[4.96,4.96,7.04,7.04],"texture":"#texture"},"south":{"uv":[4.96,4.96,7.04,7.04],"texture":"#texture"},"west":{"uv":[4.96,4.96,7.04,7.04],"texture":"#texture"}}},{"from":[7,4,11.375],"to":[7.125,4.25,11.5],"faces":{"north":{"uv":[4.96,4.96,7.04,7.04],"texture":"#texture"},"west":{"uv":[4.96,4.96,7.04,7.04],"texture":"#texture"}}},{"from":[7,4.125,10.875],"to":[7.125,4.25,11],"faces":{"west":{"uv":[4.96,4.96,7.04,7.04],"texture":"#texture"}}},{"from":[7,4.125,11.25],"to":[7.125,4.25,11.375],"faces":{"west":{"uv":[4.96,4.96,7.04,7.04],"texture":"#texture"}}},{"from":[7,4.5,7],"to":[8.75,4.625,14.75],"faces":{"north":{"uv":[12.96,0.96,15.04,3.04],"texture":"#texture","cullface":"south"},"east":{"uv":[12.96,0.96,15.04,3.04],"texture":"#texture","cullface":"south"},"south":{"uv":[12.96,0.96,15.04,3.04],"texture":"#texture","cullface":"south"},"west":{"uv":[12.96,0.96,15.04,3.04],"texture":"#texture","cullface":"south"},"up":{"uv":[12.96,0.96,15.04,3.04],"texture":"#texture","cullface":"south"},"down":{"uv":[12.96,0.96,15.04,3.04],"texture":"#texture","cullface":"south"}}},{"from":[7,4.625,13.125],"to":[8.75,5.375,13.25],"faces":{"north":{"uv":[4.96,0.96,7.04,3.04],"texture":"#texture"},"east":{"uv":[4.96,0.96,7.04,3.04],"texture":"#texture"},"west":{"uv":[4.96,0.96,7.04,3.04],"texture":"#texture"},"up":{"uv":[4.96,0.96,7.04,3.04],"texture":"#texture"}}},{"from":[7,4.625,13.375],"to":[8.75,5.375,13.5],"faces":{"east":{"uv":[4.96,0.96,7.04,3.04],"texture":"#texture"},"west":{"uv":[4.96,0.96,7.04,3.04],"texture":"#texture"},"up":{"uv":[4.96,0.96,7.04,3.04],"texture":"#texture"}}},{"from":[7,4.625,13.625],"to":[8.75,5.375,13.75],"faces":{"east":{"uv":[4.96,0.96,7.04,3.04],"texture":"#texture","cullface":"south"},"west":{"uv":[4.96,0.96,7.04,3.04],"texture":"#texture","cullface":"south"},"up":{"uv":[4.96,0.96,7.04,3.04],"texture":"#texture","cullface":"south"}}},{"from":[7,4.625,14.125],"to":[8.75,5.375,14.25],"faces":{"east":{"uv":[4.96,0.96,7.04,3.04],"texture":"#texture","cullface":"south"},"west":{"uv":[4.96,0.96,7.04,3.04],"texture":"#texture","cullface":"south"},"up":{"uv":[4.96,0.96,7.04,3.04],"texture":"#texture","cullface":"south"}}},{"from":[7,4.625,14.375],"to":[8.75,5.375,14.5],"faces":{"east":{"uv":[4.96,0.96,7.04,3.04],"texture":"#texture","cullface":"south"},"west":{"uv":[4.96,0.96,7.04,3.04],"texture":"#texture","cullface":"south"},"up":{"uv":[4.96,0.96,7.04,3.04],"texture":"#texture","cullface":"south"}}},{"from":[7,4.625,14.625],"to":[8.75,5.375,14.75],"faces":{"east":{"uv":[4.96,0.96,7.04,3.04],"texture":"#texture","cullface":"south"},"west":{"uv":[4.96,0.96,7.04,3.04],"texture":"#texture","cullface":"south"},"up":{"uv":[4.96,0.96,7.04,3.04],"texture":"#texture","cullface":"south"}}},{"from":[7,5.125,10.875],"to":[7.125,5.25,12],"faces":{"east":{"uv":[12.96,4.96,15.04,7.04],"texture":"#texture"},"up":{"uv":[12.96,4.96,15.04,7.04],"texture":"#texture"}}},{"from":[7,5.125,12],"to":[8.5,5.25,12.5],"faces":{"north":{"uv":[4.96,0.96,7.04,3.04],"texture":"#texture"},"east":{"uv":[4.96,0.96,7.04,3.04],"texture":"#texture"},"south":{"uv":[4.96,0.96,7.04,3.04],"texture":"#texture"},"up":{"uv":[4.96,0.96,7.04,3.04],"texture":"#texture"},"down":{"uv":[4.96,0.96,7.04,3.04],"texture":"#texture"}}},{"from":[7,5.125,12.5],"to":[8.375,5.375,13.125],"faces":{"north":{"uv":[4.96,0.96,7.04,3.04],"texture":"#texture"},"east":{"uv":[4.96,0.96,7.04,3.04],"texture":"#texture"},"up":{"uv":[4.96,0.96,7.04,3.04],"texture":"#texture"}}},{"from":[7,5.25,12],"to":[7.5,5.375,12.5],"faces":{"north":{"uv":[4.96,0.96,7.04,3.04],"texture":"#texture"},"east":{"uv":[4.96,0.96,7.04,3.04],"texture":"#texture"}}},{"from":[7,5.375,7],"to":[8.75,5.5,10.875],"faces":{"north":{"uv":[12.96,0.96,15.04,3.04],"texture":"#texture"},"east":{"uv":[12.96,0.96,15.04,3.04],"texture":"#texture"},"south":{"uv":[12.96,0.96,15.04,3.04],"texture":"#texture"},"west":{"uv":[12.96,0.96,15.04,3.04],"texture":"#texture"},"up":{"uv":[12.96,0.96,15.04,3.04],"texture":"#texture"},"down":{"uv":[12.96,0.96,15.04,3.04],"texture":"#texture"}}},{"from":[7,5.375,12],"to":[7.5,5.5,14.875],"faces":{"north":{"uv":[12.96,0.96,15.04,3.04],"texture":"#texture","cullface":"south"},"east":{"uv":[12.96,0.96,15.04,3.04],"texture":"#texture","cullface":"south"},"south":{"uv":[12.96,0.96,15.04,3.04],"texture":"#texture","cullface":"south"},"west":{"uv":[12.96,0.96,15.04,3.04],"texture":"#texture","cullface":"south"},"up":{"uv":[12.96,0.96,15.04,3.04],"texture":"#texture","cullface":"south"},"down":{"uv":[12.96,0.96,15.04,3.04],"texture":"#texture","cullface":"south"}}},{"from":[7,5.5,14.125],"to":[8.75,5.625,14.5],"faces":{"north":{"uv":[12.96,0.96,15.04,3.04],"texture":"#texture","cullface":"south"},"east":{"uv":[12.96,0.96,15.04,3.04],"texture":"#texture","cullface":"south"},"south":{"uv":[12.96,0.96,15.04,3.04],"texture":"#texture","cullface":"south"},"west":{"uv":[12.96,0.96,15.04,3.04],"texture":"#texture","cullface":"south"},"up":{"uv":[12.96,0.96,15.04,3.04],"texture":"#texture","cullface":"south"},"down":{"uv":[12.96,0.96,15.04,3.04],"texture":"#texture","cullface":"south"}}},{"from":[7.125,0.375,13.375],"to":[8.625,0.5,14.875],"faces":{"north":{"uv":[4.96,4.96,7.04,7.04],"texture":"#texture","cullface":"south"},"east":{"uv":[4.96,4.96,7.04,7.04],"texture":"#texture","cullface":"south"},"south":{"uv":[4.96,4.96,7.04,7.04],"texture":"#texture","cullface":"south"},"west":{"uv":[4.96,4.96,7.04,7.04],"texture":"#texture","cullface":"south"},"up":{"uv":[4.96,4.96,7.04,7.04],"texture":"#texture","cullface":"south"},"down":{"uv":[4.96,4.96,7.04,7.04],"texture":"#texture","cullface":"south"}}},{"from":[7.125,2.5,13],"to":[7.25,3.375,13.125],"faces":{"south":{"uv":[4.96,0.96,7.04,3.04],"texture":"#texture"},"west":{"uv":[4.96,0.96,7.04,3.04],"texture":"#texture"}}},{"from":[7.125,2.5,13.125],"to":[7.25,2.625,14.25],"faces":{"west":{"uv":[4.96,0.96,7.04,3.04],"texture":"#texture","cullface":"south"},"up":{"uv":[4.96,0.96,7.04,3.04],"texture":"#texture","cullface":"south"},"down":{"uv":[4.96,0.96,7.04,3.04],"texture":"#texture","cullface":"south"}}},{"from":[7.125,2.625,14.125],"to":[7.25,3.375,14.25],"faces":{"north":{"uv":[4.96,0.96,7.04,3.04],"texture":"#texture","cullface":"south"},"west":{"uv":[4.96,0.96,7.04,3.04],"texture":"#texture","cullface":"south"}}},{"from":[7.125,2.875,13.125],"to":[7.25,3.375,14.125],"faces":{"west":{"uv":[4.96,0.96,7.04,3.04],"texture":"#texture","cullface":"south"}}},{"from":[7.125,3.625,7],"to":[7.25,4,9.25],"faces":{"north":{"uv":[4.96,0.96,7.04,3.04],"texture":"#texture"},"west":{"uv":[4.96,0.96,7.04,3.04],"texture":"#texture"},"up":{"uv":[4.96,0.96,7.04,3.04],"texture":"#texture"},"down":{"uv":[4.96,0.96,7.04,3.04],"texture":"#texture"}}},{"from":[7.125,3.875,10.75],"to":[8.625,4.25,10.875],"faces":{"east":{"uv":[12.96,0.96,15.04,3.04],"texture":"#texture"},"south":{"uv":[12.96,0.96,15.04,3.04],"texture":"#texture"}}},{"from":[7.125,3.875,10.875],"to":[8.75,4,11.375],"faces":{"north":{"uv":[12.96,0.96,15.04,3.04],"texture":"#texture"},"east":{"uv":[12.96,0.96,15.04,3.04],"texture":"#texture"},"south":{"uv":[12.96,0.96,15.04,3.04],"texture":"#texture"},"up":{"uv":[12.96,0.96,15.04,3.04],"texture":"#texture"},"down":{"uv":[12.96,0.96,15.04,3.04],"texture":"#texture"}}},{"from":[7.125,3.875,11.375],"to":[8.625,4.25,11.5],"faces":{"north":{"uv":[12.96,0.96,15.04,3.04],"texture":"#texture"},"east":{"uv":[12.96,0.96,15.04,3.04],"texture":"#texture"},"west":{"uv":[12.96,0.96,15.04,3.04],"texture":"#texture"}}},{"from":[7.125,4,9.125],"to":[8.625,4.375,9.25],"faces":{"up":{"uv":[12.96,0.96,15.04,3.04],"texture":"#texture"},"down":{"uv":[12.96,0.96,15.04,3.04],"texture":"#texture"}}},{"from":[7.125,4,11],"to":[8.625,4.25,11.25],"faces":{"north":{"uv":[12.96,0.96,15.04,3.04],"texture":"#texture"},"east":{"uv":[12.96,0.96,15.04,3.04],"texture":"#texture"},"south":{"uv":[12.96,0.96,15.04,3.04],"texture":"#texture"}}},{"from":[7.125,4.125,10.875],"to":[8.875,4.25,11],"faces":{"north":{"uv":[12.96,0.96,15.04,3.04],"texture":"#texture"},"east":{"uv":[12.96,0.96,15.04,3.04],"texture":"#texture"},"south":{"uv":[12.96,0.96,15.04,3.04],"texture":"#texture"},"down":{"uv":[12.96,0.96,15.04,3.04],"texture":"#texture"}}},{"from":[7.125,4.125,11.25],"to":[8.875,4.25,11.375],"faces":{"north":{"uv":[12.96,0.96,15.04,3.04],"texture":"#texture"},"east":{"uv":[12.96,0.96,15.04,3.04],"texture":"#texture"},"south":{"uv":[12.96,0.96,15.04,3.04],"texture":"#texture"},"down":{"uv":[12.96,0.96,15.04,3.04],"texture":"#texture"}}},{"from":[7.125,4.375,7],"to":[7.25,4.5,14.625],"faces":{"north":{"uv":[4.96,4.96,7.04,7.04],"texture":"#texture","cullface":"south"},"east":{"uv":[4.96,4.96,7.04,7.04],"texture":"#texture","cullface":"south"},"south":{"uv":[4.96,4.96,7.04,7.04],"texture":"#texture","cullface":"south"},"west":{"uv":[4.96,4.96,7.04,7.04],"texture":"#texture","cullface":"south"},"down":{"uv":[4.96,4.96,7.04,7.04],"texture":"#texture","cullface":"south"}}},{"from":[7.125,5.125,10.875],"to":[8.5,5.25,11.875],"faces":{"north":{"uv":[4.96,0.96,7.04,3.04],"texture":"#texture"},"south":{"uv":[4.96,0.96,7.04,3.04],"texture":"#texture"},"down":{"uv":[4.96,0.96,7.04,3.04],"texture":"#texture"}}},{"from":[7.125,5.25,10.875],"to":[8.625,5.375,12],"faces":{"north":{"uv":[8.96,0.96,11.04,3.04],"texture":"#texture"},"east":{"uv":[8.96,0.96,11.04,3.04],"texture":"#texture"},"south":{"uv":[8.96,0.96,11.04,3.04],"texture":"#texture"},"west":{"uv":[8.96,0.96,11.04,3.04],"texture":"#texture"},"up":{"uv":[8.96,0.96,11.04,3.04],"texture":"#texture"},"down":{"uv":[8.96,0.96,11.04,3.04],"texture":"#texture"}}},{"from":[7.125,5.625,14.125],"to":[7.75,5.75,14.5],"faces":{"north":{"uv":[12.96,0.96,15.04,3.04],"texture":"#texture","cullface":"south"},"east":{"uv":[12.96,0.96,15.04,3.04],"texture":"#texture","cullface":"south"},"south":{"uv":[12.96,0.96,15.04,3.04],"texture":"#texture","cullface":"south"},"west":{"uv":[12.96,0.96,15.04,3.04],"texture":"#texture","cullface":"south"},"up":{"uv":[12.96,0.96,15.04,3.04],"texture":"#texture","cullface":"south"}}},{"from":[7.125,5.75,14.125],"to":[7.625,5.875,14.5],"faces":{"north":{"uv":[12.96,0.96,15.04,3.04],"texture":"#texture","cullface":"south"},"east":{"uv":[12.96,0.96,15.04,3.04],"texture":"#texture","cullface":"south"},"south":{"uv":[12.96,0.96,15.04,3.04],"texture":"#texture","cullface":"south"},"west":{"uv":[12.96,0.96,15.04,3.04],"texture":"#texture","cullface":"south"},"up":{"uv":[12.96,0.96,15.04,3.04],"texture":"#texture","cullface":"south"}}},{"from":[7.25,2.5,13],"to":[8.5,3.375,13.125],"faces":{"south":{"uv":[12.96,0.96,15.04,3.04],"texture":"#texture"}}},{"from":[7.25,2.5,13.125],"to":[8.5,2.625,14.25],"faces":{"up":{"uv":[12.96,0.96,15.04,3.04],"texture":"#texture","cullface":"south"},"down":{"uv":[12.96,0.96,15.04,3.04],"texture":"#texture","cullface":"south"}}},{"from":[7.25,2.625,14.125],"to":[8.5,3.375,14.25],"faces":{"north":{"uv":[12.96,0.96,15.04,3.04],"texture":"#texture","cullface":"south"}}},{"from":[7.25,3.625,6.875],"to":[8.5,4.625,7],"faces":{"north":{"uv":[12.96,0.96,15.04,3.04],"texture":"#texture"},"east":{"uv":[12.96,0.96,15.04,3.04],"texture":"#texture"},"south":{"uv":[12.96,0.96,15.04,3.04],"texture":"#texture"},"west":{"uv":[12.96,0.96,15.04,3.04],"texture":"#texture"},"up":{"uv":[12.96,0.96,15.04,3.04],"texture":"#texture"},"down":{"uv":[12.96,0.96,15.04,3.04],"texture":"#texture"}}},{"from":[7.25,3.625,7],"to":[8.5,4,9.25],"faces":{"up":{"uv":[12.96,0.96,15.04,3.04],"texture":"#texture"},"down":{"uv":[12.96,0.96,15.04,3.04],"texture":"#texture"}}},{"from":[7.25,4.375,7],"to":[8.5,4.5,14.5],"faces":{"down":{"uv":[12.96,0.96,15.04,3.04],"texture":"#texture","cullface":"south"}}},{"from":[7.25,4.375,14.5],"to":[8.625,4.5,14.625],"faces":{"north":{"uv":[4.96,4.96,7.04,7.04],"texture":"#texture","cullface":"south"},"east":{"uv":[4.96,4.96,7.04,7.04],"texture":"#texture","cullface":"south"},"south":{"uv":[4.96,4.96,7.04,7.04],"texture":"#texture","cullface":"south"}}},{"from":[7.25,4.625,6.875],"to":[7.625,5.5,7],"faces":{"north":{"uv":[12.96,0.96,15.04,3.04],"texture":"#texture"},"east":{"uv":[12.96,0.96,15.04,3.04],"texture":"#texture"},"south":{"uv":[12.96,0.96,15.04,3.04],"texture":"#texture"},"west":{"uv":[12.96,0.96,15.04,3.04],"texture":"#texture"},"up":{"uv":[12.96,0.96,15.04,3.04],"texture":"#texture"}}},{"from":[7.25,5.875,14.25],"to":[7.5,6,14.375],"faces":{"north":{"uv":[4.96,8.96,7.04,11.04],"texture":"#texture","cullface":"south"},"east":{"uv":[4.96,8.96,7.04,11.04],"texture":"#texture","cullface":"south"},"south":{"uv":[4.96,8.96,7.04,11.04],"texture":"#texture","cullface":"south"},"west":{"uv":[4.96,8.96,7.04,11.04],"texture":"#texture","cullface":"south"},"up":{"uv":[4.96,8.96,7.04,11.04],"texture":"#texture","cullface":"south"}}},{"from":[7.375,1.875,12.625],"to":[8.375,2.75,12.75],"faces":{"north":{"uv":[12.96,0.96,15.04,3.04],"texture":"#texture"},"east":{"uv":[12.96,0.96,15.04,3.04],"texture":"#texture"},"west":{"uv":[12.96,0.96,15.04,3.04],"texture":"#texture"},"up":{"uv":[12.96,0.96,15.04,3.04],"texture":"#texture"},"down":{"uv":[12.96,0.96,15.04,3.04],"texture":"#texture"}}},{"from":[7.375,3.5,10.25],"to":[8.375,3.625,11.25],"faces":{"north":{"uv":[12.96,0.96,15.04,3.04],"texture":"#texture"},"east":{"uv":[12.96,0.96,15.04,3.04],"texture":"#texture"},"south":{"uv":[12.96,0.96,15.04,3.04],"texture":"#texture"},"west":{"uv":[12.96,0.96,15.04,3.04],"texture":"#texture"},"up":{"uv":[12.96,0.96,15.04,3.04],"texture":"#texture"},"down":{"uv":[12.96,0.96,15.04,3.04],"texture":"#texture"}}},{"from":[7.375,4.375,6.75],"to":[8.375,4.625,6.875],"faces":{"north":{"uv":[12.96,0.96,15.04,3.04],"texture":"#texture"},"east":{"uv":[12.96,0.96,15.04,3.04],"texture":"#texture"},"west":{"uv":[12.96,0.96,15.04,3.04],"texture":"#texture"},"up":{"uv":[12.96,0.96,15.04,3.04],"texture":"#texture"},"down":{"uv":[12.96,0.96,15.04,3.04],"texture":"#texture"}}},{"from":[7.375,4.5,0.875],"to":[8.375,4.625,4.875],"faces":{"north":{"uv":[4.96,4.96,7.04,7.04],"texture":"#texture"},"east":{"uv":[4.96,4.96,7.04,7.04],"texture":"#texture"},"west":{"uv":[4.96,4.96,7.04,7.04],"texture":"#texture"},"up":{"uv":[4.96,4.96,7.04,7.04],"texture":"#texture"},"down":{"uv":[4.96,4.96,7.04,7.04],"texture":"#texture"}}},{"from":[7.375,4.5,4.875],"to":[8.375,4.625,5.625],"faces":{"east":{"uv":[12.96,0.96,15.04,3.04],"texture":"#texture"},"west":{"uv":[12.96,0.96,15.04,3.04],"texture":"#texture"},"up":{"uv":[12.96,0.96,15.04,3.04],"texture":"#texture"},"down":{"uv":[12.96,0.96,15.04,3.04],"texture":"#texture"}}},{"from":[7.375,4.5,5.625],"to":[8.375,4.625,6.5],"faces":{"east":{"uv":[4.96,4.96,7.04,7.04],"texture":"#texture"},"south":{"uv":[4.96,4.96,7.04,7.04],"texture":"#texture"},"west":{"uv":[4.96,4.96,7.04,7.04],"texture":"#texture"},"up":{"uv":[4.96,4.96,7.04,7.04],"texture":"#texture"},"down":{"uv":[4.96,4.96,7.04,7.04],"texture":"#texture"}}},{"from":[7.375,4.5,6.5],"to":[7.5,5.25,6.625],"faces":{"north":{"uv":[4.96,4.96,7.04,7.04],"texture":"#texture"},"east":{"uv":[4.96,4.96,7.04,7.04],"texture":"#texture"},"south":{"uv":[4.96,4.96,7.04,7.04],"texture":"#texture"},"west":{"uv":[4.96,4.96,7.04,7.04],"texture":"#texture"},"up":{"uv":[4.96,4.96,7.04,7.04],"texture":"#texture"},"down":{"uv":[4.96,4.96,7.04,7.04],"texture":"#texture"}}},{"from":[7.375,4.625,0.875],"to":[7.75,4.75,1],"faces":{"north":{"uv":[4.96,4.96,7.04,7.04],"texture":"#texture"},"east":{"uv":[4.96,4.96,7.04,7.04],"texture":"#texture"},"south":{"uv":[4.96,4.96,7.04,7.04],"texture":"#texture"},"west":{"uv":[4.96,4.96,7.04,7.04],"texture":"#texture"},"up":{"uv":[4.96,4.96,7.04,7.04],"texture":"#texture"}}},{"from":[7.375,4.625,1],"to":[7.625,5.25,4.875],"faces":{"north":{"uv":[4.96,4.96,7.04,7.04],"texture":"#texture"},"east":{"uv":[4.96,4.96,7.04,7.04],"texture":"#texture"},"west":{"uv":[4.96,4.96,7.04,7.04],"texture":"#texture"},"up":{"uv":[4.96,4.96,7.04,7.04],"texture":"#texture"}}},{"from":[7.375,4.625,4.875],"to":[7.625,5.25,5],"faces":{"east":{"uv":[12.96,0.96,15.04,3.04],"texture":"#texture"},"south":{"uv":[12.96,0.96,15.04,3.04],"texture":"#texture"},"west":{"uv":[12.96,0.96,15.04,3.04],"texture":"#texture"},"up":{"uv":[12.96,0.96,15.04,3.04],"texture":"#texture"}}},{"from":[7.375,4.625,5],"to":[7.5,4.75,5.125],"faces":{"west":{"uv":[0.96,8.96,3.04,11.04],"texture":"#texture"}}},{"from":[7.375,4.625,5.125],"to":[7.625,4.75,5.25],"faces":{"north":{"uv":[12.96,0.96,15.04,3.04],"texture":"#texture"},"east":{"uv":[12.96,0.96,15.04,3.04],"texture":"#texture"},"south":{"uv":[12.96,0.96,15.04,3.04],"texture":"#texture"},"west":{"uv":[12.96,0.96,15.04,3.04],"texture":"#texture"},"up":{"uv":[12.96,0.96,15.04,3.04],"texture":"#texture"}}},{"from":[7.375,4.625,5.25],"to":[7.5,4.75,5.375],"faces":{"west":{"uv":[0.96,8.96,3.04,11.04],"texture":"#texture"}}},{"from":[7.375,4.625,5.375],"to":[7.625,4.75,5.625],"faces":{"north":{"uv":[12.96,0.96,15.04,3.04],"texture":"#texture"},"east":{"uv":[12.96,0.96,15.04,3.04],"texture":"#texture"},"west":{"uv":[12.96,0.96,15.04,3.04],"texture":"#texture"},"up":{"uv":[12.96,0.96,15.04,3.04],"texture":"#texture"}}},{"from":[7.375,4.625,5.625],"to":[7.625,5.25,6.5],"faces":{"north":{"uv":[4.96,4.96,7.04,7.04],"texture":"#texture"},"east":{"uv":[4.96,4.96,7.04,7.04],"texture":"#texture"},"south":{"uv":[4.96,4.96,7.04,7.04],"texture":"#texture"},"west":{"uv":[4.96,4.96,7.04,7.04],"texture":"#texture"},"up":{"uv":[4.96,4.96,7.04,7.04],"texture":"#texture"}}},{"from":[7.375,4.625,6.75],"to":[7.625,5.375,6.875],"faces":{"north":{"uv":[12.96,0.96,15.04,3.04],"texture":"#texture"},"east":{"uv":[12.96,0.96,15.04,3.04],"texture":"#texture"},"west":{"uv":[12.96,0.96,15.04,3.04],"texture":"#texture"},"up":{"uv":[12.96,0.96,15.04,3.04],"texture":"#texture"}}},{"from":[7.375,4.75,0.875],"to":[7.625,5.25,1],"faces":{"north":{"uv":[4.96,4.96,7.04,7.04],"texture":"#texture"},"east":{"uv":[4.96,4.96,7.04,7.04],"texture":"#texture"},"west":{"uv":[4.96,4.96,7.04,7.04],"texture":"#texture"},"up":{"uv":[4.96,4.96,7.04,7.04],"texture":"#texture"}}},{"from":[7.375,4.75,5],"to":[7.625,4.875,5.125],"faces":{"east":{"uv":[12.96,0.96,15.04,3.04],"texture":"#texture"},"south":{"uv":[12.96,0.96,15.04,3.04],"texture":"#texture"},"west":{"uv":[12.96,0.96,15.04,3.04],"texture":"#texture"},"up":{"uv":[12.96,0.96,15.04,3.04],"texture":"#texture"},"down":{"uv":[12.96,0.96,15.04,3.04],"texture":"#texture"}}},{"from":[7.375,4.75,5.125],"to":[7.5,4.875,5.25],"faces":{"west":{"uv":[0.96,8.96,3.04,11.04],"texture":"#texture"}}},{"from":[7.375,4.75,5.25],"to":[7.625,4.875,5.375],"faces":{"north":{"uv":[12.96,0.96,15.04,3.04],"texture":"#texture"},"east":{"uv":[12.96,0.96,15.04,3.04],"texture":"#texture"},"south":{"uv":[12.96,0.96,15.04,3.04],"texture":"#texture"},"west":{"uv":[12.96,0.96,15.04,3.04],"texture":"#texture"},"up":{"uv":[12.96,0.96,15.04,3.04],"texture":"#texture"},"down":{"uv":[12.96,0.96,15.04,3.04],"texture":"#texture"}}},{"from":[7.375,4.75,5.375],"to":[7.5,4.875,5.5],"faces":{"west":{"uv":[0.96,8.96,3.04,11.04],"texture":"#texture"}}},{"from":[7.375,4.75,5.5],"to":[7.625,5.25,5.625],"faces":{"north":{"uv":[12.96,0.96,15.04,3.04],"texture":"#texture"},"east":{"uv":[12.96,0.96,15.04,3.04],"texture":"#texture"},"west":{"uv":[12.96,0.96,15.04,3.04],"texture":"#texture"},"up":{"uv":[12.96,0.96,15.04,3.04],"texture":"#texture"}}},{"from":[7.375,4.875,5],"to":[7.5,5,5.125],"faces":{"west":{"uv":[0.96,8.96,3.04,11.04],"texture":"#texture"}}},{"from":[7.375,4.875,5.125],"to":[7.625,5,5.25],"faces":{"north":{"uv":[12.96,0.96,15.04,3.04],"texture":"#texture"},"east":{"uv":[12.96,0.96,15.04,3.04],"texture":"#texture"},"south":{"uv":[12.96,0.96,15.04,3.04],"texture":"#texture"},"west":{"uv":[12.96,0.96,15.04,3.04],"texture":"#texture"},"up":{"uv":[12.96,0.96,15.04,3.04],"texture":"#texture"},"down":{"uv":[12.96,0.96,15.04,3.04],"texture":"#texture"}}},{"from":[7.375,4.875,5.25],"to":[7.5,5,5.375],"faces":{"west":{"uv":[0.96,8.96,3.04,11.04],"texture":"#texture"}}},{"from":[7.375,4.875,5.375],"to":[7.625,5,5.5],"faces":{"north":{"uv":[12.96,0.96,15.04,3.04],"texture":"#texture"},"east":{"uv":[12.96,0.96,15.04,3.04],"texture":"#texture"},"west":{"uv":[12.96,0.96,15.04,3.04],"texture":"#texture"},"up":{"uv":[12.96,0.96,15.04,3.04],"texture":"#texture"},"down":{"uv":[12.96,0.96,15.04,3.04],"texture":"#texture"}}},{"from":[7.375,5,5],"to":[7.625,5.25,5.125],"faces":{"east":{"uv":[12.96,0.96,15.04,3.04],"texture":"#texture"},"south":{"uv":[12.96,0.96,15.04,3.04],"texture":"#texture"},"west":{"uv":[12.96,0.96,15.04,3.04],"texture":"#texture"},"up":{"uv":[12.96,0.96,15.04,3.04],"texture":"#texture"},"down":{"uv":[12.96,0.96,15.04,3.04],"texture":"#texture"}}},{"from":[7.375,5,5.125],"to":[7.5,5.125,5.25],"faces":{"west":{"uv":[0.96,8.96,3.04,11.04],"texture":"#texture"}}},{"from":[7.375,5,5.25],"to":[7.625,5.25,5.375],"faces":{"north":{"uv":[12.96,0.96,15.04,3.04],"texture":"#texture"},"east":{"uv":[12.96,0.96,15.04,3.04],"texture":"#texture"},"south":{"uv":[12.96,0.96,15.04,3.04],"texture":"#texture"},"west":{"uv":[12.96,0.96,15.04,3.04],"texture":"#texture"},"up":{"uv":[12.96,0.96,15.04,3.04],"texture":"#texture"},"down":{"uv":[12.96,0.96,15.04,3.04],"texture":"#texture"}}},{"from":[7.375,5,5.375],"to":[7.5,5.125,5.5],"faces":{"west":{"uv":[0.96,8.96,3.04,11.04],"texture":"#texture"}}},{"from":[7.375,5.125,5.125],"to":[8.375,5.25,5.25],"faces":{"north":{"uv":[12.96,0.96,15.04,3.04],"texture":"#texture"},"east":{"uv":[12.96,0.96,15.04,3.04],"texture":"#texture"},"south":{"uv":[12.96,0.96,15.04,3.04],"texture":"#texture"},"west":{"uv":[12.96,0.96,15.04,3.04],"texture":"#texture"},"up":{"uv":[12.96,0.96,15.04,3.04],"texture":"#texture"},"down":{"uv":[12.96,0.96,15.04,3.04],"texture":"#texture"}}},{"from":[7.375,5.125,5.375],"to":[8.375,5.25,5.5],"faces":{"north":{"uv":[12.96,0.96,15.04,3.04],"texture":"#texture"},"east":{"uv":[12.96,0.96,15.04,3.04],"texture":"#texture"},"south":{"uv":[12.96,0.96,15.04,3.04],"texture":"#texture"},"west":{"uv":[12.96,0.96,15.04,3.04],"texture":"#texture"},"up":{"uv":[12.96,0.96,15.04,3.04],"texture":"#texture"},"down":{"uv":[12.96,0.96,15.04,3.04],"texture":"#texture"}}},{"from":[7.5,2,12.5],"to":[8.25,2.625,12.625],"faces":{"north":{"uv":[12.96,0.96,15.04,3.04],"texture":"#texture"},"east":{"uv":[12.96,0.96,15.04,3.04],"texture":"#texture"},"west":{"uv":[12.96,0.96,15.04,3.04],"texture":"#texture"},"up":{"uv":[12.96,0.96,15.04,3.04],"texture":"#texture"},"down":{"uv":[12.96,0.96,15.04,3.04],"texture":"#texture"}}},{"from":[7.5,2.25,10.75],"to":[8.25,3.5,10.875],"faces":{"north":{"uv":[12.96,0.96,15.04,3.04],"texture":"#texture"},"east":{"uv":[12.96,0.96,15.04,3.04],"texture":"#texture"},"south":{"uv":[12.96,0.96,15.04,3.04],"texture":"#texture"},"west":{"uv":[12.96,0.96,15.04,3.04],"texture":"#texture"},"down":{"uv":[12.96,0.96,15.04,3.04],"texture":"#texture"}}},{"from":[7.5,2.25,10.875],"to":[8.25,2.5,12.5],"faces":{"east":{"uv":[12.96,0.96,15.04,3.04],"texture":"#texture"},"west":{"uv":[12.96,0.96,15.04,3.04],"texture":"#texture"},"up":{"uv":[12.96,0.96,15.04,3.04],"texture":"#texture"},"down":{"uv":[12.96,0.96,15.04,3.04],"texture":"#texture"}}},{"from":[7.5,2.375,10.625],"to":[8.25,3.5,10.75],"faces":{"north":{"uv":[12.96,0.96,15.04,3.04],"texture":"#texture"},"east":{"uv":[12.96,0.96,15.04,3.04],"texture":"#texture"},"west":{"uv":[12.96,0.96,15.04,3.04],"texture":"#texture"},"down":{"uv":[12.96,0.96,15.04,3.04],"texture":"#texture"}}},{"from":[7.5,3,12.375],"to":[8.25,3.375,12.5],"faces":{"north":{"uv":[12.96,0.96,15.04,3.04],"texture":"#texture"},"east":{"uv":[12.96,0.96,15.04,3.04],"texture":"#texture"},"south":{"uv":[12.96,0.96,15.04,3.04],"texture":"#texture"},"west":{"uv":[12.96,0.96,15.04,3.04],"texture":"#texture"},"down":{"uv":[12.96,0.96,15.04,3.04],"texture":"#texture"}}},{"from":[7.5,3,12.5],"to":[8.25,3.125,12.625],"faces":{"east":{"uv":[12.96,0.96,15.04,3.04],"texture":"#texture"},"west":{"uv":[12.96,0.96,15.04,3.04],"texture":"#texture"},"down":{"uv":[12.96,0.96,15.04,3.04],"texture":"#texture"}}},{"from":[7.5,3.375,10.5],"to":[8.25,3.5,10.625],"faces":{"north":{"uv":[12.96,0.96,15.04,3.04],"texture":"#texture"},"east":{"uv":[12.96,0.96,15.04,3.04],"texture":"#texture"},"west":{"uv":[12.96,0.96,15.04,3.04],"texture":"#texture"},"down":{"uv":[12.96,0.96,15.04,3.04],"texture":"#texture"}}},{"from":[7.5,3.375,10.875],"to":[8.25,3.5,11],"faces":{"east":{"uv":[12.96,0.96,15.04,3.04],"texture":"#texture"},"south":{"uv":[12.96,0.96,15.04,3.04],"texture":"#texture"},"west":{"uv":[12.96,0.96,15.04,3.04],"texture":"#texture"},"down":{"uv":[12.96,0.96,15.04,3.04],"texture":"#texture"}}},{"from":[7.5,4.375,0.875],"to":[8.25,4.5,4.875],"faces":{"north":{"uv":[4.96,4.96,7.04,7.04],"texture":"#texture"},"east":{"uv":[4.96,4.96,7.04,7.04],"texture":"#texture"},"west":{"uv":[4.96,4.96,7.04,7.04],"texture":"#texture"},"down":{"uv":[4.96,4.96,7.04,7.04],"texture":"#texture"}}},{"from":[7.5,4.375,4.875],"to":[8.25,4.5,5],"faces":{"east":{"uv":[12.96,0.96,15.04,3.04],"texture":"#texture"},"south":{"uv":[12.96,0.96,15.04,3.04],"texture":"#texture"},"west":{"uv":[12.96,0.96,15.04,3.04],"texture":"#texture"},"down":{"uv":[12.96,0.96,15.04,3.04],"texture":"#texture"}}},{"from":[7.5,4.375,5],"to":[7.75,4.5,5.125],"faces":{"south":{"uv":[12.96,0.96,15.04,3.04],"texture":"#texture"},"west":{"uv":[12.96,0.96,15.04,3.04],"texture":"#texture"},"down":{"uv":[12.96,0.96,15.04,3.04],"texture":"#texture"}}},{"from":[7.5,4.375,5.125],"to":[7.625,4.5,5.625],"faces":{"east":{"uv":[12.96,0.96,15.04,3.04],"texture":"#texture"},"west":{"uv":[12.96,0.96,15.04,3.04],"texture":"#texture"},"down":{"uv":[12.96,0.96,15.04,3.04],"texture":"#texture"}}},{"from":[7.5,4.375,5.625],"to":[8.25,4.5,6.625],"faces":{"north":{"uv":[4.96,4.96,7.04,7.04],"texture":"#texture"},"east":{"uv":[4.96,4.96,7.04,7.04],"texture":"#texture"},"south":{"uv":[4.96,4.96,7.04,7.04],"texture":"#texture"},"west":{"uv":[4.96,4.96,7.04,7.04],"texture":"#texture"},"up":{"uv":[4.96,4.96,7.04,7.04],"texture":"#texture"},"down":{"uv":[4.96,4.96,7.04,7.04],"texture":"#texture"}}},{"from":[7.5,4.5,6.5],"to":[8.25,4.625,6.75],"faces":{"east":{"uv":[12.96,0.96,15.04,3.04],"texture":"#texture"},"west":{"uv":[12.96,0.96,15.04,3.04],"texture":"#texture"},"up":{"uv":[12.96,0.96,15.04,3.04],"texture":"#texture"},"down":{"uv":[12.96,0.96,15.04,3.04],"texture":"#texture"}}},{"from":[7.5,4.625,0.75],"to":[7.75,4.75,0.875],"faces":{"north":{"uv":[4.96,4.96,7.04,7.04],"texture":"#texture"},"east":{"uv":[4.96,4.96,7.04,7.04],"texture":"#texture"},"west":{"uv":[4.96,4.96,7.04,7.04],"texture":"#texture"},"up":{"uv":[4.96,4.96,7.04,7.04],"texture":"#texture"},"down":{"uv":[4.96,4.96,7.04,7.04],"texture":"#texture"}}},{"from":[7.5,4.625,5],"to":[7.625,4.75,5.125],"faces":{"east":{"uv":[12.96,0.96,15.04,3.04],"texture":"#texture"}}},{"from":[7.5,4.625,5.25],"to":[7.625,4.75,5.375],"faces":{"east":{"uv":[12.96,0.96,15.04,3.04],"texture":"#texture"}}},{"from":[7.5,4.625,6.5],"to":[7.625,5.25,6.75],"faces":{"east":{"uv":[12.96,0.96,15.04,3.04],"texture":"#texture"},"west":{"uv":[12.96,0.96,15.04,3.04],"texture":"#texture"},"up":{"uv":[12.96,0.96,15.04,3.04],"texture":"#texture"}}},{"from":[7.5,4.625,7],"to":[7.625,5.125,8.75],"faces":{"east":{"uv":[12.96,0.96,15.04,3.04],"texture":"#texture"}}},{"from":[7.5,4.625,8.75],"to":[7.625,5.375,10.875],"faces":{"north":{"uv":[4.96,0.96,7.04,3.04],"texture":"#texture"},"east":{"uv":[4.96,0.96,7.04,3.04],"texture":"#texture"},"south":{"uv":[4.96,0.96,7.04,3.04],"texture":"#texture"}}},{"from":[7.5,4.75,0.75],"to":[7.625,5.125,0.875],"faces":{"north":{"uv":[4.96,4.96,7.04,7.04],"texture":"#texture"},"east":{"uv":[4.96,4.96,7.04,7.04],"texture":"#texture"},"west":{"uv":[4.96,4.96,7.04,7.04],"texture":"#texture"},"up":{"uv":[4.96,4.96,7.04,7.04],"texture":"#texture"}}},{"from":[7.5,4.75,5.125],"to":[7.625,4.875,5.25],"faces":{"east":{"uv":[12.96,0.96,15.04,3.04],"texture":"#texture"}}},{"from":[7.5,4.75,5.375],"to":[7.625,4.875,5.5],"faces":{"east":{"uv":[12.96,0.96,15.04,3.04],"texture":"#texture"}}},{"from":[7.5,4.875,5],"to":[7.625,5,5.125],"faces":{"east":{"uv":[12.96,0.96,15.04,3.04],"texture":"#texture"}}},{"from":[7.5,4.875,5.25],"to":[7.625,5,5.375],"faces":{"east":{"uv":[12.96,0.96,15.04,3.04],"texture":"#texture"}}},{"from":[7.5,5,5.125],"to":[7.625,5.125,5.25],"faces":{"east":{"uv":[12.96,0.96,15.04,3.04],"texture":"#texture"}}},{"from":[7.5,5,5.375],"to":[7.625,5.125,5.5],"faces":{"east":{"uv":[12.96,0.96,15.04,3.04],"texture":"#texture"}}},{"from":[7.5,5.125,7],"to":[7.625,5.375,8.75],"faces":{"east":{"uv":[4.96,0.96,7.04,3.04],"texture":"#texture"}}},{"from":[7.5,5.25,0.875],"to":[8.25,5.375,4.875],"faces":{"north":{"uv":[4.96,4.96,7.04,7.04],"texture":"#texture"},"east":{"uv":[4.96,4.96,7.04,7.04],"texture":"#texture"},"west":{"uv":[4.96,4.96,7.04,7.04],"texture":"#texture"},"up":{"uv":[4.96,4.96,7.04,7.04],"texture":"#texture"},"down":{"uv":[4.96,4.96,7.04,7.04],"texture":"#texture"}}},{"from":[7.5,5.25,4.875],"to":[8.25,5.375,5],"faces":{"east":{"uv":[12.96,0.96,15.04,3.04],"texture":"#texture"},"south":{"uv":[12.96,0.96,15.04,3.04],"texture":"#texture"},"west":{"uv":[12.96,0.96,15.04,3.04],"texture":"#texture"},"up":{"uv":[12.96,0.96,15.04,3.04],"texture":"#texture"},"down":{"uv":[12.96,0.96,15.04,3.04],"texture":"#texture"}}},{"from":[7.5,5.25,5],"to":[7.75,5.375,5.125],"faces":{"south":{"uv":[12.96,0.96,15.04,3.04],"texture":"#texture"},"west":{"uv":[12.96,0.96,15.04,3.04],"texture":"#texture"},"up":{"uv":[12.96,0.96,15.04,3.04],"texture":"#texture"},"down":{"uv":[12.96,0.96,15.04,3.04],"texture":"#texture"}}},{"from":[7.5,5.25,5.125],"to":[7.625,5.375,5.625],"faces":{"east":{"uv":[12.96,0.96,15.04,3.04],"texture":"#texture"},"west":{"uv":[12.96,0.96,15.04,3.04],"texture":"#texture"},"up":{"uv":[12.96,0.96,15.04,3.04],"texture":"#texture"},"down":{"uv":[12.96,0.96,15.04,3.04],"texture":"#texture"}}},{"from":[7.5,5.25,5.625],"to":[8.25,5.375,6.625],"faces":{"north":{"uv":[4.96,4.96,7.04,7.04],"texture":"#texture"},"east":{"uv":[4.96,4.96,7.04,7.04],"texture":"#texture"},"south":{"uv":[4.96,4.96,7.04,7.04],"texture":"#texture"},"west":{"uv":[4.96,4.96,7.04,7.04],"texture":"#texture"},"up":{"uv":[4.96,4.96,7.04,7.04],"texture":"#texture"},"down":{"uv":[4.96,4.96,7.04,7.04],"texture":"#texture"}}},{"from":[7.5,5.25,12],"to":[8.25,5.375,12.25],"faces":{"up":{"uv":[8.96,0.96,11.04,3.04],"texture":"#texture"}}},{"from":[7.5,5.25,12.25],"to":[8.625,5.375,12.375],"faces":{"north":{"uv":[4.96,0.96,7.04,3.04],"texture":"#texture"},"south":{"uv":[4.96,0.96,7.04,3.04],"texture":"#texture"},"up":{"uv":[4.96,0.96,7.04,3.04],"texture":"#texture"},"down":{"uv":[4.96,0.96,7.04,3.04],"texture":"#texture"}}},{"from":[7.5,5.25,12.375],"to":[8.5,5.375,12.5],"faces":{"south":{"uv":[4.96,0.96,7.04,3.04],"texture":"#texture"},"up":{"uv":[4.96,0.96,7.04,3.04],"texture":"#texture"}}},{"from":[7.5,5.375,12.25],"to":[7.625,5.5,14.875],"faces":{"north":{"uv":[12.96,0.96,15.04,3.04],"texture":"#texture","cullface":"south"},"east":{"uv":[12.96,0.96,15.04,3.04],"texture":"#texture","cullface":"south"},"south":{"uv":[12.96,0.96,15.04,3.04],"texture":"#texture","cullface":"south"},"up":{"uv":[12.96,0.96,15.04,3.04],"texture":"#texture","cullface":"south"},"down":{"uv":[12.96,0.96,15.04,3.04],"texture":"#texture","cullface":"south"}}},{"from":[7.5,5.5,7],"to":[8.25,5.75,7.25],"faces":{"north":{"uv":[12.96,0.96,15.04,3.04],"texture":"#texture"},"east":{"uv":[12.96,0.96,15.04,3.04],"texture":"#texture"},"south":{"uv":[12.96,0.96,15.04,3.04],"texture":"#texture"},"west":{"uv":[12.96,0.96,15.04,3.04],"texture":"#texture"},"up":{"uv":[12.96,0.96,15.04,3.04],"texture":"#texture"}}},{"from":[7.625,2.125,10.625],"to":[8.125,2.375,10.75],"faces":{"north":{"uv":[12.96,0.96,15.04,3.04],"texture":"#texture"},"east":{"uv":[12.96,0.96,15.04,3.04],"texture":"#texture"},"south":{"uv":[12.96,0.96,15.04,3.04],"texture":"#texture"},"west":{"uv":[12.96,0.96,15.04,3.04],"texture":"#texture"},"down":{"uv":[12.96,0.96,15.04,3.04],"texture":"#texture"}}},{"from":[7.625,2.125,10.75],"to":[8.125,2.25,12.5],"faces":{"east":{"uv":[12.96,0.96,15.04,3.04],"texture":"#texture"},"west":{"uv":[12.96,0.96,15.04,3.04],"texture":"#texture"},"up":{"uv":[12.96,0.96,15.04,3.04],"texture":"#texture"},"down":{"uv":[12.96,0.96,15.04,3.04],"texture":"#texture"}}},{"from":[7.625,2.25,10.5],"to":[8.125,3.375,10.625],"faces":{"north":{"uv":[12.96,0.96,15.04,3.04],"texture":"#texture"},"east":{"uv":[12.96,0.96,15.04,3.04],"texture":"#texture"},"south":{"uv":[12.96,0.96,15.04,3.04],"texture":"#texture"},"west":{"uv":[12.96,0.96,15.04,3.04],"texture":"#texture"},"down":{"uv":[12.96,0.96,15.04,3.04],"texture":"#texture"}}},{"from":[7.625,2.5,10.875],"to":[8.125,3.375,11],"faces":{"east":{"uv":[12.96,0.96,15.04,3.04],"texture":"#texture"},"south":{"uv":[12.96,0.96,15.04,3.04],"texture":"#texture"},"west":{"uv":[12.96,0.96,15.04,3.04],"texture":"#texture"}}},{"from":[7.625,2.5,11],"to":[8.125,2.625,12.5],"faces":{"east":{"uv":[12.96,0.96,15.04,3.04],"texture":"#texture"},"west":{"uv":[12.96,0.96,15.04,3.04],"texture":"#texture"},"up":{"uv":[12.96,0.96,15.04,3.04],"texture":"#texture"}}},{"from":[7.625,3.25,12.125],"to":[8.125,3.5,12.25],"faces":{"north":{"uv":[8.96,4.96,11.04,7.04],"texture":"#texture"},"east":{"uv":[8.96,4.96,11.04,7.04],"texture":"#texture"},"south":{"uv":[8.96,4.96,11.04,7.04],"texture":"#texture"},"west":{"uv":[8.96,4.96,11.04,7.04],"texture":"#texture"},"down":{"uv":[8.96,4.96,11.04,7.04],"texture":"#texture"}}},{"from":[7.625,3.25,12.25],"to":[8.125,3.375,12.375],"faces":{"east":{"uv":[8.96,4.96,11.04,7.04],"texture":"#texture"},"west":{"uv":[8.96,4.96,11.04,7.04],"texture":"#texture"},"down":{"uv":[8.96,4.96,11.04,7.04],"texture":"#texture"}}},{"from":[7.625,4.375,5.125],"to":[7.75,4.5,5.25],"faces":{"down":{"uv":[0.96,8.96,3.04,11.04],"texture":"#texture"}}},{"from":[7.625,4.375,5.25],"to":[7.75,4.5,5.375],"faces":{"down":{"uv":[12.96,0.96,15.04,3.04],"texture":"#texture"}}},{"from":[7.625,4.375,5.375],"to":[7.75,4.5,5.5],"faces":{"down":{"uv":[0.96,8.96,3.04,11.04],"texture":"#texture"}}},{"from":[7.625,4.375,5.5],"to":[8.25,4.5,5.625],"faces":{"north":{"uv":[12.96,0.96,15.04,3.04],"texture":"#texture"},"east":{"uv":[12.96,0.96,15.04,3.04],"texture":"#texture"},"down":{"uv":[12.96,0.96,15.04,3.04],"texture":"#texture"}}},{"from":[7.625,4.5,0.75],"to":[8.125,4.625,0.875],"faces":{"north":{"uv":[4.96,4.96,7.04,7.04],"texture":"#texture"},"east":{"uv":[4.96,4.96,7.04,7.04],"texture":"#texture"},"west":{"uv":[4.96,4.96,7.04,7.04],"texture":"#texture"},"up":{"uv":[4.96,4.96,7.04,7.04],"texture":"#texture"},"down":{"uv":[4.96,4.96,7.04,7.04],"texture":"#texture"}}},{"from":[7.625,4.625,2.375],"to":[8.125,5.125,2.5],"faces":{"north":{"uv":[12.96,4.96,15.04,7.04],"texture":"#texture"}}},{"from":[7.625,4.625,2.5],"to":[8.375,5.25,4.875],"faces":{"north":{"uv":[4.96,4.96,7.04,7.04],"texture":"#texture"},"east":{"uv":[4.96,4.96,7.04,7.04],"texture":"#texture"},"south":{"uv":[4.96,4.96,7.04,7.04],"texture":"#texture"},"up":{"uv":[4.96,4.96,7.04,7.04],"texture":"#texture"}}},{"from":[7.625,4.625,8.75],"to":[8.125,5.125,8.875],"faces":{"north":{"uv":[12.96,4.96,15.04,7.04],"texture":"#texture"}}},{"from":[7.625,4.625,8.875],"to":[8.875,5.375,10.875],"faces":{"north":{"uv":[4.96,0.96,7.04,3.04],"texture":"#texture"},"east":{"uv":[4.96,0.96,7.04,3.04],"texture":"#texture"},"south":{"uv":[4.96,0.96,7.04,3.04],"texture":"#texture"},"up":{"uv":[4.96,0.96,7.04,3.04],"texture":"#texture"},"down":{"uv":[4.96,0.96,7.04,3.04],"texture":"#texture"}}},{"from":[7.625,5,0.75],"to":[7.75,5.25,1],"faces":{"north":{"uv":[4.96,4.96,7.04,7.04],"texture":"#texture"},"east":{"uv":[4.96,4.96,7.04,7.04],"texture":"#texture"},"south":{"uv":[4.96,4.96,7.04,7.04],"texture":"#texture"},"west":{"uv":[4.96,4.96,7.04,7.04],"texture":"#texture"},"up":{"uv":[4.96,4.96,7.04,7.04],"texture":"#texture"},"down":{"uv":[4.96,4.96,7.04,7.04],"texture":"#texture"}}},{"from":[7.625,5.125,1],"to":[8.375,5.25,2.5],"faces":{"north":{"uv":[4.96,4.96,7.04,7.04],"texture":"#texture"},"east":{"uv":[4.96,4.96,7.04,7.04],"texture":"#texture"},"up":{"uv":[4.96,4.96,7.04,7.04],"texture":"#texture"},"down":{"uv":[4.96,4.96,7.04,7.04],"texture":"#texture"}}},{"from":[7.625,5.125,4.875],"to":[8.375,5.25,5.125],"faces":{"east":{"uv":[12.96,0.96,15.04,3.04],"texture":"#texture"},"west":{"uv":[12.96,0.96,15.04,3.04],"texture":"#texture"},"up":{"uv":[12.96,0.96,15.04,3.04],"texture":"#texture"},"down":{"uv":[12.96,0.96,15.04,3.04],"texture":"#texture"}}},{"from":[7.625,5.125,5.25],"to":[8.375,5.25,5.375],"faces":{"east":{"uv":[12.96,0.96,15.04,3.04],"texture":"#texture"},"up":{"uv":[12.96,0.96,15.04,3.04],"texture":"#texture"},"down":{"uv":[12.96,0.96,15.04,3.04],"texture":"#texture"}}},{"from":[7.625,5.125,5.5],"to":[8.375,5.25,5.625],"faces":{"east":{"uv":[12.96,0.96,15.04,3.04],"texture":"#texture"},"up":{"uv":[12.96,0.96,15.04,3.04],"texture":"#texture"},"down":{"uv":[12.96,0.96,15.04,3.04],"texture":"#texture"}}},{"from":[7.625,5.125,5.625],"to":[8.375,5.25,6.5],"faces":{"east":{"uv":[4.96,4.96,7.04,7.04],"texture":"#texture"},"south":{"uv":[4.96,4.96,7.04,7.04],"texture":"#texture"},"up":{"uv":[4.96,4.96,7.04,7.04],"texture":"#texture"},"down":{"uv":[4.96,4.96,7.04,7.04],"texture":"#texture"}}},{"from":[7.625,5.125,6.5],"to":[8.25,5.25,8.75],"faces":{"east":{"uv":[12.96,0.96,15.04,3.04],"texture":"#texture"},"south":{"uv":[12.96,0.96,15.04,3.04],"texture":"#texture"},"west":{"uv":[12.96,0.96,15.04,3.04],"texture":"#texture"},"up":{"uv":[12.96,0.96,15.04,3.04],"texture":"#texture"},"down":{"uv":[12.96,0.96,15.04,3.04],"texture":"#texture"}}},{"from":[7.625,5.25,5.125],"to":[7.75,5.375,5.25],"faces":{"up":{"uv":[0.96,8.96,3.04,11.04],"texture":"#texture"}}},{"from":[7.625,5.25,5.25],"to":[7.75,5.375,5.375],"faces":{"up":{"uv":[12.96,0.96,15.04,3.04],"texture":"#texture"}}},{"from":[7.625,5.25,5.375],"to":[7.75,5.375,5.5],"faces":{"up":{"uv":[0.96,8.96,3.04,11.04],"texture":"#texture"}}},{"from":[7.625,5.25,5.5],"to":[8.25,5.375,5.625],"faces":{"north":{"uv":[12.96,0.96,15.04,3.04],"texture":"#texture"},"east":{"uv":[12.96,0.96,15.04,3.04],"texture":"#texture"},"up":{"uv":[12.96,0.96,15.04,3.04],"texture":"#texture"}}},{"from":[7.625,5.25,6.75],"to":[8.375,5.375,7],"faces":{"north":{"uv":[12.96,0.96,15.04,3.04],"texture":"#texture"},"east":{"uv":[12.96,0.96,15.04,3.04],"texture":"#texture"},"west":{"uv":[12.96,0.96,15.04,3.04],"texture":"#texture"},"up":{"uv":[12.96,0.96,15.04,3.04],"texture":"#texture"},"down":{"uv":[12.96,0.96,15.04,3.04],"texture":"#texture"}}},{"from":[7.625,5.25,7],"to":[8.875,5.375,8.875],"faces":{"north":{"uv":[4.96,0.96,7.04,3.04],"texture":"#texture"},"east":{"uv":[4.96,0.96,7.04,3.04],"texture":"#texture"},"west":{"uv":[4.96,0.96,7.04,3.04],"texture":"#texture"},"up":{"uv":[4.96,0.96,7.04,3.04],"texture":"#texture"},"down":{"uv":[4.96,0.96,7.04,3.04],"texture":"#texture"}}},{"from":[7.625,5.375,6.875],"to":[8.5,5.5,7],"faces":{"north":{"uv":[12.96,0.96,15.04,3.04],"texture":"#texture"},"east":{"uv":[12.96,0.96,15.04,3.04],"texture":"#texture"},"up":{"uv":[12.96,0.96,15.04,3.04],"texture":"#texture"},"down":{"uv":[12.96,0.96,15.04,3.04],"texture":"#texture"}}},{"from":[7.625,5.375,12.125],"to":[8.125,5.5,12.375],"faces":{"north":{"uv":[0.96,8.96,3.04,11.04],"texture":"#texture"},"east":{"uv":[0.96,8.96,3.04,11.04],"texture":"#texture"},"west":{"uv":[0.96,8.96,3.04,11.04],"texture":"#texture"},"up":{"uv":[0.96,8.96,3.04,11.04],"texture":"#texture"},"down":{"uv":[0.96,8.96,3.04,11.04],"texture":"#texture"}}},{"from":[7.625,5.375,12.375],"to":[8.75,5.5,14.875],"faces":{"north":{"uv":[12.96,0.96,15.04,3.04],"texture":"#texture","cullface":"south"},"east":{"uv":[12.96,0.96,15.04,3.04],"texture":"#texture","cullface":"south"},"south":{"uv":[12.96,0.96,15.04,3.04],"texture":"#texture","cullface":"south"},"up":{"uv":[12.96,0.96,15.04,3.04],"texture":"#texture","cullface":"south"},"down":{"uv":[12.96,0.96,15.04,3.04],"texture":"#texture","cullface":"south"}}},{"from":[7.625,5.5,6.875],"to":[8.125,5.625,7],"faces":{"north":{"uv":[12.96,0.96,15.04,3.04],"texture":"#texture"},"east":{"uv":[12.96,0.96,15.04,3.04],"texture":"#texture"},"west":{"uv":[12.96,0.96,15.04,3.04],"texture":"#texture"},"up":{"uv":[12.96,0.96,15.04,3.04],"texture":"#texture"}}},{"from":[7.625,5.5,7.25],"to":[8.125,5.625,7.375],"faces":{"east":{"uv":[12.96,0.96,15.04,3.04],"texture":"#texture"},"south":{"uv":[12.96,0.96,15.04,3.04],"texture":"#texture"},"west":{"uv":[12.96,0.96,15.04,3.04],"texture":"#texture"},"up":{"uv":[12.96,0.96,15.04,3.04],"texture":"#texture"}}},{"from":[7.75,2.75,11.875],"to":[8,3.125,12.125],"faces":{"north":{"uv":[8.96,4.96,11.04,7.04],"texture":"#texture"},"east":{"uv":[8.96,4.96,11.04,7.04],"texture":"#texture"},"south":{"uv":[8.96,4.96,11.04,7.04],"texture":"#texture"},"west":{"uv":[8.96,4.96,11.04,7.04],"texture":"#texture"},"up":{"uv":[8.96,4.96,11.04,7.04],"texture":"#texture"},"down":{"uv":[8.96,4.96,11.04,7.04],"texture":"#texture"}}},{"from":[7.75,3,12.125],"to":[8,3.25,12.25],"faces":{"north":{"uv":[8.96,4.96,11.04,7.04],"texture":"#texture"},"east":{"uv":[8.96,4.96,11.04,7.04],"texture":"#texture"},"south":{"uv":[8.96,4.96,11.04,7.04],"texture":"#texture"},"west":{"uv":[8.96,4.96,11.04,7.04],"texture":"#texture"},"down":{"uv":[8.96,4.96,11.04,7.04],"texture":"#texture"}}},{"from":[7.75,3.125,12],"to":[8,3.375,12.125],"faces":{"north":{"uv":[8.96,4.96,11.04,7.04],"texture":"#texture"},"east":{"uv":[8.96,4.96,11.04,7.04],"texture":"#texture"},"south":{"uv":[8.96,4.96,11.04,7.04],"texture":"#texture"},"west":{"uv":[8.96,4.96,11.04,7.04],"texture":"#texture"},"up":{"uv":[8.96,4.96,11.04,7.04],"texture":"#texture"}}},{"from":[7.75,3.125,12.25],"to":[8,3.25,12.375],"faces":{"east":{"uv":[8.96,4.96,11.04,7.04],"texture":"#texture"},"west":{"uv":[8.96,4.96,11.04,7.04],"texture":"#texture"},"down":{"uv":[8.96,4.96,11.04,7.04],"texture":"#texture"}}},{"from":[7.75,4.375,5],"to":[7.875,4.5,5.125],"faces":{"down":{"uv":[0.96,8.96,3.04,11.04],"texture":"#texture"}}},{"from":[7.75,4.375,5.125],"to":[7.875,4.5,5.25],"faces":{"down":{"uv":[12.96,0.96,15.04,3.04],"texture":"#texture"}}},{"from":[7.75,4.375,5.25],"to":[7.875,4.5,5.375],"faces":{"down":{"uv":[0.96,8.96,3.04,11.04],"texture":"#texture"}}},{"from":[7.75,4.375,5.375],"to":[7.875,4.5,5.5],"faces":{"down":{"uv":[12.96,0.96,15.04,3.04],"texture":"#texture"}}},{"from":[7.75,5.125,0.75],"to":[8.125,5.25,1],"faces":{"north":{"uv":[4.96,4.96,7.04,7.04],"texture":"#texture"},"east":{"uv":[4.96,4.96,7.04,7.04],"texture":"#texture"},"up":{"uv":[4.96,4.96,7.04,7.04],"texture":"#texture"},"down":{"uv":[4.96,4.96,7.04,7.04],"texture":"#texture"}}},{"from":[7.75,5.25,5],"to":[7.875,5.375,5.125],"faces":{"up":{"uv":[0.96,8.96,3.04,11.04],"texture":"#texture"}}},{"from":[7.75,5.25,5.125],"to":[7.875,5.375,5.25],"faces":{"up":{"uv":[12.96,0.96,15.04,3.04],"texture":"#texture"}}},{"from":[7.75,5.25,5.25],"to":[7.875,5.375,5.375],"faces":{"up":{"uv":[0.96,8.96,3.04,11.04],"texture":"#texture"}}},{"from":[7.75,5.25,5.375],"to":[7.875,5.375,5.5],"faces":{"up":{"uv":[12.96,0.96,15.04,3.04],"texture":"#texture"}}},{"from":[7.75,5.375,11.875],"to":[8,5.5,12.125],"faces":{"north":{"uv":[0.96,8.96,3.04,11.04],"texture":"#texture"},"east":{"uv":[0.96,8.96,3.04,11.04],"texture":"#texture"},"west":{"uv":[0.96,8.96,3.04,11.04],"texture":"#texture"},"up":{"uv":[0.96,8.96,3.04,11.04],"texture":"#texture"},"down":{"uv":[0.96,8.96,3.04,11.04],"texture":"#texture"}}},{"from":[7.75,5.75,7],"to":[8,5.875,7.25],"faces":{"north":{"uv":[12.96,0.96,15.04,3.04],"texture":"#texture"},"east":{"uv":[12.96,0.96,15.04,3.04],"texture":"#texture"},"south":{"uv":[12.96,0.96,15.04,3.04],"texture":"#texture"},"west":{"uv":[12.96,0.96,15.04,3.04],"texture":"#texture"},"up":{"uv":[12.96,0.96,15.04,3.04],"texture":"#texture"}}},{"from":[7.75,5.875,7.125],"to":[8,6,7.25],"faces":{"north":{"uv":[4.96,8.96,7.04,11.04],"texture":"#texture"},"east":{"uv":[4.96,8.96,7.04,11.04],"texture":"#texture"},"south":{"uv":[4.96,8.96,7.04,11.04],"texture":"#texture"},"west":{"uv":[4.96,8.96,7.04,11.04],"texture":"#texture"},"up":{"uv":[4.96,8.96,7.04,11.04],"texture":"#texture"}}},{"from":[7.875,4.375,5],"to":[8,4.5,5.125],"faces":{"down":{"uv":[12.96,0.96,15.04,3.04],"texture":"#texture"}}},{"from":[7.875,4.375,5.125],"to":[8,4.5,5.25],"faces":{"down":{"uv":[0.96,8.96,3.04,11.04],"texture":"#texture"}}},{"from":[7.875,4.375,5.25],"to":[8,4.5,5.375],"faces":{"down":{"uv":[12.96,0.96,15.04,3.04],"texture":"#texture"}}},{"from":[7.875,4.375,5.375],"to":[8,4.5,5.5],"faces":{"down":{"uv":[0.96,8.96,3.04,11.04],"texture":"#texture"}}},{"from":[7.875,5.25,5],"to":[8,5.375,5.125],"faces":{"up":{"uv":[12.96,0.96,15.04,3.04],"texture":"#texture"}}},{"from":[7.875,5.25,5.125],"to":[8,5.375,5.25],"faces":{"up":{"uv":[0.96,8.96,3.04,11.04],"texture":"#texture"}}},{"from":[7.875,5.25,5.25],"to":[8,5.375,5.375],"faces":{"up":{"uv":[12.96,0.96,15.04,3.04],"texture":"#texture"}}},{"from":[7.875,5.25,5.375],"to":[8,5.375,5.5],"faces":{"up":{"uv":[0.96,8.96,3.04,11.04],"texture":"#texture"}}},{"from":[8,4.375,5],"to":[8.125,4.5,5.125],"faces":{"down":{"uv":[0.96,8.96,3.04,11.04],"texture":"#texture"}}},{"from":[8,4.375,5.125],"to":[8.25,4.5,5.25],"faces":{"north":{"uv":[12.96,0.96,15.04,3.04],"texture":"#texture"},"east":{"uv":[12.96,0.96,15.04,3.04],"texture":"#texture"},"south":{"uv":[12.96,0.96,15.04,3.04],"texture":"#texture"},"down":{"uv":[12.96,0.96,15.04,3.04],"texture":"#texture"}}},{"from":[8,4.375,5.25],"to":[8.125,4.5,5.375],"faces":{"down":{"uv":[0.96,8.96,3.04,11.04],"texture":"#texture"}}},{"from":[8,4.375,5.375],"to":[8.25,4.5,5.5],"faces":{"north":{"uv":[12.96,0.96,15.04,3.04],"texture":"#texture"},"east":{"uv":[12.96,0.96,15.04,3.04],"texture":"#texture"},"down":{"uv":[12.96,0.96,15.04,3.04],"texture":"#texture"}}},{"from":[8,4.625,0.75],"to":[8.25,4.75,1],"faces":{"north":{"uv":[4.96,4.96,7.04,7.04],"texture":"#texture"},"east":{"uv":[4.96,4.96,7.04,7.04],"texture":"#texture"},"south":{"uv":[4.96,4.96,7.04,7.04],"texture":"#texture"},"west":{"uv":[4.96,4.96,7.04,7.04],"texture":"#texture"},"up":{"uv":[4.96,4.96,7.04,7.04],"texture":"#texture"},"down":{"uv":[4.96,4.96,7.04,7.04],"texture":"#texture"}}},{"from":[8,5,0.75],"to":[8.25,5.125,1],"faces":{"north":{"uv":[4.96,4.96,7.04,7.04],"texture":"#texture"},"east":{"uv":[4.96,4.96,7.04,7.04],"texture":"#texture"},"south":{"uv":[4.96,4.96,7.04,7.04],"texture":"#texture"},"west":{"uv":[4.96,4.96,7.04,7.04],"texture":"#texture"},"up":{"uv":[4.96,4.96,7.04,7.04],"texture":"#texture"},"down":{"uv":[4.96,4.96,7.04,7.04],"texture":"#texture"}}},{"from":[8,5.25,5],"to":[8.125,5.375,5.125],"faces":{"up":{"uv":[0.96,8.96,3.04,11.04],"texture":"#texture"}}},{"from":[8,5.25,5.125],"to":[8.25,5.375,5.25],"faces":{"north":{"uv":[12.96,0.96,15.04,3.04],"texture":"#texture"},"east":{"uv":[12.96,0.96,15.04,3.04],"texture":"#texture"},"south":{"uv":[12.96,0.96,15.04,3.04],"texture":"#texture"},"up":{"uv":[12.96,0.96,15.04,3.04],"texture":"#texture"}}},{"from":[8,5.25,5.25],"to":[8.125,5.375,5.375],"faces":{"up":{"uv":[0.96,8.96,3.04,11.04],"texture":"#texture"}}},{"from":[8,5.25,5.375],"to":[8.25,5.375,5.5],"faces":{"north":{"uv":[12.96,0.96,15.04,3.04],"texture":"#texture"},"east":{"uv":[12.96,0.96,15.04,3.04],"texture":"#texture"},"up":{"uv":[12.96,0.96,15.04,3.04],"texture":"#texture"}}},{"from":[8,5.625,14.125],"to":[8.625,5.75,14.5],"faces":{"north":{"uv":[12.96,0.96,15.04,3.04],"texture":"#texture","cullface":"south"},"east":{"uv":[12.96,0.96,15.04,3.04],"texture":"#texture","cullface":"south"},"south":{"uv":[12.96,0.96,15.04,3.04],"texture":"#texture","cullface":"south"},"west":{"uv":[12.96,0.96,15.04,3.04],"texture":"#texture","cullface":"south"},"up":{"uv":[12.96,0.96,15.04,3.04],"texture":"#texture","cullface":"south"}}},{"from":[8.125,4.375,5],"to":[8.25,4.5,5.125],"faces":{"east":{"uv":[12.96,0.96,15.04,3.04],"texture":"#texture"},"down":{"uv":[12.96,0.96,15.04,3.04],"texture":"#texture"}}},{"from":[8.125,4.375,5.25],"to":[8.25,4.5,5.375],"faces":{"east":{"uv":[12.96,0.96,15.04,3.04],"texture":"#texture"},"down":{"uv":[12.96,0.96,15.04,3.04],"texture":"#texture"}}},{"from":[8.125,4.625,1],"to":[8.375,5.125,2.5],"faces":{"north":{"uv":[4.96,4.96,7.04,7.04],"texture":"#texture"},"east":{"uv":[4.96,4.96,7.04,7.04],"texture":"#texture"},"west":{"uv":[4.96,4.96,7.04,7.04],"texture":"#texture"}}},{"from":[8.125,4.625,4.875],"to":[8.375,5.125,5],"faces":{"east":{"uv":[12.96,0.96,15.04,3.04],"texture":"#texture"},"south":{"uv":[12.96,0.96,15.04,3.04],"texture":"#texture"},"west":{"uv":[12.96,0.96,15.04,3.04],"texture":"#texture"}}},{"from":[8.125,4.625,5],"to":[8.25,5.125,5.625],"faces":{"east":{"uv":[12.96,0.96,15.04,3.04],"texture":"#texture"},"west":{"uv":[12.96,0.96,15.04,3.04],"texture":"#texture"},"up":{"uv":[12.96,0.96,15.04,3.04],"texture":"#texture"}}},{"from":[8.125,4.625,5.625],"to":[8.375,5.125,6.5],"faces":{"north":{"uv":[4.96,4.96,7.04,7.04],"texture":"#texture"},"east":{"uv":[4.96,4.96,7.04,7.04],"texture":"#texture"},"south":{"uv":[4.96,4.96,7.04,7.04],"texture":"#texture"},"west":{"uv":[4.96,4.96,7.04,7.04],"texture":"#texture"}}},{"from":[8.125,4.625,6.5],"to":[8.25,5.125,8.75],"faces":{"east":{"uv":[12.96,0.96,15.04,3.04],"texture":"#texture"},"west":{"uv":[12.96,0.96,15.04,3.04],"texture":"#texture"},"down":{"uv":[12.96,0.96,15.04,3.04],"texture":"#texture"}}},{"from":[8.125,4.625,8.75],"to":[8.875,5.25,8.875],"faces":{"north":{"uv":[4.96,0.96,7.04,3.04],"texture":"#texture"},"east":{"uv":[4.96,0.96,7.04,3.04],"texture":"#texture"},"west":{"uv":[4.96,0.96,7.04,3.04],"texture":"#texture"},"down":{"uv":[4.96,0.96,7.04,3.04],"texture":"#texture"}}},{"from":[8.125,4.75,0.75],"to":[8.25,5,1],"faces":{"north":{"uv":[4.96,4.96,7.04,7.04],"texture":"#texture"},"east":{"uv":[4.96,4.96,7.04,7.04],"texture":"#texture"},"west":{"uv":[4.96,4.96,7.04,7.04],"texture":"#texture"}}},{"from":[8.125,5.125,0.875],"to":[8.375,5.25,1],"faces":{"north":{"uv":[4.96,4.96,7.04,7.04],"texture":"#texture"},"east":{"uv":[4.96,4.96,7.04,7.04],"texture":"#texture"},"up":{"uv":[4.96,4.96,7.04,7.04],"texture":"#texture"},"down":{"uv":[4.96,4.96,7.04,7.04],"texture":"#texture"}}},{"from":[8.125,5.25,5],"to":[8.25,5.375,5.125],"faces":{"east":{"uv":[12.96,0.96,15.04,3.04],"texture":"#texture"},"up":{"uv":[12.96,0.96,15.04,3.04],"texture":"#texture"}}},{"from":[8.125,5.25,5.25],"to":[8.25,5.375,5.375],"faces":{"east":{"uv":[12.96,0.96,15.04,3.04],"texture":"#texture"},"up":{"uv":[12.96,0.96,15.04,3.04],"texture":"#texture"}}},{"from":[8.125,5.375,12.25],"to":[8.75,5.5,12.375],"faces":{"north":{"uv":[12.96,0.96,15.04,3.04],"texture":"#texture"},"east":{"uv":[12.96,0.96,15.04,3.04],"texture":"#texture"},"up":{"uv":[12.96,0.96,15.04,3.04],"texture":"#texture"},"down":{"uv":[12.96,0.96,15.04,3.04],"texture":"#texture"}}},{"from":[8.125,5.75,14.125],"to":[8.625,5.875,14.5],"faces":{"north":{"uv":[12.96,0.96,15.04,3.04],"texture":"#texture","cullface":"south"},"east":{"uv":[12.96,0.96,15.04,3.04],"texture":"#texture","cullface":"south"},"south":{"uv":[12.96,0.96,15.04,3.04],"texture":"#texture","cullface":"south"},"west":{"uv":[12.96,0.96,15.04,3.04],"texture":"#texture","cullface":"south"},"up":{"uv":[12.96,0.96,15.04,3.04],"texture":"#texture","cullface":"south"}}},{"from":[8.25,4.5,6.5],"to":[8.375,5.25,6.625],"faces":{"north":{"uv":[4.96,4.96,7.04,7.04],"texture":"#texture"},"east":{"uv":[4.96,4.96,7.04,7.04],"texture":"#texture"},"south":{"uv":[4.96,4.96,7.04,7.04],"texture":"#texture"},"west":{"uv":[4.96,4.96,7.04,7.04],"texture":"#texture"},"up":{"uv":[4.96,4.96,7.04,7.04],"texture":"#texture"},"down":{"uv":[4.96,4.96,7.04,7.04],"texture":"#texture"}}},{"from":[8.25,4.625,0.875],"to":[8.375,5.125,1],"faces":{"north":{"uv":[4.96,4.96,7.04,7.04],"texture":"#texture"},"east":{"uv":[4.96,4.96,7.04,7.04],"texture":"#texture"},"west":{"uv":[4.96,4.96,7.04,7.04],"texture":"#texture"}}},{"from":[8.25,4.625,5],"to":[8.375,4.75,5.125],"faces":{"east":{"uv":[0.96,8.96,3.04,11.04],"texture":"#texture"}}},{"from":[8.25,4.625,5.125],"to":[8.375,4.75,5.25],"faces":{"east":{"uv":[12.96,0.96,15.04,3.04],"texture":"#texture"}}},{"from":[8.25,4.625,5.25],"to":[8.375,4.75,5.375],"faces":{"east":{"uv":[0.96,8.96,3.04,11.04],"texture":"#texture"}}},{"from":[8.25,4.625,5.375],"to":[8.375,4.75,5.625],"faces":{"east":{"uv":[12.96,0.96,15.04,3.04],"texture":"#texture"},"up":{"uv":[12.96,0.96,15.04,3.04],"texture":"#texture"}}},{"from":[8.25,4.625,6.75],"to":[8.375,5.25,7],"faces":{"north":{"uv":[12.96,0.96,15.04,3.04],"texture":"#texture"},"east":{"uv":[12.96,0.96,15.04,3.04],"texture":"#texture"},"west":{"uv":[12.96,0.96,15.04,3.04],"texture":"#texture"},"down":{"uv":[12.96,0.96,15.04,3.04],"texture":"#texture"}}},{"from":[8.25,4.625,7],"to":[8.875,5.25,8.75],"faces":{"north":{"uv":[4.96,0.96,7.04,3.04],"texture":"#texture"},"east":{"uv":[4.96,0.96,7.04,3.04],"texture":"#texture"},"west":{"uv":[4.96,0.96,7.04,3.04],"texture":"#texture"},"down":{"uv":[4.96,0.96,7.04,3.04],"texture":"#texture"}}},{"from":[8.25,4.75,5],"to":[8.375,4.875,5.125],"faces":{"east":{"uv":[12.96,0.96,15.04,3.04],"texture":"#texture"}}},{"from":[8.25,4.75,5.125],"to":[8.375,4.875,5.25],"faces":{"east":{"uv":[0.96,8.96,3.04,11.04],"texture":"#texture"}}},{"from":[8.25,4.75,5.25],"to":[8.375,4.875,5.375],"faces":{"east":{"uv":[12.96,0.96,15.04,3.04],"texture":"#texture"}}},{"from":[8.25,4.75,5.375],"to":[8.375,4.875,5.5],"faces":{"east":{"uv":[0.96,8.96,3.04,11.04],"texture":"#texture"}}},{"from":[8.25,4.75,5.5],"to":[8.375,5.125,5.625],"faces":{"north":{"uv":[12.96,0.96,15.04,3.04],"texture":"#texture"},"east":{"uv":[12.96,0.96,15.04,3.04],"texture":"#texture"}}},{"from":[8.25,4.875,5],"to":[8.375,5,5.125],"faces":{"east":{"uv":[0.96,8.96,3.04,11.04],"texture":"#texture"}}},{"from":[8.25,4.875,5.125],"to":[8.375,5,5.25],"faces":{"east":{"uv":[12.96,0.96,15.04,3.04],"texture":"#texture"}}},{"from":[8.25,4.875,5.25],"to":[8.375,5,5.375],"faces":{"east":{"uv":[0.96,8.96,3.04,11.04],"texture":"#texture"}}},{"from":[8.25,4.875,5.375],"to":[8.375,5,5.5],"faces":{"east":{"uv":[12.96,0.96,15.04,3.04],"texture":"#texture"}}},{"from":[8.25,5,5],"to":[8.375,5.125,5.125],"faces":{"east":{"uv":[12.96,0.96,15.04,3.04],"texture":"#texture"}}},{"from":[8.25,5,5.125],"to":[8.375,5.125,5.25],"faces":{"east":{"uv":[0.96,8.96,3.04,11.04],"texture":"#texture"}}},{"from":[8.25,5,5.25],"to":[8.375,5.125,5.375],"faces":{"east":{"uv":[12.96,0.96,15.04,3.04],"texture":"#texture"}}},{"from":[8.25,5,5.375],"to":[8.375,5.125,5.5],"faces":{"east":{"uv":[0.96,8.96,3.04,11.04],"texture":"#texture"}}},{"from":[8.25,5.25,12],"to":[8.5,5.375,12.25],"faces":{"east":{"uv":[4.96,0.96,7.04,3.04],"texture":"#texture"}}},{"from":[8.25,5.375,12],"to":[8.5,5.5,12.25],"faces":{"north":{"uv":[12.96,0.96,15.04,3.04],"texture":"#texture"},"east":{"uv":[12.96,0.96,15.04,3.04],"texture":"#texture"},"west":{"uv":[12.96,0.96,15.04,3.04],"texture":"#texture"},"up":{"uv":[12.96,0.96,15.04,3.04],"texture":"#texture"}}},{"from":[8.25,5.875,14.25],"to":[8.5,6,14.375],"faces":{"north":{"uv":[4.96,8.96,7.04,11.04],"texture":"#texture","cullface":"south"},"east":{"uv":[4.96,8.96,7.04,11.04],"texture":"#texture","cullface":"south"},"south":{"uv":[4.96,8.96,7.04,11.04],"texture":"#texture","cullface":"south"},"west":{"uv":[4.96,8.96,7.04,11.04],"texture":"#texture","cullface":"south"},"up":{"uv":[4.96,8.96,7.04,11.04],"texture":"#texture","cullface":"south"}}},{"from":[8.375,4.625,6.875],"to":[8.5,5.375,7],"faces":{"north":{"uv":[12.96,0.96,15.04,3.04],"texture":"#texture"},"east":{"uv":[12.96,0.96,15.04,3.04],"texture":"#texture"},"south":{"uv":[12.96,0.96,15.04,3.04],"texture":"#texture"},"west":{"uv":[12.96,0.96,15.04,3.04],"texture":"#texture"}}},{"from":[8.375,4.875,10.875],"to":[8.625,5.125,12],"faces":{"east":{"uv":[8.96,0.96,11.04,3.04],"texture":"#texture"},"south":{"uv":[8.96,0.96,11.04,3.04],"texture":"#texture"},"up":{"uv":[8.96,0.96,11.04,3.04],"texture":"#texture"}}},{"from":[8.375,4.875,12],"to":[8.5,5.125,12.5],"faces":{"east":{"uv":[4.96,0.96,7.04,3.04],"texture":"#texture"},"south":{"uv":[4.96,0.96,7.04,3.04],"texture":"#texture"}}},{"from":[8.375,4.875,12.5],"to":[8.875,5,13.125],"faces":{"north":{"uv":[4.96,0.96,7.04,3.04],"texture":"#texture"},"east":{"uv":[4.96,0.96,7.04,3.04],"texture":"#texture"},"south":{"uv":[4.96,0.96,7.04,3.04],"texture":"#texture"},"up":{"uv":[4.96,0.96,7.04,3.04],"texture":"#texture"}}},{"from":[8.375,5,12.5],"to":[8.5,5.375,12.625],"faces":{"north":{"uv":[8.96,0.96,11.04,3.04],"texture":"#texture"},"east":{"uv":[8.96,0.96,11.04,3.04],"texture":"#texture"},"west":{"uv":[8.96,0.96,11.04,3.04],"texture":"#texture"}}},{"from":[8.375,5,12.625],"to":[8.875,5.375,13.125],"faces":{"north":{"uv":[4.96,0.96,7.04,3.04],"texture":"#texture"},"east":{"uv":[4.96,0.96,7.04,3.04],"texture":"#texture"},"south":{"uv":[4.96,0.96,7.04,3.04],"texture":"#texture"},"west":{"uv":[4.96,0.96,7.04,3.04],"texture":"#texture"},"up":{"uv":[4.96,0.96,7.04,3.04],"texture":"#texture"}}},{"from":[8.375,5.125,11.875],"to":[8.625,5.25,12],"faces":{"north":{"uv":[8.96,0.96,11.04,3.04],"texture":"#texture"},"east":{"uv":[8.96,0.96,11.04,3.04],"texture":"#texture"},"south":{"uv":[8.96,0.96,11.04,3.04],"texture":"#texture"}}},{"from":[8.5,2.5,13],"to":[8.625,3.375,13.125],"faces":{"east":{"uv":[4.96,0.96,7.04,3.04],"texture":"#texture"},"south":{"uv":[4.96,0.96,7.04,3.04],"texture":"#texture"}}},{"from":[8.5,2.5,13.125],"to":[8.625,2.625,14.25],"faces":{"east":{"uv":[4.96,0.96,7.04,3.04],"texture":"#texture","cullface":"south"},"up":{"uv":[4.96,0.96,7.04,3.04],"texture":"#texture","cullface":"south"},"down":{"uv":[4.96,0.96,7.04,3.04],"texture":"#texture","cullface":"south"}}},{"from":[8.5,2.625,14.125],"to":[8.625,3.375,14.25],"faces":{"north":{"uv":[4.96,0.96,7.04,3.04],"texture":"#texture","cullface":"south"},"east":{"uv":[4.96,0.96,7.04,3.04],"texture":"#texture","cullface":"south"}}},{"from":[8.5,2.875,13.125],"to":[8.625,3.375,14.125],"faces":{"east":{"uv":[4.96,0.96,7.04,3.04],"texture":"#texture","cullface":"south"}}},{"from":[8.5,3.625,7],"to":[8.625,4,9.25],"faces":{"north":{"uv":[4.96,0.96,7.04,3.04],"texture":"#texture"},"east":{"uv":[4.96,0.96,7.04,3.04],"texture":"#texture"},"up":{"uv":[4.96,0.96,7.04,3.04],"texture":"#texture"},"down":{"uv":[4.96,0.96,7.04,3.04],"texture":"#texture"}}},{"from":[8.5,4.375,7],"to":[8.625,4.5,14.5],"faces":{"north":{"uv":[4.96,4.96,7.04,7.04],"texture":"#texture","cullface":"south"},"east":{"uv":[4.96,4.96,7.04,7.04],"texture":"#texture","cullface":"south"},"down":{"uv":[4.96,4.96,7.04,7.04],"texture":"#texture","cullface":"south"}}},{"from":[8.5,4.875,12],"to":[8.625,5.375,12.125],"faces":{"north":{"uv":[4.96,4.96,7.04,7.04],"texture":"#texture"},"east":{"uv":[4.96,4.96,7.04,7.04],"texture":"#texture"},"south":{"uv":[4.96,4.96,7.04,7.04],"texture":"#texture"},"west":{"uv":[4.96,4.96,7.04,7.04],"texture":"#texture"},"up":{"uv":[4.96,4.96,7.04,7.04],"texture":"#texture"}}},{"from":[8.5,4.875,12.125],"to":[8.875,5,12.5],"faces":{"north":{"uv":[4.96,0.96,7.04,3.04],"texture":"#texture"},"east":{"uv":[4.96,0.96,7.04,3.04],"texture":"#texture"},"up":{"uv":[4.96,0.96,7.04,3.04],"texture":"#texture"}}},{"from":[8.5,5,12.125],"to":[8.625,5.5,12.25],"faces":{"north":{"uv":[12.96,0.96,15.04,3.04],"texture":"#texture"},"east":{"uv":[12.96,0.96,15.04,3.04],"texture":"#texture"},"south":{"uv":[12.96,0.96,15.04,3.04],"texture":"#texture"},"west":{"uv":[12.96,0.96,15.04,3.04],"texture":"#texture"},"up":{"uv":[12.96,0.96,15.04,3.04],"texture":"#texture"}}},{"from":[8.5,5,12.25],"to":[8.625,5.25,12.5],"faces":{"east":{"uv":[12.96,0.96,15.04,3.04],"texture":"#texture"},"south":{"uv":[12.96,0.96,15.04,3.04],"texture":"#texture"},"west":{"uv":[12.96,0.96,15.04,3.04],"texture":"#texture"},"up":{"uv":[12.96,0.96,15.04,3.04],"texture":"#texture"}}},{"from":[8.5,5.125,10.875],"to":[8.625,5.25,11.875],"faces":{"east":{"uv":[8.96,0.96,11.04,3.04],"texture":"#texture"}}},{"from":[8.5,5.25,12.375],"to":[8.625,5.375,12.5],"faces":{"east":{"uv":[12.96,0.96,15.04,3.04],"texture":"#texture"},"south":{"uv":[12.96,0.96,15.04,3.04],"texture":"#texture"}}},{"from":[8.625,3.75,10.75],"to":[8.75,4.125,10.875],"faces":{"east":{"uv":[4.96,4.96,7.04,7.04],"texture":"#texture"},"south":{"uv":[4.96,4.96,7.04,7.04],"texture":"#texture"},"west":{"uv":[4.96,4.96,7.04,7.04],"texture":"#texture"}}},{"from":[8.625,3.75,10.875],"to":[8.75,3.875,11.5],"faces":{"east":{"uv":[4.96,4.96,7.04,7.04],"texture":"#texture"},"up":{"uv":[4.96,4.96,7.04,7.04],"texture":"#texture"}}},{"from":[8.625,3.75,11.5],"to":[8.875,3.875,15],"faces":{"north":{"uv":[12.96,0.96,15.04,3.04],"texture":"#texture","cullface":"south"},"east":{"uv":[12.96,0.96,15.04,3.04],"texture":"#texture","cullface":"south"},"south":{"uv":[12.96,0.96,15.04,3.04],"texture":"#texture","cullface":"south"},"up":{"uv":[12.96,0.96,15.04,3.04],"texture":"#texture","cullface":"south"},"down":{"uv":[12.96,0.96,15.04,3.04],"texture":"#texture","cullface":"south"}}},{"from":[8.625,3.875,11.375],"to":[8.75,4.125,11.5],"faces":{"north":{"uv":[4.96,4.96,7.04,7.04],"texture":"#texture"},"east":{"uv":[4.96,4.96,7.04,7.04],"texture":"#texture"}}},{"from":[8.625,4,9.125],"to":[8.75,4.375,9.25],"faces":{"east":{"uv":[4.96,0.96,7.04,3.04],"texture":"#texture"},"up":{"uv":[4.96,0.96,7.04,3.04],"texture":"#texture"},"down":{"uv":[4.96,0.96,7.04,3.04],"texture":"#texture"}}},{"from":[8.625,4,10.875],"to":[8.75,4.125,11.375],"faces":{"east":{"uv":[4.96,4.96,7.04,7.04],"texture":"#texture"},"west":{"uv":[4.96,4.96,7.04,7.04],"texture":"#texture"},"up":{"uv":[4.96,4.96,7.04,7.04],"texture":"#texture"}}},{"from":[8.625,4.125,10.75],"to":[8.875,4.25,10.875],"faces":{"east":{"uv":[12.96,0.96,15.04,3.04],"texture":"#texture"},"down":{"uv":[12.96,0.96,15.04,3.04],"texture":"#texture"}}},{"from":[8.625,4.125,11],"to":[8.875,4.25,11.25],"faces":{"east":{"uv":[12.96,0.96,15.04,3.04],"texture":"#texture"},"down":{"uv":[12.96,0.96,15.04,3.04],"texture":"#texture"}}},{"from":[8.625,4.125,11.375],"to":[8.875,4.25,11.5],"faces":{"east":{"uv":[12.96,0.96,15.04,3.04],"texture":"#texture"},"down":{"uv":[12.96,0.96,15.04,3.04],"texture":"#texture"}}},{"from":[8.625,4.875,12],"to":[8.875,5,12.125],"faces":{"north":{"uv":[4.96,0.96,7.04,3.04],"texture":"#texture"},"east":{"uv":[4.96,0.96,7.04,3.04],"texture":"#texture"},"up":{"uv":[4.96,0.96,7.04,3.04],"texture":"#texture"}}},{"from":[8.625,5,12.125],"to":[8.75,5.375,12.375],"faces":{"north":{"uv":[8.96,0.96,11.04,3.04],"texture":"#texture"},"east":{"uv":[8.96,0.96,11.04,3.04],"texture":"#texture"},"south":{"uv":[8.96,0.96,11.04,3.04],"texture":"#texture"},"west":{"uv":[8.96,0.96,11.04,3.04],"texture":"#texture"},"up":{"uv":[8.96,0.96,11.04,3.04],"texture":"#texture"}}},{"from":[8.625,5.375,12.125],"to":[8.75,5.5,12.25],"faces":{"north":{"uv":[12.96,0.96,15.04,3.04],"texture":"#texture"},"east":{"uv":[12.96,0.96,15.04,3.04],"texture":"#texture"},"up":{"uv":[12.96,0.96,15.04,3.04],"texture":"#texture"}}},{"from":[8.75,3.875,10.875],"to":[8.875,4,11],"faces":{"north":{"uv":[0.96,8.96,3.04,11.04],"texture":"#texture"},"east":{"uv":[0.96,8.96,3.04,11.04],"texture":"#texture"},"up":{"uv":[0.96,8.96,3.04,11.04],"texture":"#texture"},"down":{"uv":[0.96,8.96,3.04,11.04],"texture":"#texture"}}},{"from":[8.75,3.875,11],"to":[8.875,4,11.25],"faces":{"east":{"uv":[8.96,0.96,11.04,3.04],"texture":"#texture"},"up":{"uv":[8.96,0.96,11.04,3.04],"texture":"#texture"},"down":{"uv":[8.96,0.96,11.04,3.04],"texture":"#texture"}}},{"from":[8.75,3.875,11.25],"to":[8.875,4,11.375],"faces":{"east":{"uv":[0.96,8.96,3.04,11.04],"texture":"#texture"},"south":{"uv":[0.96,8.96,3.04,11.04],"texture":"#texture"},"up":{"uv":[0.96,8.96,3.04,11.04],"texture":"#texture"},"down":{"uv":[0.96,8.96,3.04,11.04],"texture":"#texture"}}},{"from":[8.75,4.375,13],"to":[9,4.5,13.5],"faces":{"north":{"uv":[0.96,8.96,3.04,11.04],"texture":"#texture"},"east":{"uv":[0.96,8.96,3.04,11.04],"texture":"#texture"},"south":{"uv":[0.96,8.96,3.04,11.04],"texture":"#texture","cullface":"south"},"west":{"uv":[0.96,8.96,3.04,11.04],"texture":"#texture"},"up":{"uv":[0.96,8.96,3.04,11.04],"texture":"#texture"},"down":{"uv":[0.96,8.96,3.04,11.04],"texture":"#texture"}}},{"from":[8.75,4.625,14],"to":[8.875,5.375,14.125],"faces":{"north":{"uv":[4.96,0.96,7.04,3.04],"texture":"#texture","cullface":"south"},"east":{"uv":[4.96,0.96,7.04,3.04],"texture":"#texture","cullface":"south"},"south":{"uv":[4.96,0.96,7.04,3.04],"texture":"#texture","cullface":"south"},"up":{"uv":[4.96,0.96,7.04,3.04],"texture":"#texture","cullface":"south"},"down":{"uv":[4.96,0.96,7.04,3.04],"texture":"#texture","cullface":"south"}}},{"from":[8.75,4.875,10.875],"to":[8.875,5,11],"faces":{"east":{"uv":[4.96,0.96,7.04,3.04],"texture":"#texture"},"south":{"uv":[4.96,0.96,7.04,3.04],"texture":"#texture"},"west":{"uv":[4.96,0.96,7.04,3.04],"texture":"#texture"},"up":{"uv":[4.96,0.96,7.04,3.04],"texture":"#texture"}}},{"from":[8.75,4.875,11.625],"to":[8.875,5,12],"faces":{"north":{"uv":[4.96,0.96,7.04,3.04],"texture":"#texture"},"east":{"uv":[4.96,0.96,7.04,3.04],"texture":"#texture"},"west":{"uv":[4.96,0.96,7.04,3.04],"texture":"#texture"},"up":{"uv":[4.96,0.96,7.04,3.04],"texture":"#texture"}}},{"from":[8.75,5,12.125],"to":[8.875,5.125,12.625],"faces":{"north":{"uv":[4.96,0.96,7.04,3.04],"texture":"#texture"},"east":{"uv":[4.96,0.96,7.04,3.04],"texture":"#texture"},"west":{"uv":[4.96,0.96,7.04,3.04],"texture":"#texture"},"up":{"uv":[4.96,0.96,7.04,3.04],"texture":"#texture"},"down":{"uv":[4.96,0.96,7.04,3.04],"texture":"#texture"}}},{"from":[8.875,4,13],"to":[9,4.375,13.5],"faces":{"north":{"uv":[0.96,8.96,3.04,11.04],"texture":"#texture"},"east":{"uv":[0.96,8.96,3.04,11.04],"texture":"#texture"},"south":{"uv":[0.96,8.96,3.04,11.04],"texture":"#texture","cullface":"south"}}}],"display":{"thirdperson_righthand":{"translation":[0,4.25,-4],"scale":[0.83,0.85,0.85]},"thirdperson_lefthand":{"translation":[0,4.25,-4],"scale":[0.83,0.85,0.85]},"firstperson_righthand":{"translation":[0,5.5,-2],"scale":[0.8,0.8,0.81]},"firstperson_lefthand":{"translation":[0,5.5,-2],"scale":[0.8,0.8,0.81]},"ground":{"rotation":[0,0,90],"translation":[0,-15,0],"scale":[2.5,2.5,2.5]},"gui":{"rotation":[-19,-121,-12],"translation":[0,4.5,0]},"fixed":{"rotation":[0,90,0],"translation":[0,2,0],"scale":[1.15,1.15,1.15]}}}